Plant,gid,Brix,Dry_matter,a,Time_processed
GS1_1.01,GS1_1,13.3,17.8723404255,32.5694118685,5
GS1_1.02,GS1_1,10.7,15.46875,26.4906323005,5
GS1_1.03,GS1_1,12.8,20.3533568905,32.139784854,5
GS1_1.04,GS1_1,12,15.9604519774,31.7655612231,5
GS1_1.05,GS1_1,13,22.6720647773,30.5870135095,5
GS1_1.06,GS1_1,12.8,17.5591531756,34.6860823731,5
GS1_2.01,GS1_2,10.7,15.3649167734,25.7173558096,9
GS1_2.02,GS1_2,12,15.5161881491,25.8957239916,9
GS1_2.03,GS1_2,11,15.1307596513,26.3093043114,9
GS1_2.04,GS1_2,12.4,15.1515151515,25.3904932692,9
GS1_2.05,GS1_2,12.8,19.4278903456,27.1389647118,9
GS1_2.06,GS1_2,12,15.0187734668,29.3588233758,9
GS1_3.01,GS1_3,11.3,14.519293656,28.1036974052,11
GS1_3.02,GS1_3,11.9,16.6146158651,26.5718076234,11
GS1_3.03,GS1_3,12.2,14.2392717815,30.299502091,11
GS1_3.04,GS1_3,12.3,16.3265306122,32.333714682,11
GS1_3.05,GS1_3,13.2,20.8274894811,27.57919658,11
GS1_3.06,GS1_3,12,15.9214092141,27.9790785334,11
GS1_4.01,GS1_4,12.2,18.1818181818,27.1919181679,5
GS1_4.02,GS1_4,11.6,16.5542611895,26.3666298601,5
GS1_4.03,GS1_4,7.8,11.6534472239,25.4390956052,5
GS1_4.04,GS1_4,11.8,14.4040790312,25.3041720695,5
GS1_4.05,GS1_4,11.2,14.4429160935,26.380862988,5
GS1_4.06,GS1_4,10.5,13.4591194969,25.4171051815,5
GS1_5.01,GS1_5,11.4,19.6169088507,24.9992364496,7
GS1_5.02,GS1_5,13.3,20.2380952381,25.9352193241,7
GS1_5.03,GS1_5,10.2,14.3861892583,28.2909778888,7
GS1_5.04,GS1_5,12.8,15.5852417303,28.5201223259,7
GS1_5.05,GS1_5,11,15.5263157895,27.6783878783,7
GS1_5.06,GS1_5,11.4,13.963963964,30.2157114274,7
GS1_6.01,GS1_6,11,13.3648728563,23.9806984604,6
GS1_6.02,GS1_6,10,12.6557377049,26.2751117053,6
GS1_6.03,GS1_6,11.8,16.4606376057,26.4845823947,6
GS1_6.04,GS1_6,10.1,14.4466534129,25.2338148979,6
GS1_6.05,GS1_6,11,16.2866449511,26.9584778188,6
GS1_6.06,GS1_6,12.5,19.7253433208,22.5418058604,6
GS1_7.04,GS1_7,11.4,15.3465346535,28.2737331167,6
GS1_7.05,GS1_7,13,21.0178453404,23.9610220704,6
GS1_7.06,GS1_7,13.3,13.8713745271,30.8433050788,6
GS1_8.01,GS1_8,11.4,18.1132075472,26.9228046524,6
GS1_8.01,GS1_8,10.6,14.1009852217,26.1459728209,9
GS1_8.02,GS1_8,11.7,14.1123882503,25.3197517188,6
GS1_8.02,GS1_8,10.7,12.3448275862,25.2709938708,9
GS1_8.03,GS1_8,11.2,18.0746561886,24.4142790809,6
GS1_8.04,GS1_8,9.9,10.5620753552,27.8101111463,6
GS1_8.05,GS1_8,10.5,13.5403726708,26.9482168256,6
GS1_8.06,GS1_8,10.5,14.6198830409,25.4851748032,6
GS1_9.01,GS1_9,15,19.0807799443,37.3727529522,13
GS1_9.02,GS1_9,14.5,17.8825048418,35.2491943905,13
GS1_9.03,GS1_9,14.2,18.6904005086,33.5986271138,13
GS1_9.04,GS1_9,12.3,15.2555910543,31.4848160868,13
GS1_9.05,GS1_9,14,18.2767624021,35.3835828406,13
GS1_9.06,GS1_9,13,17.1621621622,29.5078015267,13
GS1_10.01,GS1_10,12.3,15.2788388083,24.6402982818,2
GS1_10.02,GS1_10,9.4,13.7419354839,23.3636172012,2
GS1_10.03,GS1_10,11.3,12.6288659794,24.1100349734,2
GS1_10.04,GS1_10,10.7,12.323491656,24.0246664245,2
GS1_10.05,GS1_10,11.5,13.6629798308,24.6046250009,2
GS1_10.06,GS1_10,10.6,11.3753213368,23.7056936821,2
GS1_11.01,GS1_11,12.9,15.6037991859,30.2247668882,9
GS1_11.02,GS1_11,12.4,15.4806491885,27.3917172992,9
GS1_11.03,GS1_11,11.5,14.7574123989,29.4913494606,9
GS1_11.04,GS1_11,12.6,17.0998632011,31.2546473976,9
GS1_11.05,GS1_11,10.5,15.1797603196,28.8579783757,9
GS1_11.06,GS1_11,13.2,16.364902507,25.2116120652,9
GS1_12.01,GS1_12,12.8,19.1335740072,28.1756479985,4
GS1_12.02,GS1_12,11.8,18.5616438356,25.7246936896,4
GS1_12.03,GS1_12,6.1,15.5089820359,28.9383737662,4
GS1_12.04,GS1_12,8,9.8730606488,31.1456132968,4
GS1_12.05,GS1_12,8.8,17.8816199377,26.8734306077,4
GS1_12.06,GS1_12,10.3,15.9742120344,27.2595754214,4
GS1_13.01,GS1_13,14,16.3554410818,34.0171596645,13
GS1_13.02,GS1_13,12.6,15.6471345782,33.8780590869,13
GS1_13.03,GS1_13,15,17.9436804191,35.2883911728,13
GS1_13.04,GS1_13,13.6,16.2094763092,33.6049623114,13
GS1_14.01,GS1_14,10,13.7404580153,28.9142992033,1
GS1_14.02,GS1_14,11.4,14.6978021978,27.4261875647,1
GS1_14.03,GS1_14,11.3,12.4301675978,28.8005629175,1
GS1_14.04,GS1_14,12.8,14.5239749826,29.9653082126,1
GS1_14.05,GS1_14,11.6,13.9777468707,31.880831151,1
GS1_14.06,GS1_14,10.5,12.7052105639,29.3884592971,1
GS1_15.01,GS1_15,12.8,17.2631578947,29.9181996054,11
GS1_15.02,GS1_15,14.5,17.0454545455,34.0156546583,11
GS1_15.03,GS1_15,12.8,19.2932862191,25.5541701394,11
GS1_15.04,GS1_15,13,14.8771929825,31.9232884417,11
GS1_15.05,GS1_15,13.5,20.5443940376,29.1965677951,11
GS1_15.06,GS1_15,12.9,16.2943495401,28.429034001,11
GS1_16.01,GS1_16,12.4,15.6824146982,29.3912610713,9
GS1_16.02,GS1_16,11.8,17.1819262782,29.9959172817,9
GS1_16.03,GS1_16,12.6,15.3540701522,30.027598458,9
GS1_16.04,GS1_16,11.7,17.6735218509,26.1699920493,9
GS1_16.05,GS1_16,12.8,19.5431472081,24.6102679311,9
GS1_16.06,GS1_16,13.8,16.8335419274,33.8971666646,9
GS1_17.01,GS1_17,10.1,13.2802124834,28.8929032442,9
GS1_17.02,GS1_17,12.1,15.0920245399,28.3139732915,9
GS1_17.03,GS1_17,10.1,15.0955021565,28.2655634841,9
GS1_17.04,GS1_17,10.7,15.0344827586,31.623245776,9
GS1_17.05,GS1_17,11.7,14.990266061,28.2488245218,9
GS1_17.06,GS1_17,10.8,14.0779907469,30.2020465248,9
GS1_18.01,GS1_18,12.8,17.3708920188,29.9600699076,9
GS1_18.02,GS1_18,12.2,15.6438026474,28.8229979639,9
GS1_18.03,GS1_18,10.9,14.8546144121,30.854279934,9
GS1_18.04,GS1_18,9.7,14.3593045718,29.4595734505,9
GS1_18.05,GS1_18,13.4,19.3742478941,27.6775265572,9
GS1_18.06,GS1_18,13.2,19.1627358491,27.4968620204,9
GS1_19.01,GS1_19,12.5,15.2849740933,30.967097102,6
GS1_19.02,GS1_19,10.4,15.849777212,27.8811600913,6
GS1_19.03,GS1_19,9.5,16.6121648136,29.3689307801,6
GS1_19.04,GS1_19,13.8,16.5927802407,30.099166172,6
GS1_19.05,GS1_19,8.6,13.3202099738,33.2453574186,6
GS1_19.06,GS1_19,12.4,15.015576324,29.6748395928,6
GS1_20.01,GS1_20,11.7,16.5217391304,26.7171542969,8
GS1_20.02,GS1_20,11.2,16.3945133899,24.0814618028,8
GS1_20.03,GS1_20,12.6,16.2692847125,25.0049961266,8
GS1_20.04,GS1_20,14.4,19.4010416667,29.2849536701,8
GS1_20.05,GS1_20,12.1,18.3608640407,27.3330563406,8
GS1_20.06,GS1_20,12.8,17.1466845278,29.8180452113,8
GS1_21.01,GS1_21,12.2,10.7400130976,21.74802019,7
GS1_21.02,GS1_21,11.4,14.1276041667,22.8220965979,7
GS1_21.03,GS1_21,11.3,13.7508069722,23.4161308621,7
GS1_21.04,GS1_21,9.9,13.8237159163,23.7587844213,7
GS1_21.05,GS1_21,11.4,14.1650422352,24.8879814916,7
GS1_21.06,GS1_21,11.8,15.6329113924,23.1355139501,7
GS1_22.01,GS1_22,7.5,7.8995713411,26.7039013854,9
GS1_22.02,GS1_22,9.9,14.2767295597,28.8598773892,9
GS1_22.03,GS1_22,10.5,12.9380053908,27.0405909422,9
GS1_22.04,GS1_22,10.2,11.88599151,24.3474264833,9
GS1_22.05,GS1_22,9.9,15.7626037013,28.8560407836,9
GS1_22.06,GS1_22,10.1,11.3493064313,24.4518796943,9
GS1_23.01,GS1_23,11.7,14.2672692059,27.7566146255,13
GS1_23.02,GS1_23,10.5,14.4212523719,27.8192372506,13
GS1_23.03,GS1_23,8.2,9.4844048377,29.6589908922,13
GS1_23.04,GS1_23,11,12.3803446075,28.4120889644,13
GS1_23.05,GS1_23,10.2,12.786259542,27.4479164303,13
GS1_23.06,GS1_23,11.1,16.0485933504,24.2588741213,13
GS1_24.01,GS1_24,10,15.7859078591,28.961424777,1
GS1_24.02,GS1_24,10.2,15.7697121402,23.8804587006,1
GS1_24.03,GS1_24,9.8,14.6112600536,25.5146541883,1
GS1_24.04,GS1_24,14.8,16.2073490814,24.5233203313,1
GS1_24.05,GS1_24,14.1,14.6437994723,24.3329110588,1
GS1_24.06,GS1_24,12.8,13.868159204,24.5343738932,1
GS1_25.01,GS1_25,11,13.0136986301,23.728730712,10
GS1_25.02,GS1_25,8.8,9.7791798107,24.3962794298,10
GS1_25.03,GS1_25,11.6,14.3979057592,25.3018583589,10
GS1_25.04,GS1_25,9.9,13.1547619048,27.0958467469,10
GS1_25.05,GS1_25,12.6,15.695681974,25.1911806594,10
GS1_25.06,GS1_25,12.8,15.3008962868,24.6206898911,10
GS1_26.01,GS1_26,13.4,17.1655467318,27.9697372928,7
GS1_26.02,GS1_26,13,15.7407407407,30.4187945098,7
GS1_26.03,GS1_26,13.8,17.8082191781,27.2793762854,7
GS1_26.04,GS1_26,13.1,16.4141414141,28.2373395524,7
GS1_26.05,GS1_26,13,15.859030837,27.9000346103,7
GS1_26.06,GS1_26,13.6,17.5895765472,26.7085280372,7
GS1_27.01,GS1_27,14.3,17.5427069645,27.3818610258,6
GS1_27.02,GS1_27,12.5,14.1861937935,24.7331833027,6
GS1_27.03,GS1_27,9.2,14.6771037182,26.833594226,6
GS1_27.04,GS1_27,11.7,14.6467919637,25.3341291617,6
GS1_27.05,GS1_27,11,14.9616368286,28.4196769939,6
GS1_27.06,GS1_27,11.3,13.7908915972,26.2486311411,6
GS1_28.01,GS1_28,16.1,19.3227091633,32.7744027794,13
GS1_28.02,GS1_28,13.9,20.4330175913,32.4795232886,13
GS1_28.03,GS1_28,15.3,19.2207792208,31.7214510326,13
GS1_29.01,GS1_29,11.8,13.7388926863,26.5294458838,1
GS1_29.02,GS1_29,10.7,16.3265306122,26.9379550732,1
GS1_29.03,GS1_29,12.7,15.5423280423,28.447547502,1
GS1_29.04,GS1_29,13.4,17.1974522293,28.5165631986,1
GS1_29.05,GS1_29,8.8,14.7247119078,27.8347897334,1
GS1_29.06,GS1_29,10.6,16.0224438903,26.3696184122,1
GS1_30.01,GS1_30,11.4,15.4057771664,27.4903028238,1
GS1_30.02,GS1_30,7.5,15.6934306569,26.8037465337,1
GS1_30.03,GS1_30,9.4,12.925170068,28.1151501279,1
GS1_30.04,GS1_30,11.4,15.8018867925,28.8999242353,1
GS1_30.05,GS1_30,10.3,13.8439915671,27.7038968088,1
GS1_30.06,GS1_30,11.1,14.5443196005,29.2503374604,1
GS1_31.01,GS1_31,8.8,18.8987083617,27.4218163904,8
GS1_31.02,GS1_31,11.1,18.6518324607,26.1173335915,8
GS1_31.03,GS1_31,11.7,13.75,29.2934767474,8
GS1_31.04,GS1_31,12.4,16.3278688525,28.4192506407,8
GS1_31.05,GS1_31,10.8,13.7539432177,30.4948951322,8
GS1_31.06,GS1_31,9.4,11.3183279743,31.53637322,8
GS1_32.01,GS1_32,12.1,15.3230769231,30.5784946295,6
GS1_32.02,GS1_32,12.7,14.7766323024,33.0185716862,6
GS1_32.03,GS1_32,11.7,13.02578019,32.9664174638,6
GS1_32.04,GS1_32,11.2,14.9272612271,29.9831389853,6
GS1_32.05,GS1_32,8.8,14.8474576271,33.8223211019,6
GS1_32.06,GS1_32,11.6,14.0749846343,31.6072541832,6
GS1_33.01,GS1_33,13.2,16.3742690058,30.1757068017,10
GS1_33.02,GS1_33,12,14.7077713552,30.2189642476,10
GS1_33.03,GS1_33,13,16.1403508772,31.426300486,10
GS1_33.04,GS1_33,11.3,14.2061281337,30.8573535921,10
GS1_33.05,GS1_33,12.2,14.741318214,30.4399247357,10
GS1_33.06,GS1_33,11.3,14.4479495268,29.4526932414,10
GS1_34.01,GS1_34,12,16.2612035851,29.6415735279,9
GS1_34.02,GS1_34,11.4,15.1238591917,31.1489255583,9
GS1_34.03,GS1_34,12.4,14.3209876543,31.7439852336,9
GS1_34.04,GS1_34,13.4,19.9305555556,30.8265923897,9
GS1_34.05,GS1_34,11.8,12.3704215619,32.1098056297,9
GS1_34.06,GS1_34,10.8,14.6341463415,30.0122889695,9
GS1_35.01,GS1_35,11.1,14.1340411413,21.3656829481,5
GS1_35.02,GS1_35,10.5,12.7038043478,27.9194194997,5
GS1_35.03,GS1_35,9.7,11.2621359223,25.2094887744,5
GS1_35.04,GS1_35,10.5,13.3816743573,20.6666758698,5
GS1_35.05,GS1_35,8.9,11.2649465072,24.6206745977,5
GS1_35.06,GS1_35,12.7,14.8242811502,25.094983051,5
GS1_36.01,GS1_36,12.9,14.6060606061,23.8691354027,8
GS1_36.02,GS1_36,11.8,13.0293159609,23.955252096,8
GS1_36.03,GS1_36,12.2,14.7255689424,25.5285216279,8
GS1_36.04,GS1_36,11.7,14.6374829001,26.1507827368,8
GS1_36.05,GS1_36,11.3,14.431586113,25.8516602146,8
GS1_36.06,GS1_36,10.3,12.7824858757,26.0614214002,8
GS1_37.01,GS1_37,12.8,14.9346608587,29.9921984264,11
GS1_37.02,GS1_37,10,11.8824265166,33.5908357789,11
GS1_37.03,GS1_37,12.4,15.5417956656,30.5414419167,11
GS1_37.04,GS1_37,10,12.7182044888,28.1943017024,11
GS1_37.05,GS1_37,11.8,13.6026936027,30.0992477603,11
GS1_37.06,GS1_37,13.1,17.9797979798,31.1203319043,11
GS1_38.01,GS1_38,11.6,17.1970209885,25.9672645412,8
GS1_38.02,GS1_38,11.9,16.911295469,27.6239888237,8
GS1_38.03,GS1_38,12,23.6138290933,26.0670989333,8
GS1_38.04,GS1_38,10,17.5524475524,17.2371402159,8
GS1_38.05,GS1_38,10.9,15.3594771242,26.9863542555,8
GS1_38.06,GS1_38,11.6,16.7002012072,26.9737061395,8
GS1_39.01,GS1_39,12.6,15.8354114713,32.5456532615,8
GS1_39.02,GS1_39,14.7,24.0482233503,29.5209443499,8
GS1_39.03,GS1_39,13.4,20.0395517469,28.9976448304,8
GS1_39.04,GS1_39,14.8,24.8883216337,31.8093182676,8
GS1_39.05,GS1_39,10,12.6255380201,27.4794168347,8
GS1_39.06,GS1_39,12.3,17.8988326848,30.9404915104,8
GS1_40.01,GS1_40,10.3,16.4017800381,32.2499670395,9
GS1_40.02,GS1_40,13.1,15.4811715481,31.086237299,9
GS1_40.03,GS1_40,13.6,18.0923076923,31.2173365028,9
GS1_40.05,GS1_40,14,21.4539007092,29.059015985,9
GS1_40.06,GS1_40,13.7,17.4177831912,33.2641487979,9
GS1_41.01,GS1_41,12.5,16.5436654367,26.7673901688,9
GS1_41.01,GS1_41,11.8,15.4335719968,28.1858294018,13
GS1_41.02,GS1_41,12,15.4354354354,21.3808318691,9
GS1_41.02,GS1_41,11.3,15.9841479524,28.9737227302,13
GS1_41.03,GS1_41,11.5,15.4534606205,18.8255250567,9
GS1_41.03,GS1_41,11.8,15.340547422,26.6770881781,13
GS1_41.04,GS1_41,12.5,17.422748192,28.1528672497,13
GS1_41.05,GS1_41,11.6,15.6792339916,26.3411565534,9
GS1_41.05,GS1_41,13,15.8163265306,29.3933138063,13
GS1_41.06,GS1_41,12.1,14.1460234681,26.2309182073,13
GS1_43.01,GS1_43,14.2,17.116524029,27.6196199039,11
GS1_43.01,GS1_43,13.1,15.7793457344,27.8822829376,12
GS1_43.02,GS1_43,14,17.4757281553,28.7766603341,11
GS1_43.02,GS1_43,13.2,16.9122807018,28.3457068328,12
GS1_43.03,GS1_43,14.5,19.1082802548,30.7493107734,11
GS1_43.03,GS1_43,12.9,14.6747352496,28.2299000632,12
GS1_43.04,GS1_43,13.4,14.5625,31.3067022894,11
GS1_43.04,GS1_43,12.3,17.0025188917,30.7656245504,12
GS1_43.05,GS1_43,13.3,15.3419593346,27.6061798075,11
GS1_43.06,GS1_43,11.8,14.4595561918,27.9654340959,11
GS1_44.01,GS1_44,12.6,14.6103896104,30.1468565047,6
GS1_44.02,GS1_44,12.8,15.0649350649,30.6911738015,6
GS1_44.03,GS1_44,10.8,13.3863485752,26.056276102,6
GS1_44.04,GS1_44,11.1,11.7496807152,30.7729705762,6
GS1_44.05,GS1_44,11.9,14.2207792208,27.6760665516,6
GS1_44.06,GS1_44,9.8,18.1703470032,29.6576930398,6
GS1_45.01,GS1_45,12.2,18.0816591056,26.903372481,8
GS1_45.02,GS1_45,12.8,20.7520891365,28.2977121281,8
GS1_45.03,GS1_45,11.7,16.0383386581,28.2456857697,8
GS1_45.04,GS1_45,11.6,14.9004495825,28.9625167001,8
GS1_45.05,GS1_45,12.2,20.5018359853,27.7767785018,8
GS1_45.06,GS1_45,9.7,12.8681177977,26.5370609052,8
GS1_46.01,GS1_46,11.1,14.4119646499,30.6257124087,10
GS1_46.02,GS1_46,9.5,10.9756097561,27.8815232667,10
GS1_46.03,GS1_46,11.4,13.7419354839,28.9194663359,10
GS1_46.04,GS1_46,10.6,15.2101400934,33.5894784444,10
GS1_46.05,GS1_46,11.3,14.9303251493,26.748272521,10
GS1_46.06,GS1_46,11.5,14.0025575448,30.0042515381,10
GS1_47.01,GS1_47,11.5,14.332460733,28.6600966327,4
GS1_47.02,GS1_47,10,12.9654255319,27.4743148187,4
GS1_47.03,GS1_47,9.6,16.4564943253,28.9149228717,4
GS1_47.04,GS1_47,11,14.2246642247,28.1171858934,4
GS1_47.05,GS1_47,11.7,13.9368671828,26.1605297973,4
GS1_47.06,GS1_47,11.9,14.1748942172,27.5671128232,4
GS1_48.01,GS1_48,11.3,16.3239875389,24.1122817629,7
GS1_48.02,GS1_48,12.5,20.3473945409,27.5304773271,7
GS1_48.03,GS1_48,12.7,16.4031620553,25.3205130335,7
GS1_48.04,GS1_48,11.4,15.7684630739,23.7936856941,7
GS1_48.05,GS1_48,9.7,12.7686472819,23.689983684,7
GS1_48.06,GS1_48,9.7,15.3008962868,25.7023413611,7
GS1_49.01,GS1_49,10.8,13.9016897081,26.5163610593,2
GS1_49.02,GS1_49,11.8,14.9654643131,27.1556735014,2
GS1_49.03,GS1_49,11,14.1993957704,28.9822116144,2
GS1_49.04,GS1_49,11.6,15.6224572823,27.9648571009,2
GS1_49.05,GS1_49,12.1,15.4302670623,26.341190833,2
GS1_49.06,GS1_49,11.7,15.7056145675,25.717462564,2
GS1_50.01,GS1_50,12.6,14.1479099678,30.7799243656,10
GS1_50.02,GS1_50,11,12.4833997344,32.3100546589,10
GS1_50.03,GS1_50,11.5,14.915693904,31.9586328007,10
GS1_50.04,GS1_50,10.9,15.503875969,35.8855188036,10
GS1_50.05,GS1_50,10.9,11.9821542384,31.2570895104,10
GS1_50.06,GS1_50,13.5,19.6143617021,31.3832705997,10
GS1_51.01,GS1_51,11.5,15.0730411687,26.2843087836,1
GS1_51.02,GS1_51,11.4,17.6347095871,28.4169909958,1
GS1_51.03,GS1_51,11.9,17.4468085106,29.0487077746,1
GS1_51.04,GS1_51,11.6,16.0727824109,31.2025241475,1
GS1_51.05,GS1_51,11.4,17.2077922078,30.233076076,1
GS1_51.06,GS1_51,10.3,16.1814488829,27.9326880343,1
GS1_52.01,GS1_52,12.2,16.1111111111,27.5203133609,8
GS1_52.02,GS1_52,12.8,15.6583629893,28.6116448052,8
GS1_52.03,GS1_52,12,18.7992722862,29.1479433643,8
GS1_52.04,GS1_52,11.9,15.0889679715,29.0152626529,8
GS1_52.05,GS1_52,5.1,6.5420560748,14.6235465156,8
GS1_52.06,GS1_52,12,15.3027278776,32.5874760994,8
GS1_53.01,GS1_53,10.7,15.9574468085,29.6552057266,8
GS1_53.02,GS1_53,11.6,14.4670050761,29.5835632212,8
GS1_53.03,GS1_53,11.1,13.1897711978,26.7643108581,8
GS1_53.04,GS1_53,11.8,16.1401098901,28.1881812249,8
GS1_53.05,GS1_53,12.4,16.9023136247,28.5210174631,8
GS1_53.06,GS1_53,11,17.5816993464,28.2362723479,8
GS1_54.01,GS1_54,13,17.4939467312,28.7596271393,9
GS1_54.02,GS1_54,12.8,15.6186612576,30.6882365103,9
GS1_54.03,GS1_54,15.2,22.6567349472,26.8860728807,9
GS1_54.04,GS1_54,12.4,14.6788990826,28.5204598207,9
GS1_54.05,GS1_54,12.4,15.6387665198,30.0382866633,9
GS1_54.06,GS1_54,10.1,14.7474747475,30.1013996017,9
GS1_55.01,GS1_55,10.9,14.2691415313,23.760375173,8
GS1_55.02,GS1_55,8.9,11.241065627,27.8879402342,8
GS1_55.03,GS1_55,11.7,14.9645390071,28.1141286467,8
GS1_55.04,GS1_55,11.1,13.2578281146,30.6316334246,8
GS1_55.05,GS1_55,12.4,16.290726817,26.0166920983,8
GS1_55.06,GS1_55,10.3,13.7355584082,26.5081475692,8
GS1_56.01,GS1_56,13.9,16.2642947903,30.8278801211,9
GS1_56.02,GS1_56,14.7,16.0579345088,30.3588012331,9
GS1_56.03,GS1_56,11.4,14.1216216216,30.5022182066,9
GS1_56.04,GS1_56,13.5,16.4057608015,30.7084825469,9
GS1_56.05,GS1_56,13.9,20.0723327306,32.8650086531,9
GS1_56.06,GS1_56,13.1,19.362597715,30.9877439707,9
GS1_57.01,GS1_57,12.5,15.2294853964,33.2547764267,10
GS1_57.02,GS1_57,12.7,17.054751416,33.8284301572,10
GS1_57.03,GS1_57,8.8,13.3660331085,33.0168821559,10
GS1_57.04,GS1_57,14.2,21.1229946524,30.4868179674,10
GS1_57.05,GS1_57,12.7,16.2081784387,34.3531355853,10
GS1_58.01,GS1_58,14.2,17.5606641124,31.5883284506,7
GS1_58.02,GS1_58,13.5,16.0077770577,33.2261650352,7
GS1_58.03,GS1_58,14.2,18.8251001335,32.5074180195,7
GS1_58.04,GS1_58,13.1,15.7963446475,30.1931769093,7
GS1_58.05,GS1_58,13,15.6182212581,30.070806885,7
GS1_58.06,GS1_58,12.4,16.4743589744,31.2640951453,7
GS1_59.01,GS1_59,11.7,12.9824561404,31.695923945,5
GS1_59.02,GS1_59,13.6,20.1702685003,31.6276445393,5
GS1_59.03,GS1_59,11.4,13.9222614841,32.9398680751,5
GS1_59.04,GS1_59,11,15.0436953808,34.3344411363,5
GS1_59.05,GS1_59,10.7,12.2635355512,34.496661799,5
GS1_59.06,GS1_59,9.4,11.5284974093,32.8168392413,5
GS1_60.01,GS1_60,12.4,14.0385894877,29.3639787181,10
GS1_60.02,GS1_60,13.3,13.7590520079,27.8799093851,10
GS1_60.03,GS1_60,9,11.1601513241,27.5747443775,10
GS1_60.04,GS1_60,11.6,12.2617534943,28.9828835459,10
GS1_60.05,GS1_60,12.8,14.8391332896,29.52673377,10
GS1_60.06,GS1_60,11.8,12.1344119477,26.2600973421,10
GS1_61.01,GS1_61,11.1,16.8707482993,28.6435398784,10
GS1_61.02,GS1_61,11.2,15.3068105192,28.9004492329,10
GS1_61.03,GS1_61,11.8,13.0615065653,27.6186061503,10
GS1_61.04,GS1_61,12.8,15.840893231,26.8111968577,10
GS1_61.05,GS1_61,11.6,12.6444159178,24.917479088,10
GS1_61.06,GS1_61,14.2,18.3098591549,28.7211315274,10
GS1_62.01,GS1_62,11.3,12.7860026918,27.4629115874,1
GS1_62.02,GS1_62,9.5,13.8064516129,28.286388217,1
GS1_62.03,GS1_62,11.2,13.5488308116,28.6726050772,1
GS1_62.04,GS1_62,12.7,17.0776818742,27.3629375917,1
GS1_62.05,GS1_62,11.3,13.3424098026,30.393629676,1
GS1_62.06,GS1_62,11.7,18.1520314548,25.7723941908,1
GS1_63.01,GS1_63,10.1,14.3359100492,27.6277625882,8
GS1_63.02,GS1_63,12.6,16.5156794425,28.0554075557,8
GS1_63.03,GS1_63,13,17.6065162907,24.8124774031,8
GS1_63.04,GS1_63,11,15.5048859935,27.6387890364,8
GS1_63.05,GS1_63,11.9,15.0069156293,26.6892146432,8
GS1_63.06,GS1_63,11.3,15.6480859637,24.2973390987,8
GS1_64.01,GS1_64,11.2,14.5712443585,29.8858862967,6
GS1_64.02,GS1_64,11.4,13.2947976879,29.0565399488,6
GS1_64.03,GS1_64,12.9,15.8907510863,25.8795985601,6
GS1_64.04,GS1_64,12,16.6562304321,27.2134676151,6
GS1_64.05,GS1_64,12.5,14.8053605616,28.432735302,6
GS1_64.06,GS1_64,8,16.6251556663,29.2606649706,6
GS1_65.01,GS1_65,10.9,12.3923127899,24.88863567,10
GS1_65.02,GS1_65,11.2,13.1263232181,26.7624564323,10
GS1_65.03,GS1_65,10.5,12,25.1965867405,10
GS1_65.04,GS1_65,10.2,12.2081387592,24.6305191714,10
GS1_65.05,GS1_65,10.7,11.6164720344,26.8824446464,10
GS1_65.06,GS1_65,10.6,12.0576671035,22.9485778018,10
GS1_66.01,GS1_66,11.4,14.2007926024,28.891809764,8
GS1_66.02,GS1_66,11.6,13.7862796834,25.0847330798,8
GS1_66.03,GS1_66,14.5,17.2268907563,28.2431424687,8
GS1_66.04,GS1_66,12.6,15.0614091791,28.1507969276,8
GS1_66.05,GS1_66,12,14.9185667752,25.2348626928,8
GS1_66.06,GS1_66,13.1,16.411238825,27.3915622007,8
GS1_67.01,GS1_67,12.4,14.0977443609,29.517751963,11
GS1_67.02,GS1_67,13.2,14.629258517,31.0607446416,11
GS1_67.03,GS1_67,13,14.5220588235,31.0164245874,11
GS1_67.04,GS1_67,12.3,13.868065967,28.0782515238,11
GS1_67.05,GS1_67,11.1,14.3049026192,29.4108533461,11
GS1_67.06,GS1_67,11.8,13.5636596289,28.5046239674,11
GS1_68.01,GS1_68,12.1,17.5920149719,29.8767021725,13
GS1_68.02,GS1_68,13.4,16.7660702452,29.5045345177,13
GS1_68.03,GS1_68,12.3,14.2947903431,28.7949256816,13
GS1_68.04,GS1_68,10.6,14.2764857881,29.3610767424,13
GS1_68.05,GS1_68,12.2,15.2431011827,29.0204638314,13
GS1_69.01,GS1_69,13.8,16.8495803744,33.0666864715,10
GS1_69.02,GS1_69,13.9,16.9432918396,32.7342300318,10
GS1_69.03,GS1_69,13.9,16.6783461808,33.5286391302,10
GS1_69.04,GS1_69,12.6,16.8395363026,33.4552022307,10
GS1_69.05,GS1_69,14.2,17.5130208333,36.0429656722,10
GS1_69.06,GS1_69,14.5,18.2104599874,34.3166475421,10
GS1_70.01,GS1_70,11.2,13.4864546525,26.0430358938,4
GS1_70.02,GS1_70,11.1,14.7058823529,25.024787914,4
GS1_70.03,GS1_70,10.1,12.0098039216,27.2115554211,4
GS1_70.04,GS1_70,9.9,14.2757660167,25.8611311894,4
GS1_70.05,GS1_70,11.8,15.1006711409,26.0163536114,4
GS1_70.06,GS1_70,10.3,12.591119947,27.7342679498,4
GS1_71.01,GS1_71,13,15.3846153846,29.0853347683,13
GS1_71.02,GS1_71,13.9,17.1299288946,28.9682854211,13
GS1_71.03,GS1_71,12.7,17.935483871,31.1339930667,13
GS1_71.04,GS1_71,13.9,17.3606662396,27.8890442759,13
GS1_71.05,GS1_71,14.3,17.2255095332,28.9087798548,13
GS1_71.06,GS1_71,13.6,15.6088082902,30.2968918356,13
GS1_72.01,GS1_72,15.1,20.5298013245,34.4796168097,10
GS1_72.02,GS1_72,13.8,17.0077628793,33.2520527011,10
GS1_72.03,GS1_72,5.6,6.2251655629,32.0365009537,10
GS1_72.04,GS1_72,14.9,18.0802103879,20.257029017,10
GS1_72.05,GS1_72,9.1,18.7045604759,33.9982792119,10
GS1_72.06,GS1_72,15.2,17.0268500327,34.2281145173,10
GS1_73.01,GS1_73,11.8,13.4035087719,24.0341757248,10
GS1_73.02,GS1_73,11.4,13.3187772926,21.2853229695,10
GS1_73.03,GS1_73,8.9,10.0350877193,27.2244982261,10
GS1_73.04,GS1_73,11.3,14.2312579416,27.0512492506,10
GS1_73.05,GS1_73,9.2,12.1168923735,26.6972819742,10
GS1_73.06,GS1_73,11.7,13.2903225806,21.4478096575,10
GS1_74.01,GS1_74,10.9,13.3682830931,29.2003208517,13
GS1_74.02,GS1_74,10,12.4195624196,30.8254232403,13
GS1_74.03,GS1_74,10.8,13.7450199203,27.3276023419,13
GS1_74.04,GS1_74,10.9,12.4256444151,30.2701189408,13
GS1_74.05,GS1_74,10.5,10.809102402,28.8345842014,13
GS1_75.01,GS1_75,11.2,13.7732222934,30.4973394538,5
GS1_75.02,GS1_75,12.9,20.2263083451,30.4880228362,5
GS1_75.03,GS1_75,11.8,15.8105403602,31.4240261321,5
GS1_75.04,GS1_75,11.5,16.5371024735,29.9577816147,5
GS1_75.05,GS1_75,12.1,14.2422398052,30.8819993257,5
GS1_75.06,GS1_75,11.3,14.6500981033,30.0062323189,5
GS1_76.01,GS1_76,10.6,12.7450980392,24.7765518687,8
GS1_76.02,GS1_76,11,17.2262773723,29.2939161884,8
GS1_76.03,GS1_76,13.5,14.8242811502,27.3495856398,8
GS1_76.04,GS1_76,12.6,17.9314976494,26.9089162907,8
GS1_76.05,GS1_76,10.9,14.3521594684,29.7070302081,8
GS1_76.06,GS1_76,12.1,14.2405063291,27.2518154518,8
GS1_77.01,GS1_77,11.2,14.6164021164,26.2766073242,1
GS1_77.02,GS1_77,12,15.371024735,27.2875748168,1
GS1_77.03,GS1_77,14.2,17.2715894869,28.0293155949,1
GS1_77.04,GS1_77,12,15.8163265306,31.0303914163,1
GS1_77.05,GS1_77,12.3,14.6403564609,27.6449766643,1
GS1_77.06,GS1_77,11.8,16.355983163,26.5787904863,1
GS1_78.01,GS1_78,11.4,14.2958244869,28.7958958206,1
GS1_78.02,GS1_78,10.6,13.3470225873,28.2623321841,1
GS1_78.03,GS1_78,12.1,19.2142857143,31.7568808216,1
GS1_78.04,GS1_78,12.2,15.6771180787,31.0356739169,1
GS1_78.05,GS1_78,11,13.3940182055,29.7165391627,1
GS1_78.06,GS1_78,11.3,13.5313531353,28.8559523878,1
GS1_79.01,GS1_79,12.8,16.0469667319,27.5303584088,10
GS1_79.02,GS1_79,10.4,11.9680851064,32.4486606432,10
GS1_79.03,GS1_79,14,15.2749490835,32.4054978529,10
GS1_79.04,GS1_79,13.6,18.150917743,29.0529037588,10
GS1_79.05,GS1_79,13.8,14.2287234043,33.0567575317,10
GS1_79.06,GS1_79,12.5,16.254180602,30.6146060478,10
GS1_80.01,GS1_80,11.9,16.9375,28.9813417197,1
GS1_80.02,GS1_80,9.3,11.2551159618,29.4877111243,1
GS1_80.03,GS1_80,10.9,16.1680458307,26.7684391759,1
GS1_80.04,GS1_80,11.5,15.9898477157,29.9551580211,1
GS1_80.05,GS1_80,10.7,19.2704748796,25.6189455098,1
GS1_80.06,GS1_80,10.7,13.1193300768,28.9714229118,1
GS1_81.01,GS1_81,11.6,12.5566343042,28.365519606,7
GS1_81.02,GS1_81,9.8,13.7795275591,25.9263549787,7
GS1_81.03,GS1_81,10,13.597359736,27.336083647,7
GS1_81.04,GS1_81,11.6,13.8221933809,29.1386036236,7
GS1_81.05,GS1_81,12.1,14.7713226205,28.1377542489,7
GS1_81.06,GS1_81,11.8,15.1746031746,28.1344534467,7
GS1_82.01,GS1_82,12.1,18.022121015,24.5889707928,6
GS1_82.02,GS1_82,13.1,15.4911838791,26.5792472039,6
GS1_82.03,GS1_82,9.6,13.8728323699,25.5494452732,6
GS1_82.04,GS1_82,11.5,16.3021868787,23.7273613548,6
GS1_82.05,GS1_82,13.1,17.5449871465,24.0880148521,6
GS1_82.06,GS1_82,12.2,18.0051813472,22.5290276763,6
GS1_83.01,GS1_83,12.4,18.988173456,29.4640375217,13
GS1_83.02,GS1_83,11.7,14.3236074271,30.1024778499,13
GS1_83.03,GS1_83,11.8,14.304041052,30.388858684,13
GS1_83.04,GS1_83,12.7,18.8786373314,29.330672522,13
GS1_83.05,GS1_83,11.8,14.5643693108,32.1984341858,13
GS1_83.06,GS1_83,11.2,13.0714285714,31.0620471452,13
GS1_84.01,GS1_84,9.9,15.2131147541,21.1826573759,1
GS1_84.01,GS1_84,12.2,15.4150197628,24.3806421244,6
GS1_84.02,GS1_84,13.2,14.4206549118,24.7606745517,1
GS1_84.02,GS1_84,10.3,13.3377571334,24.052893715,6
GS1_84.03,GS1_84,12.9,15.7055214724,24.3771783103,1
GS1_84.03,GS1_84,13,17.0654911839,25.8591105594,6
GS1_84.04,GS1_84,12.3,18.0116204003,22.3207213506,1
GS1_84.04,GS1_84,13.6,19.0885072655,25.1946809493,6
GS1_84.05,GS1_84,12.5,14.7592245153,24.3421021795,1
GS1_84.05,GS1_84,13.4,16.0593792173,25.6402234755,6
GS1_84.06,GS1_84,12.3,19.801980198,23.7345389182,1
GS1_84.06,GS1_84,14,16.4425427873,25.7563343427,6
GS1_86.01,GS1_86,11.7,17.6864244742,25.1432759635,7
GS1_86.02,GS1_86,11.6,14.1555711282,25.1697256125,7
GS1_86.03,GS1_86,12.1,18.6507936508,26.0766775252,7
GS1_86.04,GS1_86,12.2,18.6372745491,26.9506271656,7
GS1_87.01,GS1_87,11.4,16.0416666667,28.5436344807,5
GS1_87.02,GS1_87,11.9,18.4946236559,29.7040383998,5
GS1_87.03,GS1_87,10.6,16.6233766234,31.8672125717,5
GS1_87.04,GS1_87,12.4,16.1805555556,27.8729247282,5
GS1_87.05,GS1_87,13.3,15.695681974,29.9950709066,5
GS1_87.06,GS1_87,11.8,14.9214659686,30.5453636898,5
GS1_88.01,GS1_88,10.7,14.0926640927,29.1901500962,9
GS1_88.02,GS1_88,10.1,12.6666666667,28.0239832706,9
GS1_88.03,GS1_88,11,13.8853503185,30.9536384115,9
GS1_88.04,GS1_88,11.5,13.921690491,30.1771439223,9
GS1_88.05,GS1_88,11.1,13.7931034483,29.0922363584,9
GS1_88.06,GS1_88,10.7,14.302812687,29.744909959,9
GS1_89.01,GS1_89,14,20.7333333333,30.5009784371,6
GS1_89.02,GS1_89,13.6,15.7310302283,28.698648209,6
GS1_89.03,GS1_89,13.3,16.4021164021,29.7544127187,6
GS1_89.04,GS1_89,13,16.6117336849,28.7629145857,6
GS1_89.05,GS1_89,13.4,16.7003367003,30.4316532969,6
GS1_89.06,GS1_89,13,18.5893210283,27.3494020904,6
GS1_90.01,GS1_90,12,16.5652467884,27.0907178983,1
GS1_90.02,GS1_90,13.3,15.543071161,26.273165207,1
GS1_90.03,GS1_90,11.9,14.0445644835,27.7861171738,1
GS1_90.04,GS1_90,12.1,14.5804676754,26.3049734127,1
GS1_90.05,GS1_90,10.8,14.4882860666,26.4734516162,1
GS1_90.06,GS1_90,13.3,13.2225913621,28.6437572125,1
GS1_91.01,GS1_91,13.7,16.0777385159,32.9918460607,9
GS1_91.02,GS1_91,12.3,15.692124105,28.2559334343,9
GS1_91.03,GS1_91,13.6,16.3903061224,29.4484942944,9
GS1_91.04,GS1_91,12.4,15.7966101695,30.4540876668,9
GS1_91.05,GS1_91,13.8,16.8532704773,28.6982792577,9
GS1_91.06,GS1_91,13.9,16.7264038232,31.9343836032,9
GS1_92.01,GS1_92,12.7,15.5365371955,26.6573088355,7
GS1_92.02,GS1_92,13,16.3870967742,26.7838190623,7
GS1_92.03,GS1_92,13,17.666232073,27.7889114823,7
GS1_92.04,GS1_92,12.8,15.4903185509,26.7514691062,7
GS1_92.05,GS1_92,13.8,17.4887892377,26.9220298261,7
GS1_92.06,GS1_92,11.8,14.6674953387,27.072746971,7
GS1_93.01,GS1_93,13.8,16.8260038241,29.9280272373,13
GS1_93.02,GS1_93,13.2,16.0598179454,27.6337220826,13
GS1_93.03,GS1_93,13.3,17.0568561873,29.3907735964,13
GS1_93.04,GS1_93,11.3,13.5626216742,25.5298206921,13
GS1_93.05,GS1_93,12.6,15.5927835052,28.8264578543,13
GS1_93.06,GS1_93,13.1,17.0432537121,27.8652557823,13
GS1_94.01,GS1_94,12.7,14.5431145431,28.4358446772,7
GS1_94.02,GS1_94,12.2,14.157014157,28.0195978493,7
GS1_94.03,GS1_94,11.5,15.4300722259,28.533905725,7
GS1_94.04,GS1_94,12.3,14.8744365744,28.7350177369,7
GS1_94.05,GS1_94,12.6,14.7882736156,29.5117759567,7
GS1_94.06,GS1_94,11.5,15.5183116077,30.1766590682,7
GS1_95.02,GS1_95,10.5,13.4337727558,30.6418792177,11
GS1_95.04,GS1_95,10.5,13.9367816092,27.4785741064,11
GS1_95.05,GS1_95,11.6,13.7414116177,29.110981723,11
GS1_95.06,GS1_95,11.7,13.5333333333,28.4555009458,11
GS1_96.01,GS1_96,11.6,15.0586701434,32.01029943,13
GS1_96.02,GS1_96,11.8,16.2018592297,28.5295793827,13
GS1_96.03,GS1_96,13.6,16.7948717949,32.0182434652,13
GS1_96.04,GS1_96,12.8,16.4254247955,28.6531344495,13
GS1_96.05,GS1_96,12.9,19.0903267136,26.9725703576,13
GS1_96.06,GS1_96,12.7,17.8856382979,30.1880470532,13
GS1_97.01,GS1_97,13.8,15.8505154639,29.5576992957,11
GS1_97.02,GS1_97,13.6,16.9878658101,32.0716201863,11
GS1_97.03,GS1_97,13.6,17.7991581479,30.7451270077,11
GS1_97.04,GS1_97,12.1,15.0412087912,28.0359789709,11
GS1_97.05,GS1_97,13.2,16.3879598662,28.1455401968,11
GS1_97.06,GS1_97,14.2,17.7283653846,30.3583345995,11
GS1_98.01,GS1_98,14.1,17.5068119891,31.7926085587,10
GS1_98.02,GS1_98,12.7,14.4602851324,29.1053653937,10
GS1_98.03,GS1_98,12.4,15.5934343434,30.4477284691,10
GS1_98.04,GS1_98,11.9,16.4872139973,27.1948430955,10
GS1_98.05,GS1_98,10.1,14.8121899362,30.0353029251,10
GS1_98.06,GS1_98,13.8,16.6436464088,28.0087097161,10
GS1_99.01,GS1_99,12.8,17.7593889243,24.5397657336,6
GS1_99.02,GS1_99,12.3,14.9358974359,26.680101376,6
GS1_99.03,GS1_99,11.5,15.595162317,27.7207080459,6
GS1_99.04,GS1_99,12,15.6801007557,27.8110093572,6
GS1_99.05,GS1_99,9.3,15.2574698029,26.1053531669,6
GS1_99.06,GS1_99,10.6,14.4841269841,25.9343060974,6
GS1_100.01,GS1_100,10.5,13.2978723404,31.4432310138,11
GS1_100.02,GS1_100,11.1,12.306501548,32.5071597984,11
GS1_100.03,GS1_100,12.7,13.8966480447,31.4664743157,11
GS1_100.04,GS1_100,13.5,15.2014652015,33.773123006,11
GS1_100.05,GS1_100,13.2,13.730255164,28.6965754352,11
GS1_100.06,GS1_100,10.3,12.7272727273,28.6705060995,11
GS1_101.01,GS1_101,13.2,16.5184243964,31.3521152943,10
GS1_101.02,GS1_101,12.4,16.1103047896,30.653213702,10
GS1_101.03,GS1_101,14.1,15.3846153846,30.1711350719,10
GS1_101.04,GS1_101,14.1,16.7645140248,31.1348543956,10
GS1_101.05,GS1_101,14,15.9943382873,32.8049567487,10
GS1_101.06,GS1_101,13.8,15.1034482759,30.9405211352,10
GS1_102.01,GS1_102,12.8,14.7807637907,23.499762495,2
GS1_102.02,GS1_102,11.8,16.4122137405,23.1334731611,2
GS1_102.03,GS1_102,12.1,14.6187775677,26.9805112661,2
GS1_102.04,GS1_102,13.3,20.819112628,29.0525062032,2
GS1_102.05,GS1_102,12.3,14.888337469,26.2023020234,2
GS1_102.06,GS1_102,13.2,16.6555183946,25.4343946316,2
GS1_103.01,GS1_103,12.7,18.1992337165,28.3692818264,5
GS1_103.02,GS1_103,11.4,13.3240804997,31.2937754227,5
GS1_103.03,GS1_103,11.4,14.2153413089,27.8743965635,5
GS1_103.04,GS1_103,12.4,15.6375838926,30.8383524932,5
GS1_103.05,GS1_103,13.1,14.8906139732,29.5386543245,5
GS1_103.06,GS1_103,11.5,15.3261557948,33.6430928163,5
GS1_104.01,GS1_104,14.5,16.8016194332,31.2765641716,10
GS1_104.02,GS1_104,11.8,14.6807109941,29.2426744807,10
GS1_104.03,GS1_104,10.9,12.4129195693,29.832774335,10
GS1_104.04,GS1_104,11.8,13.7029955386,33.5879124753,10
GS1_104.05,GS1_104,13.4,16.6551485833,27.8190656948,10
GS1_104.06,GS1_104,10.9,11.6429495472,31.0154875488,10
GS1_105.01,GS1_105,12.3,16.1179698217,28.1981340549,1
GS1_105.02,GS1_105,11.1,12.188365651,28.8334476436,1
GS1_105.03,GS1_105,12.9,16.7464114833,27.1272979712,1
GS1_105.04,GS1_105,13.3,15.5161078238,28.6540704689,1
GS1_105.05,GS1_105,13.6,16.3448275862,31.515243068,1
GS1_105.06,GS1_105,11.7,14.196372733,27.8554726628,1
GS1_106.01,GS1_106,11.1,13.6427566807,23.42627436,5
GS1_106.02,GS1_106,10.8,13.0347593583,23.3037580205,5
GS1_106.03,GS1_106,8.5,12.2762148338,23.8027127485,5
GS1_106.04,GS1_106,11.1,11.9237861094,23.1526636717,5
GS1_107.01,GS1_107,12.6,13.7362637363,24.4496154613,2
GS1_107.02,GS1_107,10.4,11.9242902208,25.5232727172,2
GS1_107.03,GS1_107,9.9,10.6277190802,25.2301325731,2
GS1_107.04,GS1_107,10.8,13.6194029851,28.6876651482,2
GS1_107.05,GS1_107,11.2,11.8339100346,22.8020183962,2
GS1_107.06,GS1_107,10.3,11.3268608414,25.5734215455,2
GS1_108.01,GS1_108,9.8,14.9152542373,29.4810841224,5
GS1_108.02,GS1_108,11.7,13.470790378,29.5664754036,5
GS1_108.03,GS1_108,11.4,15.2287581699,29.0098257307,5
GS1_108.04,GS1_108,11.8,15.6154317208,30.7218191099,5
GS1_108.05,GS1_108,9.3,14.8097826087,31.8796777226,5
GS1_108.06,GS1_108,12.5,14.2953020134,30.1530980112,5
GS1_109.01,GS1_109,12.6,16.411238825,29.9914881,13
GS1_109.02,GS1_109,11.3,13.2450331126,25.4210409104,13
GS1_109.03,GS1_109,10.9,12.3251165889,24.3542139716,13
GS1_109.04,GS1_109,11.6,13.0463576159,25.5682333968,13
GS1_109.05,GS1_109,13.3,14.6260754467,29.0253701686,13
GS1_109.06,GS1_109,9.7,11.8871725991,25.5613137642,13
GS1_110.01,GS1_110,10.4,13.2793017456,23.6059516928,10
GS1_110.02,GS1_110,11.9,14.1268803139,24.5469645002,10
GS1_110.03,GS1_110,11.3,15.7790927022,25.0702665571,10
GS1_110.04,GS1_110,9.1,10.4262295082,22.448008005,10
GS1_110.05,GS1_110,10.3,12.6174496644,25.9502877035,10
GS1_110.06,GS1_110,12.3,16.1558109834,25.5209388772,10
GS1_111.01,GS1_111,11.2,13.1228070175,25.764864834,6
GS1_111.02,GS1_111,11.8,13.3995037221,24.9323351262,6
GS1_111.03,GS1_111,11.4,12.5566343042,20.9881349391,6
GS1_111.04,GS1_111,10.3,11.9641714651,18.8828950623,6
GS1_111.05,GS1_111,11.2,14.4832126399,21.0226975458,6
GS1_111.06,GS1_111,11.1,13.9645776567,23.1203578598,6
GS1_112.01,GS1_112,9.9,13.7909709338,25.2897500095,1
GS1_112.02,GS1_112,10.6,13.5135135135,25.0571735159,1
GS1_112.03,GS1_112,10.3,13.1561892417,25.1156287976,1
GS1_112.04,GS1_112,11.5,14.8765432099,27.7717221521,1
GS1_112.05,GS1_112,10.8,13.829787234,24.714420062,1
GS1_112.06,GS1_112,10.8,13.0847029077,24.9503768791,1
GS1_113.01,GS1_113,13.2,15.9903089037,29.0448893942,2
GS1_113.02,GS1_113,9.6,16.0054719562,34.2753585624,2
GS1_113.03,GS1_113,10.8,16.0073037127,29.7733097868,2
GS1_113.04,GS1_113,12.7,15.3121319199,30.1709822997,2
GS1_113.05,GS1_113,11.7,16.3291966035,28.7693345036,2
GS1_113.06,GS1_113,8.9,15.8895705521,31.9410907965,2
GS1_114.01,GS1_114,11.9,14.401076716,30.9697313033,13
GS1_114.02,GS1_114,12.1,14.2118863049,29.06904907,13
GS1_114.03,GS1_114,11.9,14.6825396825,31.3695265594,13
GS1_114.04,GS1_114,11.4,14.3041237113,31.8377400242,13
GS1_114.05,GS1_114,12,14.6830530401,30.4933906924,13
GS1_114.06,GS1_114,12,14.0093395597,31.5066157025,13
GS1_115.01,GS1_115,11.2,14.0052356021,24.0411384081,4
GS1_115.02,GS1_115,9.1,13.1614654003,20.077133218,4
GS1_115.03,GS1_115,11,12.9931972789,20.8634972841,4
GS1_116.01,GS1_116,11.3,16.1434977578,27.2440222752,9
GS1_116.02,GS1_116,11.9,17.7922077922,22.8723940991,9
GS1_116.03,GS1_116,13.1,17.3974540311,24.7640776529,9
GS1_116.04,GS1_116,11.5,14.9025069638,26.7132472649,9
GS1_116.05,GS1_116,12.2,16.2775616083,26.4873999843,9
GS1_116.06,GS1_116,11.5,11.7647058824,24.428851667,9
GS1_117.01,GS1_117,10.1,15.2749490835,22.2915831973,2
GS1_117.02,GS1_117,11.1,15.4639175258,25.5361707527,2
GS1_117.03,GS1_117,10.2,13.9401654997,25.3352369564,2
GS1_117.04,GS1_117,10.9,13.6671177267,24.3602232932,2
GS1_117.05,GS1_117,10.9,14.8502994012,25.6259224968,2
GS1_117.06,GS1_117,10.8,14.7223955084,23.1357823094,2
GS1_118.01,GS1_118,11.4,13.3826496301,29.4214750347,8
GS1_118.02,GS1_118,12.9,19.72098922,28.2448822616,8
GS1_118.03,GS1_118,11.4,16.0080375084,30.1614534573,8
GS1_118.04,GS1_118,9.5,13.3608815427,32.036348099,8
GS1_118.05,GS1_118,12.9,16.3369495852,29.1269467492,8
GS1_118.06,GS1_118,11.8,13.1826741996,29.9375685396,8
GS1_119.01,GS1_119,8.9,17.175066313,29.2956619421,8
GS1_119.02,GS1_119,11.7,15.4205607477,27.7656054845,8
GS1_119.03,GS1_119,11.2,13.5205747877,29.7303450141,8
GS1_119.04,GS1_119,11.8,15.4285714286,30.838416117,8
GS1_119.05,GS1_119,12.1,17.5513092711,27.7557606357,8
GS1_119.06,GS1_119,12.1,14.4689950107,30.0148941014,8
GS1_120.01,GS1_120,10.7,15.0919467343,24.4534758532,11
GS1_120.03,GS1_120,10.6,14.2147734327,25.1907879824,11
GS1_120.04,GS1_120,10.7,13.6059479554,25.0793766192,11
GS1_120.05,GS1_120,11.6,13.3720930233,25.4341899789,11
GS1_120.06,GS1_120,11.6,14.9090909091,25.7273241062,11
GS1_121.01,GS1_121,12,14.1922825376,29.7514429644,13
GS1_121.02,GS1_121,10.6,13.1716906946,24.150138802,13
GS1_121.03,GS1_121,12.5,13.1962864721,26.4593332554,13
GS1_121.04,GS1_121,11.2,14.9761742682,26.3346302628,13
GS1_121.05,GS1_121,11.2,15.145631068,27.5000360479,13
GS1_121.06,GS1_121,10.3,11.7724867725,27.3394398954,13
GS1_122.01,GS1_122,10.1,13.7908061292,26.0387247572,7
GS1_122.02,GS1_122,12.1,18.9083820663,30.0777691617,7
GS1_122.03,GS1_122,14,18.9579409918,30.89860246,7
GS1_122.04,GS1_122,14,20.7816377171,24.6707446684,7
GS1_122.06,GS1_122,12.4,14.0992167102,26.0910695329,7
GS1_123.01,GS1_123,11.3,15.2297042165,26.0457080595,13
GS1_123.02,GS1_123,11.1,13.1767775603,27.6719347494,13
GS1_123.03,GS1_123,11,13.0322580645,26.0670963783,13
GS1_123.04,GS1_123,11.4,14.9155033064,26.8784432612,13
GS1_123.05,GS1_123,11.5,14.0779907469,25.3502640264,13
GS1_123.06,GS1_123,11.6,14.6825396825,26.4166377785,13
GS1_124.01,GS1_124,9.9,11.9605425401,31.9300103617,9
GS1_124.02,GS1_124,12.5,14.0425531915,33.4138306857,9
GS1_124.03,GS1_124,10.7,11.9626168224,31.9014078641,9
GS1_124.04,GS1_124,10,11.7952041478,32.6024680694,9
GS1_124.05,GS1_124,10.1,11.0635696822,32.1298504482,9
GS1_125.01,GS1_125,10.5,12.6226291694,26.3124581447,1
GS1_125.02,GS1_125,11.1,13.6486486486,25.7101538098,1
GS1_125.03,GS1_125,11,14.3229166667,24.9158906739,1
GS1_125.04,GS1_125,10.7,16.5656565657,17.1590192453,1
GS1_125.05,GS1_125,10.8,19.170632223,19.2200500289,1
GS1_125.06,GS1_125,11.3,13.8574283811,25.5096059221,1
GS1_126.01,GS1_126,9.6,11.3145846959,23.5506825678,1
GS1_126.02,GS1_126,10.8,14.8427672956,22.9215581716,1
GS1_126.03,GS1_126,12.7,18.0381830151,27.2955782514,1
GS1_126.04,GS1_126,9.8,12.5686813187,24.0165478557,1
GS1_126.05,GS1_126,12.8,21.6465578424,23.6814971654,1
GS1_126.06,GS1_126,11.2,14.1737032569,24.3135794767,1
GS1_127.01,GS1_127,13.5,17.5507531107,19.6427036381,10
GS1_127.02,GS1_127,11.8,12.984364378,26.512723731,10
GS1_127.03,GS1_127,12.2,15.8428390368,17.8556295796,10
GS1_127.04,GS1_127,12,14.0410958904,27.9750199853,10
GS1_127.05,GS1_127,12.3,15.4199475066,25.0468761289,10
GS1_127.06,GS1_127,13,19.2513368984,21.4818617488,10
GS1_128.01,GS1_128,10.7,12.5654450262,25.9738306924,13
GS1_128.02,GS1_128,10,12.5161290323,30.6934918936,13
GS1_128.03,GS1_128,12,17.4706649283,30.5658879111,13
GS1_128.04,GS1_128,10.3,12.9834254144,29.6233521044,13
GS1_128.05,GS1_128,10.8,12.5520110957,32.1466436441,13
GS1_128.06,GS1_128,11,14.1016463851,30.8505552301,13
GS1_129.01,GS1_129,12.2,14.6728354263,26.0450410849,10
GS1_129.02,GS1_129,12.8,14.5732130465,29.3897629293,10
GS1_129.03,GS1_129,11.7,13.2140399174,30.1296046907,10
GS1_129.04,GS1_129,12.2,14.069591528,29.6572200662,10
GS1_129.05,GS1_129,12,12.8240109141,28.7960527827,10
GS1_129.06,GS1_129,11.1,13.1210191083,27.1232419206,10
GS1_130.01,GS1_130,12.8,15.5283505155,29.6354350617,13
GS1_130.02,GS1_130,11.9,13.8419986496,26.9124451758,13
GS1_130.03,GS1_130,13.5,19.5592286501,29.9538433955,13
GS1_130.04,GS1_130,12.5,15.910543131,29.1731024729,13
GS1_130.05,GS1_130,13.9,20.2979515829,32.9534006076,13
GS1_130.06,GS1_130,10.8,15.8860759494,31.3875637954,13
GS1_131.01,GS1_131,12,15.564738292,25.5853553912,2
GS1_131.02,GS1_131,11.1,16.8241965974,27.6095149068,2
GS1_131.03,GS1_131,8.2,10.9022556391,27.2953167616,2
GS1_131.04,GS1_131,11.5,12.9921259843,29.2309614121,2
GS1_131.05,GS1_131,12.7,14.5631067961,28.8763221984,2
GS1_131.06,GS1_131,9.5,11.7063492063,27.3780846327,2
GS1_132.01,GS1_132,10,12.7906976744,31.0148560688,9
GS1_132.02,GS1_132,12.3,16.6112956811,31.5054156903,9
GS1_132.03,GS1_132,10.2,18.2148040639,30.5198337248,9
GS1_132.04,GS1_132,11.8,15.4371584699,30.0525706633,9
GS1_132.05,GS1_132,13.9,19.2605843769,31.7236940968,9
GS1_132.06,GS1_132,11.4,13.9936102236,32.5154736831,9
GS1_133.01,GS1_133,10.3,14.4237405107,27.4217222555,6
GS1_133.02,GS1_133,12.4,17.1201061712,25.6730212762,6
GS1_133.03,GS1_133,11.3,16.7763157895,24.0495811399,6
GS1_133.04,GS1_133,11.5,16.0702667534,28.6253023525,6
GS1_133.05,GS1_133,11.4,15.6785243742,27.1813574944,6
GS1_133.06,GS1_133,11.4,14.0520896426,27.5448414905,6
GS1_134.01,GS1_134,12.8,16.323907455,30.5071551229,6
GS1_134.02,GS1_134,12.2,16.2232316677,29.959598374,6
GS1_134.03,GS1_134,14.2,18.730933496,31.7918403725,6
GS1_134.04,GS1_134,13.1,19.1176470588,31.292765412,6
GS1_134.05,GS1_134,11.3,15.1327980235,30.7654793744,6
GS1_134.06,GS1_134,11.4,11.9174434088,22.6645401085,6
GS1_135.01,GS1_135,12.3,17.6056338028,23.9861993508,1
GS1_135.02,GS1_135,12.1,15.9951159951,22.6116506959,1
GS1_135.03,GS1_135,10.6,14.5527369826,23.9892303369,1
GS1_135.04,GS1_135,11.9,13.7191157347,26.817066764,1
GS1_135.05,GS1_135,10.5,13.6690647482,25.5924857604,1
GS1_135.06,GS1_135,11.6,13.4411947729,24.5414691373,1
GS1_136.01,GS1_136,10.4,11.1906310995,33.3450557408,13
GS1_136.02,GS1_136,12.4,15.762925599,32.7016447784,13
GS1_136.03,GS1_136,9.6,10.7003891051,33.9241056771,13
GS1_136.04,GS1_136,12.7,15.8466453674,30.321705351,13
GS1_136.05,GS1_136,12.3,14.2300194932,33.6766851632,13
GS1_136.06,GS1_136,9.8,11.3784135241,32.2897507515,13
GS1_137.01,GS1_137,11.8,15.742642026,24.3728468345,5
GS1_137.02,GS1_137,12.5,15.0740242261,23.9103879256,5
GS1_137.03,GS1_137,12,14.7038801906,23.9070971153,5
GS1_137.04,GS1_137,10.2,14.0575079872,25.1417571939,5
GS1_137.05,GS1_137,10.6,14.5394736842,24.1191350171,5
GS1_137.06,GS1_137,10.7,13.6194029851,23.6793710922,5
GS1_138.01,GS1_138,10,13.2914046122,28.4564889923,4
GS1_138.02,GS1_138,11,18.935208438,29.039545598,4
GS1_138.03,GS1_138,11.6,8.8199513382,25.7520183806,4
GS1_138.04,GS1_138,11,13.0392474862,26.8991718299,4
GS1_138.05,GS1_138,11.7,14.4633809304,30.1248012831,4
GS1_138.06,GS1_138,11.5,15.3479125249,30.2910640898,4
GS1_139.01,GS1_139,9.2,12.2206703911,27.5218549765,1
GS1_139.02,GS1_139,10.6,12.7809890816,24.7238942357,1
GS1_139.03,GS1_139,10.2,12.5790139064,29.2777045477,1
GS1_139.04,GS1_139,10.6,11.4195583596,26.4349405186,1
GS1_139.05,GS1_139,10.9,14.1176470588,26.3226976898,1
GS1_139.06,GS1_139,11.4,13.4601832276,27.0941110157,1
GS1_140.01,GS1_140,13.9,15.8957654723,29.8601682124,11
GS1_140.02,GS1_140,14.7,18.4005661713,34.6081067367,11
GS1_140.03,GS1_140,14.5,14.0387275242,29.0232335734,11
GS1_140.04,GS1_140,13.6,17.2610556348,32.234429032,11
GS1_140.05,GS1_140,14,17.7459526775,29.64431236,11
GS1_141.01,GS1_141,10,14.5299145299,27.1875130383,9
GS1_141.02,GS1_141,12.6,15.5650319829,27.311697795,9
GS1_141.03,GS1_141,10.3,13.1926121372,27.2607704886,9
GS1_141.04,GS1_141,10.6,14.2857142857,26.6306795201,9
GS1_141.05,GS1_141,9,12.4057573681,29.1524286056,9
GS1_141.06,GS1_141,11.7,15.2387181164,28.4061103713,9
GS1_142.01,GS1_142,11.3,14.598540146,29.7784367872,13
GS1_142.02,GS1_142,11.9,14.4444444444,29.4595767139,13
GS1_142.03,GS1_142,12.1,16.4383561644,30.656368127,13
GS1_142.04,GS1_142,8,9.1636363636,29.1398006212,13
GS1_142.05,GS1_142,10.6,12.2207621551,30.2298166177,13
GS1_142.06,GS1_142,12.2,14.2950391645,27.882701221,13
GS1_143.01,GS1_143,13,14.3306096794,29.2624236295,13
GS1_143.02,GS1_143,12.5,15.9344262295,28.7094599936,13
GS1_143.03,GS1_143,10.2,12,28.1912480635,13
GS1_143.04,GS1_143,13.1,14.9281698938,29.4012897148,13
GS1_143.05,GS1_143,11.4,18.8376753507,30.3921830464,13
GS1_143.06,GS1_143,12.6,16.6952054795,34.1157127401,13
GS1_144.01,GS1_144,11.6,16.2114014252,27.37817232,5
GS1_144.02,GS1_144,11.4,14.9397590361,30.3216809459,5
GS1_144.03,GS1_144,13,19.5005945303,29.2771069385,5
GS1_144.04,GS1_144,11.3,14.9689440994,31.5600617448,5
GS1_144.05,GS1_144,11.8,15.9609120521,28.9124383577,5
GS1_144.06,GS1_144,13.3,17.9676985195,29.9648455833,5
GS1_145.01,GS1_145,11.5,16.9654289373,31.4392136149,5
GS1_145.02,GS1_145,11.9,16.4420485175,31.8438698307,5
GS1_145.03,GS1_145,11,15.5303030303,32.0239105222,5
GS1_145.04,GS1_145,9.9,12.9986244842,32.7968962004,5
GS1_145.05,GS1_145,10.8,16.2971839425,27.4599513364,5
GS1_145.06,GS1_145,10.5,12.5848241826,32.9605267096,5
GS1_146.01,GS1_146,9.9,11.9047619048,24.975544609,4
GS1_146.02,GS1_146,10.9,14.5442792502,31.9820021192,4
GS1_146.03,GS1_146,10.6,12.1786197564,25.1218103038,4
GS1_146.04,GS1_146,9.5,14.5278450363,29.0928593874,4
GS1_146.05,GS1_146,11.1,15.0094996833,28.5182553583,4
GS1_146.06,GS1_146,12,14.175257732,27.8254654855,4
GS1_147.01,GS1_147,14,16.3043478261,31.592051521,4
GS1_147.02,GS1_147,11.4,17.3233270794,26.1538364583,4
GS1_147.03,GS1_147,12.3,15.0100066711,31.2445268917,4
GS1_147.04,GS1_147,11.5,13.1363922062,29.5417050025,4
GS1_147.05,GS1_147,11.6,14.0339836375,29.0624732387,4
GS1_147.06,GS1_147,11.3,14.4570707071,31.0281303489,4
GS1_148.01,GS1_148,11.3,13.994374121,26.158443974,11
GS1_148.02,GS1_148,11.3,14.1757536883,27.4842185898,11
GS1_148.03,GS1_148,11.5,13.6102236422,26.0042022217,11
GS1_148.04,GS1_148,10.8,13.9636819036,26.0243200352,11
GS1_148.05,GS1_148,11.3,12.5,26.9459846113,11
GS1_148.06,GS1_148,11.6,13.5076252723,28.1319563575,11
GS1_149.01,GS1_149,9.9,12.5472887768,27.6612064174,7
GS1_149.02,GS1_149,12,14.7186147186,30.2671657885,7
GS1_149.03,GS1_149,11.8,14.7615937296,29.1582667111,7
GS1_149.04,GS1_149,13,15.7303370787,31.0752428712,7
GS1_149.05,GS1_149,11.8,13.6476426799,30.9993300808,7
GS1_149.06,GS1_149,13.1,15.7963446475,28.3547367038,7
GS1_150.01,GS1_150,9.5,15.6239431857,25.1254841422,4
GS1_150.02,GS1_150,10.2,14.0990990991,25.4176804607,4
GS1_150.03,GS1_150,10.1,13.9902218879,24.8676164435,4
GS1_150.04,GS1_150,9.7,14.0141632501,25.1397461181,4
GS1_150.05,GS1_150,9.6,14.9555375909,25.5708856134,4
GS1_150.06,GS1_150,10.6,14.3275925247,26.3393842157,4
GS1_151.01,GS1_151,12.3,17.095709571,29.8277877188,13
GS1_151.02,GS1_151,12.4,17.0841361593,29.8494131803,13
GS1_151.03,GS1_151,12,15.7622739018,28.8087341851,13
GS1_151.04,GS1_151,11.9,14.0551445864,31.2842595553,13
GS1_151.05,GS1_151,12.5,19.776609724,29.2348500593,13
GS1_151.06,GS1_151,8.3,10.099009901,31.4804065037,13
GS1_152.01,GS1_152,12.5,14.8291424887,28.4803911699,4
GS1_152.02,GS1_152,9.3,10.7374631268,27.5638681336,4
GS1_152.03,GS1_152,10,11.7796073464,27.9269633804,4
GS1_152.04,GS1_152,11.7,14.5409735059,27.6190617772,4
GS1_152.05,GS1_152,12.9,17.0682730924,30.7325167435,4
GS1_152.06,GS1_152,11.5,13.8634764251,28.1480614923,4
GS1_153.01,GS1_153,11.7,11.5003304693,28.7963299274,10
GS1_153.02,GS1_153,11.8,12.7272727273,28.7959395803,10
GS1_153.03,GS1_153,11.2,11.8272425249,27.3376498678,10
GS1_153.04,GS1_153,9.9,10.1811367895,27.5188902998,10
GS1_153.05,GS1_153,11.5,12.7272727273,26.7368879841,10
GS1_153.06,GS1_153,11.2,13.9520958084,25.8344335788,10
GS1_154.01,GS1_154,7.5,10.4571070758,29.039352395,1
GS1_154.02,GS1_154,9.1,11.0546378653,29.5167844083,1
GS1_154.03,GS1_154,9.1,9.8329048843,28.4986720442,1
GS1_154.04,GS1_154,9.7,11.9922630561,27.0042184782,1
GS1_154.05,GS1_154,11.2,15.627141878,25.3753559632,1
GS1_154.06,GS1_154,10.7,12.7753303965,24.6537333062,1
GS1_155.01,GS1_155,14,17.00968523,27.081517949,1
GS1_155.02,GS1_155,13.1,16.5344722392,27.5503750079,1
GS1_155.03,GS1_155,13.4,15.8710477371,29.6523055276,1
GS1_155.04,GS1_155,13.8,18.9054726368,29.4972090788,1
GS1_155.05,GS1_155,11.2,13.5309278351,30.4096080137,1
GS1_155.06,GS1_155,12.2,14.7456535737,30.5402977093,1
GS1_156.01,GS1_156,11.8,13.698630137,28.7010397242,8
GS1_156.02,GS1_156,9.7,11.7069980379,32.0299960377,8
GS1_156.03,GS1_156,12.2,13.0960854093,26.6634948644,8
GS1_156.04,GS1_156,12.6,17.133105802,26.7859762128,8
GS1_156.05,GS1_156,12.6,15.6064461408,29.0189216161,8
GS1_156.06,GS1_156,13.1,16.954787234,28.0207417755,8
GS1_157.01,GS1_157,11.8,14.3524699599,25.3272186124,8
GS1_157.02,GS1_157,11,16.3157894737,26.4910954298,8
GS1_157.03,GS1_157,11.4,15.4498044329,24.8170620618,8
GS1_157.04,GS1_157,10.8,14.2019543974,27.507936776,8
GS1_157.05,GS1_157,11.8,13.452299245,24.7971233388,8
GS1_157.06,GS1_157,10.7,14.0039447732,24.1816662228,8
GS1_158.01,GS1_158,11.3,13.2646880678,28.3602543698,9
GS1_158.02,GS1_158,13,14.7820965842,25.7128238419,9
GS1_158.03,GS1_158,11.8,15.1452282158,25.3841917334,9
GS1_158.04,GS1_158,10.8,12.7250155183,25.739984523,9
GS1_158.05,GS1_158,10.7,13.1116687578,24.6302634477,9
GS1_158.06,GS1_158,13.5,18.2680151707,26.825745703,9
GS1_159.01,GS1_159,9.2,12.4215809285,28.4877159693,8
GS1_159.02,GS1_159,11.2,13.3962264151,30.2837703213,8
GS1_159.03,GS1_159,11.8,13.5305223411,31.1791693764,8
GS1_159.04,GS1_159,13.1,14.6649810367,28.2004260027,8
GS1_159.05,GS1_159,13.4,19.0375088464,30.7666917576,8
GS1_159.06,GS1_159,10.2,13.0913804277,28.5567096072,8
GS1_160.1,GS1_160,10.1,12.1604938272,25.8694438742,1
GS1_160.2,GS1_160,10.5,13.1224764468,24.7978806547,1
GS1_160.3,GS1_160,9.5,11.4896459586,25.1866016435,1
GS1_160.4,GS1_160,11.8,14.8874364561,25.3334531119,1
GS1_160.5,GS1_160,11.7,17.0664838931,29.1969007238,1
GS1_160.6,GS1_160,10.8,14.3044619423,27.6638702304,1
GS1_161.01,GS1_161,9.1,9.993425378,28.5013698172,10
GS1_161.02,GS1_161,13.5,15.3481012658,27.6213133794,10
GS1_161.03,GS1_161,13.5,16.2033898305,28.2184649222,10
GS1_161.04,GS1_161,12.8,14.7488874762,28.3486519031,10
GS1_161.05,GS1_161,11.2,11.1735769501,27.525628832,10
GS1_161.06,GS1_161,10.1,11.0169491525,27.4758614593,10
GS1_162.01,GS1_162,9,11.0652920962,28.8938165615,6
GS1_162.02,GS1_162,13.8,15.9517426273,30.6593111917,6
GS1_162.03,GS1_162,10,13.0353817505,25.464734993,6
GS1_162.04,GS1_162,10.9,15.6779661017,30.5906997565,6
GS1_162.05,GS1_162,13.2,15.1553582752,26.6450393885,6
GS1_163.01,GS1_163,11.6,15.5319148936,30.0970600813,8
GS1_163.02,GS1_163,12.7,17.1391752577,31.0906611886,8
GS1_163.03,GS1_163,12.8,17.5666883539,29.5524284504,8
GS1_163.04,GS1_163,12.6,15.0381150381,27.4097978494,8
GS1_163.05,GS1_163,11.4,16.0161507402,31.5872446185,8
GS1_163.06,GS1_163,12.7,15.9525379038,30.3213310206,8
GS1_164.01,GS1_164,12.2,15.6398104265,26.8499906536,8
GS1_164.02,GS1_164,11.7,13.9248704663,31.3001180601,8
GS1_164.03,GS1_164,11.7,17.9133858268,27.1013020896,8
GS1_164.04,GS1_164,12.2,18.4796044499,31.317257579,8
GS1_164.05,GS1_164,12.1,16.8147208122,27.4663967021,8
GS1_164.06,GS1_164,11.4,15.3514180025,22.9921368091,8
GS1_165.01,GS1_165,13.9,21.4375,26.8594905149,7
GS1_165.02,GS1_165,13,17.868338558,24.5657870733,7
GS1_165.03,GS1_165,11,15.8584534731,25.0782352682,7
GS1_165.04,GS1_165,10.8,13.5402906209,25.6256148868,7
GS1_165.05,GS1_165,10.8,13.7758296807,26.0301165259,7
GS1_165.06,GS1_165,14.2,20.6653870761,27.5629209262,7
GS1_166.01,GS1_166,12,16.8346176645,31.2354629296,1
GS1_166.02,GS1_166,11.6,21.6924110141,25.3788324424,1
GS1_166.03,GS1_166,12.6,14.852675887,29.376888666,1
GS1_166.04,GS1_166,12,13.1114130435,28.3822164019,1
GS1_166.05,GS1_166,9.4,15.7666045934,29.9778698259,1
GS1_166.06,GS1_166,12.4,14.5106091718,30.2662655209,1
GS1_167.01,GS1_167,11.4,17.1183079974,28.1756108583,6
GS1_167.02,GS1_167,12.9,16.4713541667,29.0592957731,6
GS1_167.03,GS1_167,12.7,15.6944444444,30.5545662975,6
GS1_167.04,GS1_167,13.1,17.5152749491,30.4164305339,6
GS1_167.05,GS1_167,13.4,15.4886293792,28.2254564316,6
GS1_167.06,GS1_167,11.9,17.9738562092,28.6232314115,6
GS1_168.01,GS1_168,10.8,16.1575016972,30.1302035939,11
GS1_168.02,GS1_168,13.2,17.6396735719,30.7756352591,11
GS1_168.03,GS1_168,13.7,19.1609267376,28.7548056186,11
GS1_168.04,GS1_168,12.6,16.7366526695,28.9553989548,11
GS1_168.05,GS1_168,13.3,17.8002894356,27.1649192829,11
GS1_168.06,GS1_168,10.5,12.1546961326,27.3918297569,11
GS1_169.01,GS1_169,9.7,12.1682847896,22.7766459279,10
GS1_169.02,GS1_169,12.1,13.5169762972,25.0179478672,10
GS1_169.03,GS1_169,13.2,19.6649672251,23.9919257538,10
GS1_169.04,GS1_169,8.2,10.9589041096,26.1793113106,10
GS1_169.05,GS1_169,13.3,19.25,25.118974911,10
GS1_169.06,GS1_169,7.9,9.272467903,24.1386674039,10
GS1_170.01,GS1_170,11.6,13.7096774194,23.360131517,4
GS1_170.01,GS1_170,11.1,13.6300417246,22.4487646111,9
GS1_170.02,GS1_170,10.9,13.3747412008,23.2609644976,4
GS1_170.02,GS1_170,11.5,14.4422952934,24.2327803659,9
GS1_170.03,GS1_170,10.9,14.6174863388,23.5563266212,4
GS1_170.03,GS1_170,12.1,13.3379888268,26.2275502618,9
GS1_170.04,GS1_170,11.9,17.6984428409,25.6596697522,4
GS1_170.04,GS1_170,11.8,14.2414860681,25.1608046401,9
GS1_170.05,GS1_170,11.7,13.0275229358,24.1538553007,4
GS1_170.05,GS1_170,9.9,10.7929515419,21.7831670637,9
GS1_170.06,GS1_170,11.1,14.4271031595,25.672278894,4
GS1_170.06,GS1_170,12.8,15.4746423927,25.4232806611,9
GS1_171.01,GS1_171,12,17.5582127124,27.0742314967,6
GS1_171.01,GS1_171,13.2,15.4092071611,28.7568800616,13
GS1_171.02,GS1_171,11.9,16.3201008192,27.3684787124,6
GS1_171.02,GS1_171,12.6,15.7331655129,28.8955426153,13
GS1_171.03,GS1_171,10.2,14.5751633987,25.4736046295,6
GS1_171.03,GS1_171,12.5,16.7307692308,27.6208008412,13
GS1_171.04,GS1_171,13.4,19.4915254237,26.6491212082,6
GS1_171.04,GS1_171,13,17.4904942966,27.9107725498,13
GS1_171.05,GS1_171,13,15.1401869159,29.8733200086,6
GS1_171.05,GS1_171,11.5,14.600908501,27.7561364937,13
GS1_171.06,GS1_171,12.7,15.3035935564,27.722543582,6
GS1_171.06,GS1_171,11.5,14.6183699871,29.8258021759,13
GS1_172.01,GS1_172,12.9,22.8888888889,26.9951750168,5
GS1_172.02,GS1_172,11.2,16.6878980892,26.8174067466,5
GS1_172.04,GS1_172,13.3,21.661341853,25.3873002165,5
GS1_172.05,GS1_172,7.7,14.9774047773,29.0137133997,5
GS1_172.06,GS1_172,11.7,13.7702946482,29.1676059816,5
GS1_173.01,GS1_173,14.3,22.3489932886,30.664770698,2
GS1_173.02,GS1_173,11.6,15.2807391613,28.0800707765,2
GS1_173.03,GS1_173,12.2,15.0589868147,28.0837819407,2
GS1_173.04,GS1_173,12.7,13.8228941685,27.3570941594,2
GS1_173.05,GS1_173,12.3,16.2844036697,27.3932530776,2
GS1_173.06,GS1_173,11.3,17.3233270794,25.4831548495,2
GS1_174.01,GS1_174,15,19.0417690418,30.7390029471,11
GS1_174.02,GS1_174,12.2,16.6666666667,27.7193453309,11
GS1_174.03,GS1_174,10.8,16.2328767123,28.1251322401,11
GS1_174.04,GS1_174,13,18.3578104139,27.7438846567,11
GS1_174.05,GS1_174,12.2,17.5333333333,27.0092466454,11
GS1_175.01,GS1_175,11.4,18.1102362205,27.1008908516,4
GS1_175.02,GS1_175,10,14.9191132415,27.3082871106,4
GS1_175.03,GS1_175,10.7,17.5303902751,26.4114405711,4
GS1_175.04,GS1_175,11.2,17.48158071,24.7409029983,4
GS1_175.05,GS1_175,10.8,17.5097276265,22.1957032158,4
GS1_175.06,GS1_175,10.7,16.146179402,23.9188371935,4
GS1_176.01,GS1_176,11.8,17.243767313,23.5528032091,2
GS1_176.02,GS1_176,9.9,15.8130601793,24.9356831716,2
GS1_176.03,GS1_176,9.6,14.6517739816,25.0634112951,2
GS1_176.04,GS1_176,10.4,13.8451856514,24.5257386885,2
GS1_176.05,GS1_176,13,15.3553299492,23.8580305041,2
GS1_176.06,GS1_176,12.1,14.5090681676,25.8216323162,2
GS1_177.01,GS1_177,11.5,18.0263157895,30.1712125789,2
GS1_177.02,GS1_177,11.6,15.5006858711,24.6419096182,2
GS1_177.03,GS1_177,11.1,13.2038834951,28.3929837481,2
GS1_177.04,GS1_177,12.1,19.7643979058,29.9506038178,2
GS1_177.05,GS1_177,11.4,16.4634146341,28.5378957309,2
GS1_177.06,GS1_177,14.2,16.8380462725,27.118510552,2
GS1_178.01,GS1_178,12.6,14.6137787056,26.7831666209,2
GS1_178.02,GS1_178,10.7,17.0504044804,27.5821241981,2
GS1_178.03,GS1_178,11,15.4048716261,26.6353634598,2
GS1_178.04,GS1_178,6.2,11.8527760449,25.9036966394,2
GS1_178.05,GS1_178,12.4,15.1851851852,29.5146503689,2
GS1_178.06,GS1_178,10.6,12.2171945701,29.2249668978,2
GS1_179.01,GS1_179,12.3,15.0031786395,31.9094205231,2
GS1_179.02,GS1_179,14.5,17.6219512195,29.8104761031,2
GS1_179.03,GS1_179,13.1,15.3266331658,32.0299726085,2
GS1_179.04,GS1_179,14.2,18.4848484848,32.1755535029,2
GS1_179.05,GS1_179,13.3,20.7332490518,30.9584932243,2
GS1_179.06,GS1_179,13.8,22.0212102308,29.4528689111,2
GS1_180.1,GS1_180,10.3,14.2270861833,27.2133193154,1
GS1_180.2,GS1_180,10,12.3380629241,21.7680528195,1
GS1_180.3,GS1_180,10.3,12.5,28.3083484086,1
GS1_180.4,GS1_180,10.8,14.2167011732,27.4218529585,1
GS1_180.5,GS1_180,11.1,12.815269257,26.7587525774,1
GS1_180.6,GS1_180,10.8,12.361878453,29.5609150616,1
GS1_181.01,GS1_181,10.9,14.2403051494,28.855164813,13
GS1_181.02,GS1_181,11.7,15.1002506266,30.256557458,13
GS1_181.03,GS1_181,12,15.4238368388,29.5717180479,13
GS1_181.04,GS1_181,11.5,14.8976982097,30.5096540868,13
GS1_181.05,GS1_181,11.9,14.0891218873,27.4227942671,13
GS1_181.06,GS1_181,13.2,15.6312625251,31.8890271895,13
GS1_182.01,GS1_182,11.2,13.1406044678,24.7461122055,10
GS1_182.02,GS1_182,11.4,14.3239625167,24.1243895868,10
GS1_182.03,GS1_182,12.8,12.9740518962,26.1210187994,10
GS1_182.04,GS1_182,10.4,11.6479152879,26.294212659,10
GS1_182.05,GS1_182,10.9,13.3640552995,23.9698893992,10
GS1_182.06,GS1_182,12.5,14.5569620253,27.845259261,10
GS1_183.01,GS1_183,10.2,11.3488975357,30.4393578184,2
GS1_183.02,GS1_183,9.6,13.0520764667,30.6233165877,2
GS1_183.03,GS1_183,10.1,13.8925294889,30.6320026602,2
GS1_183.04,GS1_183,7.6,9.5146871009,31.5604757059,2
GS1_183.05,GS1_183,8.3,9.6961861668,30.7942003599,2
GS1_184.01,GS1_184,10.7,12.4137931034,28.7094847007,1
GS1_184.02,GS1_184,12.5,13.9385275197,30.7420009457,1
GS1_184.03,GS1_184,10.5,17.375,22.0974963886,1
GS1_184.04,GS1_184,10.6,18.7878787879,23.3787901949,1
GS1_184.05,GS1_184,12.5,13.3205863607,28.8409692309,1
GS1_184.06,GS1_184,11,13.2027795325,33.1716789405,1
GS1_185.01,GS1_185,10.9,13.8799225307,28.3497163547,2
GS1_185.02,GS1_185,9,16.2820512821,27.1748910145,2
GS1_185.03,GS1_185,10.5,15.1746031746,24.287641608,2
GS1_185.04,GS1_185,11.5,15.184944841,30.4261331249,2
GS1_185.05,GS1_185,10.8,15.5657292348,28.0368440646,2
GS1_185.06,GS1_185,13.2,14.9463806971,33.3848262492,2
GS1_186.01,GS1_186,10.6,12.0757180157,25.5976935225,2
GS1_186.01,GS1_186,12.7,17.4543163201,32.9868684827,13
GS1_186.02,GS1_186,13.6,15.1761517615,26.8999487415,2
GS1_186.02,GS1_186,12.7,16.25,30.6647164712,13
GS1_186.03,GS1_186,10.7,13.9534883721,22.6040781433,2
GS1_186.03,GS1_186,12.3,17.7165354331,34.2071899015,13
GS1_186.04,GS1_186,10,13.5101789019,23.6379928291,2
GS1_186.04,GS1_186,13.2,16.2459546926,31.7605340773,13
GS1_186.05,GS1_186,11,16.6221628838,22.9004163198,2
GS1_186.06,GS1_186,12.1,14.2948717949,27.5077591832,2
GS1_187.01,GS1_187,12.9,14.0102827763,26.6334315265,13
GS1_187.02,GS1_187,13.9,19.3569553806,27.8115914118,13
GS1_187.03,GS1_187,12.5,20.584498094,24.7034032283,13
GS1_187.04,GS1_187,12.7,17.2413793103,29.3573313296,13
GS1_187.05,GS1_187,10.8,15.4761904762,23.6370368539,13
GS1_187.06,GS1_187,11,12.7713920817,26.5660996153,13
GS1_188.01,GS1_188,9.6,11.4208021754,32.2033791373,11
GS1_188.02,GS1_188,12.9,16.1268556005,31.2678666377,11
GS1_188.03,GS1_188,10.7,12.6239259749,30.5713009176,11
GS1_188.04,GS1_188,12.9,15.6033287101,29.7655524202,11
