"Name","dry_weight","dry_date","dry_order"
"17-187_1-1B.04",1.91,1,1
"17-187_1-1B.12",1.6,1,2
"17-187_1-1B.15",1.9,1,3
"17-187_1-1B.11",1.82,1,4
"17-187_1-1B.07",1.85,1,5
"17-187_1-1B.08",2.33,1,6
"17-187_1-1B.09",0.76,1,7
"17-187_1-1B.13",1.35,1,8
"17-187_1-1B.10",1.71,1,9
"17-187_1-1B.14",1.89,1,10
"17-187_1-1B.01",1.75,1,11
"17-187_1-1B.06",1.92,1,12
"17-184_1B.03",1.28,1,13
"17-187_1-1B.05",1.41,1,14
"17-187_1-1B.03",2.38,1,15
"17-184_1B.02",1.85,1,16
"17-184_1B.04",1.21,1,17
"17-187_1-1B.02",1.11,1,18
"17-184_1B.01",1.71,1,19
"17-184_1B.05",1.31,1,20
"17-187_1-1B.16",2.31,1,21
"17-187_1-1B.17",2.85,1,22
"17-187_1-1B.18",1.77,1,23
"17-187_1-1B.19",2.05,1,24
"17-187_1-1B.23",2.12,1,25
"17-180_1-2B.07",1.6,1,26
"17-180_1-2B.10",2.06,1,27
"17-180_1-2B.06",2.24,1,28
"17-187_1-1B.21",1.97,1,29
"17-187_1-1B.22",1.57,1,30
"17-187_1-1B.20",2.51,1,31
"17-187_1-1B.24",2.04,1,32
"17-180_1-2B.11",1.72,1,33
"17-180_1-2B.04",1.62,1,34
"17-180_1-2B.01",1.95,1,35
"17-180_1-2B.08",1.31,1,36
"17-180_1-2B.09",2.28,1,37
"17-180_1-2B.21",2.48,1,38
"17-180_1-2B.25",2.13,1,39
"17-180_1-2B.14",1.8,1,40
"17-180_1-2B.05",1.77,1,41
"17-180_1-2B.24",1.63,1,42
"17-180_1-2B.03",1.71,1,43
"17-180_1-2B.23",1.35,1,44
"17-180_1-2B.22",2.07,1,45
"17-180_1-2B.13",2.77,1,46
"17-180_1-2B.02",1.64,1,47
"17-180_1-2B.20",1.89,1,48
"17-180_1-2B.12",2.28,1,49
"17-180_1-2B.15",3.31,1,50
"17-180_1-2B.16",1.69,1,51
"17-180_1-2B.18",2.19,1,52
"17-180_1-2B.19",2.35,1,53
"17-180_1-2B.17",1.9,1,54
"17-181_1-2B.03",1.85,2,1
"17-181_1-2B.01",2.81,2,2
"17-181_1-2B.07",2.01,2,3
"17-181_1-2B.13",2.05,2,4
"17-181_1-2B.04",2.24,2,5
"17-181_1-2B.09",2.29,2,6
"17-181_1-2B.05",2.36,2,7
"17-181_1-2B.06",2.34,2,8
"17-181_1-2B.02",3.39,2,9
"17-181_1-2B.10",2.26,2,10
"17-181_1-2B.08",2.33,2,11
"17-181_1-2B.15",2.41,2,12
"17-181_1-2B.12",2.35,2,13
"17-181_1-2B.19",2.17,2,14
"17-181_1-2B.14",1.96,2,15
"17-181_1-2B.18",2.18,2,16
"17-181_1-2B.11",1.81,2,17
"17-182_1-2B.12",2.36,2,18
"17-182_1-2B.14",3.31,2,19
"17-182_1-2B.23",3.78,2,20
"17-181_1-2B.20",1.84,2,21
"17-182_1-2B.06",2.28,2,22
"17-182_1-2B.24",3.08,2,23
"17-182_1-2B.18",2.6,2,24
"17-181_1-2B.17",1.91,2,25
"17-181_1-2B.16",2.35,2,26
"17-182_1-2B.16",2.59,2,27
"17-182_1-2B.15",2.08,2,28
"17-182_1-2B.11",2.41,2,29
"17-182_1-2B.17",2.32,2,30
"17-182_1-2B.13",2.53,2,31
"17-182_1-2B.22",3.37,2,32
"17-182_1-2B.07",2.31,2,33
"17-182_1-1B.09",2.25,2,34
"17-182_1-2B.19",3.15,2,35
"17-182_1-2B.20",1.9,2,36
"17-182_1-2B.21",1.58,2,37
"17-182_1-1B.10",1.8,2,38
"17-182_1-1B.11",2.73,2,39
"17-182_1-1B.12",2.68,2,40
"17-182_1-1B.18",3.4,2,41
"17-182_1-1B.14",1.83,2,42
"17-182_1-1B.17",1.93,2,43
"17-182_1-1B.15",2.31,2,44
"17-182_1-1B.19",2.63,2,45
"17-182_1-1B.23",2.67,2,46
"17-182_1-2B.04",2.89,2,47
"17-182_1-2B.03",2.33,2,48
"17-182_1-1B.22",2.29,2,49
"17-182_1-2B.09",2.97,2,50
"17-182_1-1B.25",1.53,2,51
"17-182_1-1B.03",2.76,2,52
"17-182_1-2B.02",2.58,2,53
"17-182_1-1B.21",1.65,2,54
"17-182_1-1B.16",1.28,2,55
"17-182_1-1B.13",2.23,2,56
"17-182_1-2B.10",2.01,2,57
"17-182_1-1B.24",2.93,2,58
"17-182_1-2B.08",2.22,2,59
"17-182_1-1B.07",3.18,2,60
"17-182_1-2B.01",2.84,2,61
"17-182_1-2B.05",2.68,2,62
"17-182_1-1B.02",2.81,2,63
"17-182_1-1B.20",1.99,2,64
"17-180_1-1B.15",2.19,2,65
"17-180_1-1B.16",2.51,2,66
"17-180_1-1B.10",2.19,2,67
"17-180_1-1B.08",2.97,2,68
"17-180_1-1B.09",2.37,2,69
"17-180_1-1B.05",2.29,2,70
"17-180_1-1B.01",2.16,2,71
"17-180_1-1B.02",1.18,2,72
"17-180_1-1B.11",3.01,2,73
"17-180_1-1B.06",2.21,2,74
"17-180_1-1B.03",1.34,2,75
"17-180_1-1B.04",2.8,2,76
"17-185_1B.03",2.3,2,77
"17-185_1B.02",2.15,2,78
"17-185_1B.01",2.71,2,79
"17-180_1-1B.07",1.05,2,80
"17-182_1-1B.05",2.55,2,81
"17-182_1-1B.08",2.39,2,82
"17-182_1-1B.06",2.56,2,83
"17-185_1B.06",2.76,2,84
"17-180_1-1B.13",2.45,2,85
"17-182_1-1B.01",2.64,2,86
"17-182_1-1B.04",2.45,2,87
"17-180_1-1B.14",2.35,2,88
"17-180_1-1B.12",2.78,2,89
"17-185_1B.04",2.3,2,90
"17-185_1B.05",2.62,2,91
"17-180_1-1B.21",2.86,2,92
"17-180_1-1B.19",2.5,2,93
"17-180_1-1B.20",1.23,2,94
"17-180_1-1B.17",2.83,2,95
"17-180_1-1B.18",2.79,2,96
"17-183_1B.03",2.09,2,97
"17-181_1-2B.22",2.3,2,98
"17-181_1-1B.12",1.86,2,99
"17-181_1-1B.13",1.73,2,100
"17-181_1-1B.24",2.45,2,101
"17-181_1-2B.21",2.23,2,102
"17-181_1-1B.02",2.83,2,103
"17-183_1B.04",2.99,2,104
"17-181_1-1B.10",2.05,2,105
"17-181_1-1B.05",2.36,2,106
"17-183_1B.02",2.41,2,107
"17-181_1-1B.01",2.35,2,108
"17-183_1B.01",2.19,2,109
"17-181_1-1B.04",2.06,2,110
"17-181_1-1B.03",1.68,2,111
"17-181_1-1B.09",1.98,2,112
"17-181_1-1B.25",2.58,2,113
"17-181_1-1B.07",2.27,2,114
"17-181_1-1B.17",2.46,2,115
"17-181_1-1B.06",2.22,2,116
"17-181_1-1B.19",2.01,2,117
"17-181_1-1B.08",2.72,2,118
"17-181_1-1B.16",2.63,2,119
"17-181_1-1B.23",2.39,2,120
"17-181_1-1B.18",1.75,2,121
"17-181_1-1B.22",2.54,2,122
"17-181_1-1B.21",2.02,2,123
"17-181_1-1B.20",1.94,2,124
"17-181_1-1B.15",2.02,2,125
"17-181_1-1B.11",2.35,2,126
"17-181_1-1B.14",2.39,2,127
"17-187_1-2B.13",2.6,2,128
"17-187_1-2B.15",2.23,2,129
"17-187_1-2B.09",1.63,2,130
"17-187_1-2B.17",2.37,2,131
"17-187_1-2B.20",2.01,2,132
"17-187_1-2B.08",2.62,2,133
"17-187_1-2B.12",2.09,2,134
"17-187_1-2B.11",1.53,2,135
"17-187_1-2B.10",2.41,2,136
"17-187_1-2B.01",1.84,2,137
"17-187_1-2B.04",2.41,2,138
"17-187_1-2B.02",1.92,2,139
"17-187_1-2B.05",1.55,2,140
"17-187_1-2B.07",2.43,2,141
"17-187_1-2B.03",2.47,2,142
"17-187_1-2B.06",1.55,2,143
"17-187_1-2B.16",2.63,2,144
"17-187_1-2B.18",2.38,2,145
"17-187_1-2B.19",2.55,2,146
"17-187_1-2B.14",2.29,2,147
"17-182_2-2B.13",2.43,3,1
"17-180_2-1B.18",2.47,3,2
"17-180_2-1B.19",2.65,3,3
"17-180_2-1B.11",1.96,3,4
"17-180_2-1B.17",2.37,3,5
"17-180_2-1B.10",1.8,3,6
"17-180_2-1B.12",1.53,3,7
"17-180_2-1B.16",2.33,3,8
"17-180_2-1B.03",2.13,3,9
"17-180_2-1B.01",2.59,3,10
"17-180_2-1B.04",1.79,3,11
"17-180_2-1B.07",1.6,3,12
"17-180_2-1B.02",2.46,3,13
"17-180_2-1B.08",1.88,3,14
"17-180_2-1B.09",1.91,3,15
"17-180_2-1B.06",2.37,3,16
"17-180_2-1B.05",2.25,3,17
"17-182_2-2B.15",2.54,3,18
"17-185_2B.03",2.8,3,19
"17-182_2-2B.16",2.14,3,20
"17-185_2B.06",2.25,3,21
"17-180_2-1B.13",2.09,3,22
"17-185_2B.02",1.98,3,23
"17-180_2-1B.22",0.85,3,24
"17-185_2B.07",2.52,3,25
"17-180_2-1B.21",2.47,3,26
"17-180_2-1B.20",1.77,3,27
"17-185_2B.01",2.21,3,28
"17-185_2B.08",2.13,3,29
"17-185_2B.04",2.31,3,30
"17-185_2B.05",2.15,3,31
"17-180_2-1B.14",2.15,3,32
"17-180_2-1B.15",1.99,3,33
"17-182_2-2B.14",2.3,3,34
"17-187_2-1B.12",2.5,3,35
"17-187_2-1B.13",2.58,3,36
"17-187_2-1B.14",2.23,3,37
"17-187_2-1B.02",2.25,3,38
"17-187_2-1B.06",1.56,3,39
"17-187_2-1B.15",1.83,3,40
"17-187_2-1B.11",2.46,3,41
"17-187_2-1B.04",2.21,3,42
"17-187_2-1B.03",2.33,3,43
"17-187_2-1B.09",2.61,3,44
"17-187_2-1B.10",2.53,3,45
"17-187_2-1B.01",2.32,3,46
"17-187_2-1B.07",1.82,3,47
"17-187_2-1B.08",2.05,3,48
"17-187_2-1B.05",2.88,3,49
"17-182_2-2B.03",3.21,3,50
"17-182_2-2B.11",2.67,3,51
"17-182_2-2B.07",1.83,3,52
"17-182_2-2B.17",2.12,3,53
"17-182_2-2B.04",2.31,3,54
"17-182_2-2B.12",1.61,3,55
"17-182_2-2B.08",2.09,3,56
"17-182_2-2B.18",2.83,3,57
"17-182_2-2B.05",2.47,3,58
"17-182_2-2B.02",2.03,3,59
"17-182_2-2B.06",1.44,3,60
"17-182_2-2B.09",2.41,3,61
"17-182_2-2B.19",2.36,3,62
"17-182_2-2B.20",1.49,3,63
"17-182_2-2B.10",2.99,3,64
"17-182_2-2B.01",2.82,3,65
"17-181_2-1B.21",1.62,3,66
"17-181_2-1B.20",2.37,3,67
"17-181_2-1B.19",2.51,3,68
"17-181_2-1B.23",2.48,3,69
"17-181_2-1B.17",2.46,3,70
"17-181_2-1B.24",2.48,3,71
"17-181_2-1B.22",1.56,3,72
"17-181_2-1B.18",2.66,3,73
"17-181_2-1B.06",1.96,3,74
"17-181_2-1B.01",2.59,3,75
"17-181_2-1B.05",2.35,3,76
"17-181_2-1B.12",2.28,3,77
"17-181_2-1B.13",1.53,3,78
"17-181_2-1B.07",1.86,3,79
"17-181_2-1B.10",2,3,80
"17-181_2-1B.04",1.87,3,81
"17-181_2-1B.14",2.2,3,82
"17-181_2-1B.16",1.61,3,83
"17-181_2-1B.09",2,3,84
"17-181_2-1B.03",1.87,3,85
"17-181_2-1B.25",1.26,3,86
"17-181_2-1B.08",2.16,3,87
"17-181_2-1B.02",2.2,3,88
"17-181_2-1B.15",2.18,3,89
"17-184_2B.07",2.49,3,90
"17-181_2-1B.11",2.23,3,91
"17-182_2-2B.24",2.9,3,92
"17-182_2-2B.21",2.26,3,93
"17-184_2B.04",2.32,3,94
"17-182_2-2B.23",2.23,3,95
"17-182_2-2B.22",3.01,3,96
"17-184_2B.10",1.83,3,97
"17-184_2B.01",2.03,3,98
"17-184_2B.05",2.59,3,99
"17-184_2B.03",1.97,3,100
"17-182_2-2B.25",1.85,3,101
"17-184_2B.06",2.08,3,102
"17-184_2B.02",2.57,3,103
"17-184_2B.08",2.04,3,104
"17-184_2B.09",2.67,3,105
"17-180_2-2B.03",2.2,3,106
"17-187_2-2B.12",2.84,4,1
"17-187_2-2B.07",2.33,4,2
"17-187_2-2B.15",3.29,4,3
"17-187_2-2B.10",2.86,4,4
"17-187_2-2B.14",2.26,4,5
"17-187_2-2B.11",2.03,4,6
"17-187_2-2B.16",2.03,4,7
"17-187_2-2B.02",3.21,4,8
"17-187_2-2B.09",2.81,4,9
"17-187_2-2B.04",2.08,4,10
"17-187_2-2B.03",2.33,4,11
"17-187_2-2B.06",3.25,4,12
"17-187_2-2B.08",1.75,4,13
"17-187_2-2B.05",2.74,4,14
"17-187_2-2B.01",1.86,4,15
"17-187_2-2B.13",3.19,4,16
"17-183_2B.07",2.45,4,17
"17-183_2B.03",2.71,4,18
"17-183_2B.06",2.36,4,19
"17-183_2B.02",2.77,4,20
"17-187_2-2B.22",2.78,4,21
"17-187_2-2B.17",3.33,4,22
"17-187_2-2B.24",2.8,4,23
"17-187_2-2B.20",2.53,4,24
"17-183_2B.05",2.35,4,25
"17-183_2B.01",2.98,4,26
"17-183_2B.04",2.65,4,27
"17-187_2-2B.23",3.29,4,28
"17-187_2-2B.25",1.62,4,29
"17-187_2-2B.21",2.88,4,30
"17-187_2-2B.18",2.7,4,31
"17-187_2-2B.19",2.07,4,32
"17-181_2-2B.09",2.92,4,33
"17-181_2-2B.08",2.51,4,34
"17-181_2-2B.13",2.25,4,35
"17-181_2-2B.11",2.25,4,36
"17-181_2-2B.12",2.44,4,37
"17-181_2-2B.05",2.93,4,38
"17-181_2-2B.03",3.14,4,39
"17-181_2-2B.07",2.08,4,40
"17-181_2-2B.14",2.36,4,41
"17-181_2-2B.15",2.7,4,42
"17-181_2-2B.02",2.39,4,43
"17-181_2-2B.06",2.79,4,44
"17-181_2-2B.01",1.84,4,45
"17-183_2B.09",2.67,4,46
"17-181_2-2B.04",2.48,4,47
"17-183_2B.08",2.38,4,48
"17-182_2-1B.07",3.43,4,49
"17-181_2-2B.22",2.54,4,50
"17-182_2-1B.08",2.46,4,51
"17-181_2-2B.23",3.41,4,52
"17-181_2-2B.20",2.35,4,53
"17-182_2-1B.10",3.38,4,54
"17-181_2-2B.24",1.97,4,55
"17-181_2-2B.19",1.94,4,56
"17-181_2-2B.10",2.26,4,57
"17-181_2-2B.16",2.65,4,58
"17-182_2-1B.09",3,4,59
"17-181_2-2B.17",2.08,4,60
"17-182_2-1B.06",3.34,4,61
"17-181_2-2B.21",2.36,4,62
"17-181_2-2B.18",2.55,4,63
"17-182_2-1B.18",2.27,4,64
"17-182_2-1B.20",2.79,4,65
"17-182_2-1B.17",3.02,4,66
"17-182_2-1B.16",1.87,4,67
"17-182_2-1B.19",2.65,4,68
"17-182_2-1B.25",2.42,4,69
"17-182_2-1B.02",2.75,4,70
"17-182_2-1B.01",2.83,4,71
"17-182_2-1B.03",3.13,4,72
"17-182_2-1B.05",2.86,4,73
"17-182_2-1B.14",2.64,4,74
"17-182_2-1B.15",2.05,4,75
"17-182_2-1B.13",3.4,4,76
"17-182_2-1B.04",2.17,4,77
"17-182_2-1B.12",2.63,4,78
"17-182_2-1B.11",2.93,4,79
"17-180_2-2B.04",1.76,4,80
"17-182_2-1B.21",1.55,4,81
"17-182_2-1B.22",1.56,4,82
"17-180_2-2B.02",1.77,4,83
"17-180_2-2B.05",2.02,4,84
"17-182_2-1B.23",2.68,4,85
"17-180_2-2B.01",2.42,4,86
"17-182_2-1B.24",3,4,87
"17-180_2-2B.23",1.64,4,88
"17-180_2-2B.24",1.58,4,89
"17-180_2-2B.18",1.96,4,90
"17-180_2-2B.17",2.42,4,91
"17-180_2-2B.16",1.72,4,92
"17-180_2-2B.25",1.68,4,93
"17-180_2-2B.13",2.01,4,94
"17-180_2-2B.12",1.43,4,95
"17-180_2-2B.10",1.83,4,96
"17-180_2-2B.11",1.95,4,97
"17-180_2-2B.09",1.74,4,98
"17-180_2-2B.08",2.15,4,99
"17-180_2-2B.07",1.94,4,100
"17-180_2-2B.06",1.87,4,101
"17-180_2-2B.14",2.35,4,102
"17-180_2-2B.15",2.27,4,103
"17-181_3-1B.12",2.02,4,104
"17-181_3-1B.16",2.53,4,105
"17-181_3-1B.15",2.33,4,106
"17-181_3-1B.09",2.28,4,107
"17-181_3-1B.11",2.34,4,108
"17-181_3-1B.08",2.14,4,109
"17-181_3-1B.10",2.83,4,110
"17-181_3-1B.07",1.98,4,111
"17-181_3-1B.03",2.78,4,112
"17-181_3-1B.06",2.68,4,113
"17-181_3-1B.01",2.56,4,114
"17-181_3-1B.05",1.9,4,115
"17-181_3-1B.04",2.19,4,116
"17-181_3-1B.02",2.11,4,117
"17-180_2-2B.19",1.97,4,118
"17-180_2-2B.21",2.1,4,119
"17-180_2-2B.20",2.17,4,120
"17-180_2-2B.22",1.65,4,121
"17-182_3-2B.12",2.76,4,122
"17-182_3-2B.08",2.99,4,123
"17-182_3-2B.04",3.37,4,124
"17-182_3-2B.07",3.45,4,125
"17-182_3-2B.09",3.84,4,126
"17-182_3-2B.01",3.27,4,127
"17-182_3-2B.05",3.3,4,128
"17-182_3-2B.03",3.67,4,129
"17-181_3-1B.25",2,4,130
"17-181_3-1B.24",3.13,4,131
"17-181_3-1B.21",2.65,4,132
"17-181_3-1B.20",1.97,4,133
"17-181_3-1B.23",2.62,4,134
"17-181_3-1B.18",3.17,4,135
"17-181_3-1B.17",2.31,4,136
"17-181_3-1B.13",2.51,4,137
"17-181_3-1B.19",3.17,4,138
"17-181_3-2B.03",2.73,4,139
"17-181_3-1B.22",2.19,4,140
"17-181_3-2B.07",2.54,4,141
"17-181_3-2B.01",2.57,4,142
"17-181_3-2B.05",2.35,4,143
"17-182_3-2B.22",2.47,4,144
"17-182_3-2B.24",3.11,4,145
"17-182_3-2B.25",2.4,4,146
"17-182_3-2B.13",3.01,4,147
"17-182_3-2B.11",3.43,4,148
"17-182_3-2B.14",2.77,4,149
"17-182_3-2B.15",3.11,4,150
"17-182_3-2B.17",2.9,4,151
"17-182_3-2B.23",3.5,4,152
"17-182_3-2B.16",2.9,4,153
"17-182_3-2B.18",3.38,4,154
"17-182_3-2B.19",3.14,4,155
"17-182_3-2B.20",2.73,4,156
"17-182_3-2B.10",2.8,4,157
"17-181_3-2B.14",2.52,4,158
"17-180_3-2B.02",1.74,4,159
"17-181_3-2B.15",2.22,4,160
"17-181_3-2B.18",2.72,4,161
"17-181_3-2B.17",2.37,4,162
"17-181_3-2B.11",2.62,4,163
"17-181_3-2B.16",3.09,4,164
"17-181_3-2B.08",2.72,4,165
"17-181_3-2B.09",3.01,4,166
"17-181_3-2B.22",2.44,4,167
"17-181_3-2B.10",2.36,4,168
"17-181_3-2B.12",2.64,4,169
"17-181_3-2B.19",2.55,4,170
"17-182_3-2B.06",3.47,4,171
"17-181_3-2B.06",2.45,4,172
"17-181_3-2B.13",2.7,4,173
"17-181_3-2B.02",2.31,4,174
"17-182_3-2B.02",3.39,4,175
"17-181_3-2B.04",2.47,4,176
"17-180_3-2B.11",2.51,4,177
"17-180_3-2B.14",2.66,4,178
"17-180_3-2B.16",2.63,4,179
"17-180_3-2B.17",2.06,4,180
"17-181_3-2B.20",2.67,4,181
"17-180_3-2B.15",2.73,4,182
"17-180_3-2B.13",2.51,4,183
"17-180_3-2B.10",2.55,4,184
"17-180_3-2B.06",2.54,4,185
"17-187_3-2B.01",1.93,4,186
"17-180_3-2B.09",2.02,4,187
"17-180_3-2B.07",2.86,4,188
"17-180_3-2B.08",2.2,4,189
"17-180_3-2B.05",2.4,4,190
"17-180_3-2B.12",2.08,4,191
"17-180_3-2B.04",1.78,4,192
"17-180_3-2B.03",2.09,4,193
"17-181_3-2B.21",2.29,4,194
"17-180_3-2B.01",2.3,4,195
"17-180_3-1B.01",2.23,4,196
"17-187_3-2B.17",1.84,4,197
"17-180_3-1B.04",2.71,4,198
"17-187_3-2B.04",1.6,4,199
"17-180_3-1B.05",2.65,4,200
"17-187_3-2B.05",2.31,4,201
"17-187_3-2B.08",2.69,4,202
"17-187_3-2B.11",2.66,4,203
"17-187_3-2B.10",2.74,4,204
"17-187_3-2B.06",3.24,4,205
"17-187_3-2B.09",2.74,4,206
"17-187_3-2B.14",2.29,4,207
"17-187_3-2B.03",2.55,4,208
"17-187_3-2B.16",2.43,4,209
"17-187_3-2B.07",2.1,4,210
"17-187_3-2B.02",2.58,4,211
"17-187_3-2B.15",2.68,4,212
"17-187_3-2B.12",2.56,4,213
"17-187_3-2B.13",2.94,4,214
"17-180_3-1B.16",1.94,4,215
"17-180_3-1B.14",1.66,4,216
"17-180_3-1B.18",2.02,4,217
"17-180_3-1B.19",1.4,4,218
"17-180_3-1B.15",2.02,4,219
"17-180_3-1B.12",2.39,4,220
"17-180_3-1B.13",1.36,4,221
"17-180_3-1B.11",2.17,4,222
"17-180_3-1B.10",2.09,4,223
"17-180_3-1B.17",2.05,4,224
"17-180_3-1B.09",2.22,4,225
"17-180_3-1B.08",2,4,226
"17-180_3-1B.07",2.39,4,227
"17-180_3-1B.06",2.24,4,228
"17-187_3-2B.19",2.72,4,229
"17-180_3-1B.03",1.93,4,230
"17-187_3-2B.18",2.57,4,231
"17-180_3-1B.02",2.66,4,232
"17-187_3-2B.20",1.93,4,233
"17-187_3-1B.21",3.35,4,234
"17-187_3-1B.20",2.47,4,235
"17-180_3-1B.23",2,4,236
"17-180_3-1B.22",1.48,4,237
"17-187_3-1B.03",2.47,4,238
"17-180_3-1B.25",2,4,239
"17-180_3-1B.21",2.53,4,240
"17-180_3-1B.24",1.7,4,241
"17-187_3-1B.05",2.45,4,242
"17-187_3-1B.01",2.56,4,243
"17-187_3-1B.06",1.83,4,244
"17-187_3-1B.04",3.26,4,245
"17-187_3-1B.02",3.38,4,246
"17-187_3-1B.09",3.15,4,247
"17-187_3-1B.10",2.01,4,248
"17-187_3-1B.08",2.8,4,249
"17-187_3-1B.13",2.03,4,250
"17-187_3-1B.12",2.25,4,251
"17-187_3-1B.18",3.17,4,252
"17-187_3-1B.19",3.17,4,253
"17-187_3-1B.17",2.67,4,254
"17-187_3-1B.16",2.12,4,255
"17-187_3-1B.15",1.7,4,256
"17-187_3-1B.14",2.27,4,257
"17-187_3-1B.11",2.88,4,258
"17-187_3-1B.07",2.25,4,259
"17-185_3B.08",2.23,5,1
"17-182_3-1B.07",2.41,5,2
"17-182_3-1B.16",3.36,5,3
"17-182_3-1B.01",2.55,5,4
"17-182_3-1B.15",1.94,5,5
"17-182_3-1B.02",2.1,5,6
"17-185_3B.04",2.6,5,7
"17-182_3-1B.06",2.16,5,8
"17-185_3B.10",2.03,5,9
"17-185_3B.09",2.37,5,10
"17-185_3B.06",2.96,5,11
"17-185_3B.03",2.73,5,12
"17-185_3B.02",2.42,5,13
"17-185_3B.07",2.53,5,14
"17-185_3B.05",3.27,5,15
"17-185_3B.01",2.82,5,16
"17-182_3-1B.11",3.13,5,17
"17-183_3B.05",2.06,5,18
"17-183_3B.03",2.76,5,19
"17-183_3B.09",2.03,5,20
"17-182_3-1B.19",1.85,5,21
"17-182_3-1B.25",1.45,5,22
"17-182_3-1B.10",2.78,5,23
"17-183_3B.06",2.44,5,24
"17-182_3-1B.18",1.79,5,25
"17-182_3-1B.17",3.06,5,26
"17-182_3-1B.03",2.07,5,27
"17-182_3-1B.09",2.32,5,28
"17-182_3-1B.14",2.26,5,29
"17-182_3-1B.08",2.95,5,30
"17-182_3-1B.05",3.12,5,31
"17-182_3-1B.04",2.33,5,32
"17-184_3B.07",2.04,5,33
"17-183_3B.07",2.04,5,34
"17-183_3B.08",2.84,5,35
"17-184_3B.06",1.99,5,36
"17-184_3B.02",1.89,5,37
"17-183_3B.01",3.06,5,38
"17-182_3-1B.13",2.51,5,39
"17-184_3B.01",1.91,5,40
"17-182_3-1B.20",2.44,5,41
"17-184_3B.03",2.04,5,42
"17-182_3-1B.22",2.22,5,43
"17-184_3B.04",1.66,5,44
"17-184_3B.08",2.51,5,45
"17-183_3B.04",2.46,5,46
"17-182_3-1B.23",3.08,5,47
"17-183_3B.02",1.99,5,48
"17-180_4-1O.06",1.9,5,49
"17-180_4-1O.05",1.69,5,50
"17-180_4-1O.03",1.9,5,51
"17-182_3-1B.12",2.08,5,52
"17-180_4-1O.13",2.14,5,53
"17-182_3-1B.21",1.7,5,54
"17-180_4-1O.01",1.93,5,55
"17-180_4-1O.09",2.51,5,56
"17-180_4-1O.15",2.29,5,57
"17-180_4-1O.14",2.44,5,58
"17-180_4-1O.04",2.15,5,59
"17-180_4-1O.02",1.26,5,60
"17-184_3B.05",1.8,5,61
"17-180_4-1O.08",2.6,5,62
"17-180_4-1O.07",2.02,5,63
"17-183_3B.10",3.26,5,64
"17-180_2-1O.10",1.58,5,65
"17-180_4-1O.12",2.4,5,66
"17-180_2-1O.02",1.73,5,67
"17-180_2-1O.03",1.51,5,68
"17-180_4-1O.25",1.02,5,69
"17-180_4-1O.24",2.66,5,70
"17-180_4-1O.23",2.67,5,71
"17-180_4-1O.22",2.38,5,72
"17-180_4-1O.18",2.15,5,73
"17-180_4-1O.17",2.26,5,74
"17-180_4-1O.16",2.05,5,75
"17-180_4-1O.10",2.3,5,76
"17-180_4-1O.20",2.32,5,77
"17-180_4-1O.11",2.27,5,78
"17-180_4-1O.19",1.99,5,79
"17-180_4-1O.21",2.66,5,80
"17-180_2-1O.01",2.02,5,81
"17-180_2-1O.08",1.86,5,82
"17-180_2-1O.04",1.6,5,83
"17-180_2-1O.05",1.6,5,84
"17-180_2-1O.07",2.09,5,85
"17-180_2-1O.09",1.97,5,86
"17-180_2-1O.06",1.61,5,87
"17-180_2-1O.12",2.5,5,88
"17-180_2-1O.15",1.59,5,89
"17-180_2-1O.13",1.63,5,90
"17-180_2-1O.14",1.86,5,91
"17-180_2-1O.19",1.58,5,92
"17-180_2-1O.11",1.64,5,93
"17-180_2-1O.20",2.16,5,94
"17-180_2-1O.16",1.73,5,95
"17-180_2-1O.17",1.89,5,96
"17-180_2-1O.18",1.98,5,97
"17-187_4-1O.24",1.7,8,1
"17-187_4-1O.11",1.65,8,2
"17-187_4-1O.18",1.69,8,3
"17-187_4-1O.16",1.74,8,4
"17-187_4-1O.13",1.7,8,5
"17-187_4-1O.10",1.52,8,6
"17-187_4-1O.05",2.01,8,7
"17-187_4-1O.23",1.72,8,8
"17-187_4-1O.12",1.97,8,9
"17-187_4-1O.02",1.62,8,10
"17-182_3-1O.19",3.08,8,11
"17-187_4-1O.15",2.19,8,12
"17-182_3-1O.20",3.32,8,13
"17-182_3-1O.23",1.75,8,14
"17-187_4-1O.09",1.94,8,15
"17-182_3-1O.22",3.83,8,16
"17-182_3-1O.21",3.25,8,17
"17-182_3-1O.18",2.28,8,18
"17-182_3-1O.06",2.56,8,19
"17-187_4-1O.01",1.38,8,20
"17-187_4-1O.03",1.48,8,21
"17-182_3-1O.13",1.86,8,22
"17-182_3-1O.25",2.11,8,23
"17-182_3-1O.24",2.13,8,24
"17-182_3-1O.16",2.6,8,25
"17-182_3-1O.07",3.41,8,26
"17-182_3-1O.11",3.15,8,27
"17-182_3-1O.17",2.43,8,28
"17-182_3-1O.15",2.52,8,29
"17-182_3-1O.09",2.47,8,30
"17-182_3-1O.14",2.83,8,31
"17-182_3-1O.03",3.54,8,32
"17-183_2O.01",1.31,8,33
"17-183_2O.08",1.24,8,34
"17-183_2O.02",1.56,8,35
"17-183_2O.03",1.96,8,36
"17-183_2O.05",1.79,8,37
"17-182_3-1O.12",3.16,8,38
"17-182_3-1O.04",2.84,8,39
"17-182_3-1O.02",2.64,8,40
"17-182_3-1O.10",2.73,8,41
"17-183_2O.06",1.3,8,42
"17-183_2O.04",1.57,8,43
"17-183_2O.10",1.78,8,44
"17-182_3-1O.01",3.14,8,45
"17-182_3-1O.05",3.13,8,46
"17-183_2O.09",1.69,8,47
"17-183_2O.07",1.16,8,48
"17-182_2-1O.04",3.29,8,49
"17-182_2-1O.08",2.68,8,50
"17-182_2-1O.01",2.39,8,51
"17-187_4-1O.14",1.76,8,52
"17-182_2-1O.16",2.35,8,53
"17-187_4-1O.19",2.27,8,54
"17-187_4-1O.22",1.37,8,55
"17-187_4-1O.08",1.81,8,56
"17-187_4-1O.25",1.8,8,57
"17-187_4-1O.17",2.45,8,58
"17-187_4-1O.20",1.82,8,59
"17-182_2-1O.07",2.85,8,60
"17-182_2-1O.09",2.16,8,61
"17-187_4-1O.04",1.6,8,62
"17-187_4-1O.07",2.01,8,63
"17-187_4-1O.06",1.88,8,64
"17-182_2-1O.20",3,8,65
"17-182_2-1O.19",3.09,8,66
"17-182_2-1O.15",2.39,8,67
"17-182_2-1O.14",1.56,8,68
"17-182_2-1O.17",2.97,8,69
"17-182_2-1O.25",2.62,8,70
"17-182_2-1O.13",2.56,8,71
"17-182_2-1O.18",2.93,8,72
"17-182_2-1O.11",2.77,8,73
"17-182_2-1O.03",3.1,8,74
"17-182_2-1O.12",2.25,8,75
"17-187_1-1O.14",2.06,8,76
"17-182_2-1O.10",2.72,8,77
"17-182_2-1O.02",1.53,8,78
"17-187_1-1O.01",2.19,8,79
"17-187_4-1O.21",2.23,8,80
"17-182_2-1O.22",3.15,8,81
"17-187_1-1O.07",1.81,8,82
"17-187_1-1O.08",3.03,8,83
"17-187_1-1O.22",1.62,8,84
"17-187_1-1O.13",1.82,8,85
"17-187_1-1O.04",2.28,8,86
"17-182_2-1O.24",3.03,8,87
"17-187_1-1O.05",1.75,8,88
"17-182_2-1O.06",3.31,8,89
"17-187_1-1O.16",1.24,8,90
"17-182_2-1O.23",3.53,8,91
"17-187_1-1O.12",1.86,8,92
"17-187_1-1O.02",1.66,8,93
"17-182_2-1O.21",2.57,8,94
"17-187_1-1O.06",1.73,8,95
"17-187_1-1O.09",1.69,8,96
"17-187_1-1O.03",1.99,8,97
"17-182_2-1O.05",2.6,8,98
"17-187_1-1O.11",1.92,8,99
"17-187_1-1O.15",2.08,8,100
"17-187_1-1O.10",1.66,8,101
"17-183_1O.07",1.46,8,102
"17-183_1O.03",1.39,8,103
"17-183_1O.04",2.91,8,104
"17-183_1O.09",1.93,8,105
"17-185_3O.02",1.63,8,106
"17-187_1-1O.24",2.03,8,107
"17-187_1-1O.18",2.32,8,108
"17-185_3O.06",2,8,109
"17-187_1-1O.23",1.2,8,110
"17-183_1O.02",2.03,8,111
"17-183_1O.05",1.79,8,112
"17-187_1-1O.17",1.73,8,113
"17-187_1-1O.25",2.4,8,114
"17-187_1-1O.19",2.13,8,115
"17-187_1-1O.21",1.94,8,116
"17-183_1O.06",1.59,8,117
"17-187_1-1O.20",3.06,8,118
"17-183_1O.10",2.48,8,119
"17-183_1O.08",1.42,8,120
"17-183_1O.01",2.12,8,121
"17-185_3O.03",1.67,8,122
"17-185_3O.05",1.46,8,123
"17-187_3-2O.02",1.97,8,124
"17-187_3-2O.07",1.98,8,125
"17-187_3-2O.08",1.38,8,126
"17-187_3-2O.04",1.37,8,127
"17-187_3-2O.01",1.69,8,128
"17-187_3-2O.03",1.89,8,129
"17-185_3O.09",1.72,8,130
"17-187_3-2O.10",1.91,8,131
"17-187_3-2O.05",1.89,8,132
"17-185_3O.01",1.89,8,133
"17-187_3-2O.14",2.53,8,134
"17-185_3O.10",2.23,8,135
"17-187_3-2O.09",1.48,8,136
"17-185_3O.04",1.66,8,137
"17-185_3O.08",2.59,8,138
"17-187_3-2O.12",2.77,8,139
"17-180_1-2O.01",1.97,8,140
"17-180_1-2O.02",2.39,8,141
"17-187_3-2O.13",2.41,8,142
"17-187_3-2O.11",2.04,8,143
"17-185_3O.07",1.82,8,144
"17-187_3-2O.22",1.35,8,145
"17-187_3-2O.19",1.69,8,146
"17-187_3-2O.23",1.68,8,147
"17-187_3-2O.25",1.58,8,148
"17-187_3-2O.06",1.87,8,149
"17-187_3-2O.18",1.91,8,150
"17-187_3-2O.21",1.52,8,151
"17-187_3-2O.24",1.69,8,152
"17-187_3-2O.20",1.6,8,153
"17-180_1-2O.12",1.99,8,154
"17-180_1-2O.07",2.38,8,155
"17-180_1-2O.03",1.6,8,156
"17-180_1-2O.11",2.07,8,157
"17-180_1-2O.10",1.79,8,158
"17-180_1-2O.19",2.28,8,159
"17-180_1-2O.09",2.22,8,160
"17-180_1-2O.13",2.18,8,161
"17-180_1-2O.05",2.44,8,162
"17-187_3-2O.15",2.61,8,163
"17-187_3-2O.17",2.53,8,164
"17-180_1-2O.17",1.64,8,165
"17-180_1-2O.08",2.35,8,166
"17-180_1-2O.06",2.03,8,167
"17-180_1-2O.15",1.65,8,168
"17-187_3-2O.16",2.62,8,169
"17-180_1-2O.20",1.96,8,170
"17-180_1-2O.14",1.81,8,171
"17-180_1-2O.04",2.31,8,172
"17-180_1-2O.23",1.63,8,173
"17-180_1-2O.24",1.79,8,174
"17-181_4-1O.13",2.03,8,175
"17-181_4-1O.01",1.65,8,176
"17-181_4-1O.09",1.49,8,177
"17-181_4-1O.04",1.63,8,178
"17-180_1-2O.22",1.67,8,179
"17-180_1-2O.25",2.17,8,180
"17-181_4-1O.02",1.88,8,181
"17-181_4-1O.07",1.37,8,182
"17-181_4-1O.08",2.19,8,183
"17-181_4-1O.05",1.61,8,184
"17-180_1-2O.16",2.01,8,185
"17-181_4-1O.06",1.99,8,186
"17-180_1-2O.21",1.82,8,187
"17-181_4-1O.03",1.99,8,188
"17-180_1-2O.18",1.52,8,189
"17-182_4-1O.17",2.6,8,190
"17-182_4-1O.25",1.25,8,191
"17-182_4-1O.19",1.73,8,192
"17-182_4-1O.20",2.28,8,193
"17-182_4-1O.02",1.18,8,194
"17-182_4-1O.21",2.72,8,195
"17-182_4-1O.06",1.81,8,196
"17-181_4-1O.19",1.47,8,197
"17-181_4-1O.25",1.52,8,198
"17-182_4-1O.13",2.51,8,199
"17-182_4-1O.16",2.17,8,200
"17-182_4-1O.10",2.17,8,201
"17-181_4-1O.24",1.72,8,202
"17-182_4-1O.01",1.83,8,203
"17-182_4-1O.03",2.98,8,204
"17-182_4-1O.07",2.29,8,205
"17-182_4-1O.04",2.31,8,206
"17-182_4-1O.11",2.64,8,207
"17-181_4-1O.16",1.54,8,208
"17-181_4-1O.15",1.67,8,209
"17-181_4-1O.11",1.81,8,210
"17-182_4-1O.08",1.58,8,211
"17-181_4-1O.17",1.89,8,212
"17-181_4-1O.10",2.27,8,213
"17-182_4-1O.05",2.26,8,214
"17-181_4-1O.22",1.65,8,215
"17-181_4-1O.23",1.61,8,216
"17-182_4-1O.12",2.36,8,217
"17-181_4-1O.18",1.67,8,218
"17-181_4-1O.12",1.25,8,219
"17-181_4-1O.14",1.73,8,220
"17-181_4-1O.21",1.46,8,221
"17-181_4-1O.20",1.71,8,222
"17-182_4-1O.14",2.01,8,223
"17-182_4-1O.23",1.61,8,224
"17-182_4-1O.09",3.24,8,225
"17-182_4-1O.18",2.05,8,226
"17-182_4-1O.22",2.54,8,227
"17-182_4-1O.15",2.25,8,228
"17-182_4-1O.24",2.73,8,229
"17-182_1-1O.05",1.6,9,1
"17-182_1-1O.01",1.76,9,2
"17-182_1-1O.12",1.59,9,3
"17-182_1-1O.07",2.42,9,4
"17-182_1-1O.08",2.69,9,5
"17-182_1-1O.04",2.24,9,6
"17-182_1-1O.14",3,9,7
"17-182_1-1O.18",2.73,9,8
"17-182_1-1O.02",2.27,9,9
"17-182_1-1O.10",3.26,9,10
"17-182_1-1O.06",3.03,9,11
"17-182_1-1O.03",1.52,9,12
"17-182_1-1O.09",2.59,9,13
"17-182_1-1O.24",2.36,9,14
"17-182_1-1O.23",2.16,9,15
"17-182_1-1O.22",1.16,9,16
"17-182_1-1O.25",2.95,9,17
"17-182_1-1O.21",3.21,9,18
"17-182_1-1O.13",2.01,9,19
"17-182_1-1O.17",1.82,9,20
"17-187_2-1O.02",1.41,9,21
"17-182_1-1O.11",3.05,9,22
"17-182_1-1O.15",2.19,9,23
"17-182_1-1O.16",2.67,9,24
"17-182_1-1O.20",1.73,9,25
"17-182_1-1O.19",1.75,9,26
"17-184_4O.08",2.1,9,27
"17-184_4O.01",2.55,9,28
"17-184_4O.10",3.07,9,29
"17-187_2-1O.01",1.9,9,30
"17-184_4O.05",2.27,9,31
"17-184_4O.06",1.94,9,32
"17-184_4O.09",2.21,9,33
"17-184_4O.07",2.43,9,34
"17-184_4O.04",3.25,9,35
"17-184_4O.02",1.68,9,36
"17-184_4O.03",2.34,9,37
"17-187_2-1O.14",2.25,9,38
"17-187_2-1O.07",2.27,9,39
"17-187_2-1O.03",1.99,9,40
"17-187_2-1O.08",1.5,9,41
"17-187_2-1O.04",2.49,9,42
"17-187_2-1O.17",2.01,9,43
"17-187_2-1O.13",2.16,9,44
"17-187_2-1O.09",1.17,9,45
"17-187_2-1O.05",1.41,9,46
"17-187_2-1O.06",1.83,9,47
"17-187_2-1O.12",2.08,9,48
"17-187_2-1O.22",1.99,9,49
"17-187_2-1O.10",2.08,9,50
"17-187_2-1O.25",2.17,9,51
"17-187_2-1O.11",1.88,9,52
"17-187_2-1O.20",1.77,9,53
"17-180_1-1O.08",2.98,9,54
"17-180_1-1O.03",2.25,9,55
"17-187_2-1O.19",2.47,9,56
"17-180_1-1O.05",1.78,9,57
"17-187_2-1O.23",2.24,9,58
"17-187_2-1O.16",2,9,59
"17-187_2-1O.18",2.18,9,60
"17-180_1-1O.07",1.86,9,61
"17-187_2-1O.15",2.01,9,62
"17-187_2-1O.24",2.15,9,63
"17-180_1-1O.02",1.8,9,64
"17-187_2-1O.21",1.56,9,65
"17-180_1-1O.04",1.54,9,66
"17-180_1-1O.01",1.52,9,67
"17-180_1-1O.06",1.78,9,68
"17-180_1-1O.09",2,9,69
"17-180_1-1O.21",3.15,9,70
"17-180_1-1O.18",2.09,9,71
"17-180_1-1O.10",1.57,9,72
"17-180_1-1O.14",2.65,9,73
"17-180_1-1O.17",2.8,9,74
"17-180_1-1O.19",1.79,9,75
"17-180_1-1O.24",1.06,9,76
"17-180_1-1O.13",3.07,9,77
"17-180_1-1O.11",1.24,9,78
"17-180_1-1O.22",2.49,9,79
"17-181_2-2O.06",2.61,9,80
"17-180_1-1O.23",1.5,9,81
"17-180_1-1O.12",3.15,9,82
"17-180_1-1O.16",2.62,9,83
"17-180_1-1O.20",2.99,9,84
"17-180_1-1O.25",2.04,9,85
"17-181_2-2O.05",2.06,9,86
"17-180_1-1O.15",2.67,9,87
"17-181_2-2O.09",1.41,9,88
"17-181_2-2O.14",1.85,9,89
"17-181_2-2O.03",1.59,9,90
"17-181_2-2O.04",1.87,9,91
"17-181_2-2O.02",1.81,9,92
"17-181_2-2O.17",1.73,9,93
"17-181_2-2O.08",2.16,9,94
"17-181_2-2O.01",1.98,9,95
"17-181_2-2O.15",2.37,9,96
"17-181_2-2O.07",1.85,9,97
"17-181_2-2O.16",2.36,9,98
"17-181_2-2O.18",2.66,9,99
"17-181_2-2O.11",1.46,9,100
"17-181_2-2O.13",2.11,9,101
"17-181_2-2O.10",1.82,9,102
"17-181_2-2O.12",1.92,9,103
"17-181_3-1O.25",2.19,9,104
"17-182_4-2O.03",2.68,9,105
"17-182_4-2O.04",2.93,9,106
"17-181_3-1O.12",2.08,9,107
"17-181_3-1O.22",1.83,9,108
"17-181_3-1O.15",1.57,9,109
"17-181_3-1O.18",1.97,9,110
"17-181_3-1O.24",1.65,9,111
"17-187_3-1O.08",1.77,9,112
"17-184_2O.01",1.53,9,113
"17-187_3-1O.09",1.97,9,114
"17-187_3-1O.16",1.43,9,115
"17-187_3-1O.06",1.1,9,116
"17-184_2O.09",2.28,9,117
"17-187_3-1O.10",1.93,9,118
"17-187_3-1O.04",1.22,9,119
"17-187_3-1O.14",1.35,9,120
"17-187_3-1O.15",1.46,9,121
"17-187_3-1O.11",1.89,9,122
"17-187_3-1O.02",1.53,9,123
"17-187_3-1O.23",1.62,9,124
"17-187_3-1O.07",1.47,9,125
"17-187_3-1O.03",2.43,9,126
"17-185_4O.03",1.71,9,127
"17-187_3-1O.24",1.79,9,128
"17-185_4O.02",1.88,9,129
"17-187_3-1O.05",1.5,9,130
"17-184_2O.03",1.87,9,131
"17-187_3-1O.01",1.24,9,132
"17-184_2O.02",2.09,9,133
"17-184_2O.05",1.95,9,134
"17-184_2O.07",2.09,9,135
"17-184_2O.06",2.11,9,136
"17-184_2O.04",2.35,9,137
"17-181_2-2O.21",1.76,9,138
"17-181_2-2O.23",1.71,9,139
"17-181_2-2O.19",2.49,9,140
"17-184_2O.10",1.89,9,141
"17-184_2O.08",1.93,9,142
"17-181_2-2O.22",1.73,9,143
"17-181_2-2O.24",1.71,9,144
"17-181_2-2O.25",1.94,9,145
"17-181_2-2O.20",1.66,9,146
"17-187_4-2O.01",1.97,9,147
"17-187_3-1O.12",1.96,9,148
"17-187_3-1O.18",1.44,9,149
"17-187_3-1O.13",1.54,9,150
"17-187_3-1O.19",1.94,9,151
"17-187_4-2O.02",2.2,9,152
"17-185_4O.08",1.36,9,153
"17-187_4-2O.05",2.84,9,154
"17-187_4-2O.03",2.05,9,155
"17-185_4O.05",1.47,9,156
"17-187_3-1O.20",1.58,9,157
"17-187_3-1O.22",2.52,9,158
"17-187_4-2O.04",2,9,159
"17-187_3-1O.25",2.53,9,160
"17-185_4O.06",1.46,9,161
"17-187_3-1O.21",1.33,9,162
"17-185_4O.07",1.29,9,163
"17-187_3-1O.17",2.04,9,164
"17-185_4O.01",1.83,9,165
"17-187_4-2O.09",1.88,9,166
"17-187_4-2O.12",2.19,9,167
"17-187_4-2O.06",1.96,9,168
"17-187_4-2O.14",1.81,9,169
"17-187_4-2O.08",1.54,9,170
"17-185_4O.04",1.29,9,171
"17-185_4O.09",1.45,9,172
"17-187_4-2O.13",2.56,9,173
"17-187_4-2O.20",2.16,9,174
"17-187_4-2O.15",2.01,9,175
"17-187_4-2O.19",2.56,9,176
"17-187_4-2O.16",1.66,9,177
"17-187_4-2O.07",1.86,9,178
"17-187_4-2O.10",2.33,9,179
"17-187_4-2O.11",2.13,9,180
"17-185_4O.10",1.81,9,181
"17-187_4-2O.17",2.11,9,182
"17-187_4-2O.18",2.58,9,183
"17-184_3O.02",2.34,9,184
"17-187_4-2O.23",1.9,9,185
"17-184_3O.01",2.36,9,186
"17-184_3O.04",2.56,9,187
"17-187_4-2O.21",2.51,9,188
"17-187_4-2O.22",1.67,9,189
"17-184_3O.03",2.6,9,190
"17-187_4-2O.25",2.07,9,191
"17-187_4-2O.24",1.82,9,192
"17-184_3O.07",1.89,9,193
"17-184_3O.08",1.76,9,194
"17-184_3O.09",2.41,9,195
"17-184_3O.06",2.12,9,196
"17-184_3O.10",1.91,9,197
"17-184_3O.05",2.21,9,198
"17-181_4-2O.19",2.36,9,199
"17-181_4-2O.22",1.52,9,200
"17-181_4-2O.14",2.41,9,201
"17-181_4-2O.23",2.31,9,202
"17-182_3-2O.01",2.28,9,203
"17-181_4-2O.16",1.99,9,204
"17-181_4-2O.20",1.91,9,205
"17-181_4-2O.05",2.59,9,206
"17-181_4-2O.07",2.5,9,207
"17-181_4-2O.02",2.02,9,208
"17-181_4-2O.01",1.71,9,209
"17-181_4-2O.03",1.46,9,210
"17-181_4-2O.10",2.45,9,211
"17-181_4-2O.06",2.3,9,212
"17-181_4-2O.04",1.97,9,213
"17-181_4-2O.08",2.23,9,214
"17-181_4-2O.11",2.46,9,215
"17-181_4-2O.09",2.3,9,216
"17-181_4-2O.12",2.42,9,217
"17-181_4-2O.13",1.91,9,218
"17-182_3-2O.04",2.48,9,219
"17-182_3-2O.07",2.74,9,220
"17-181_4-2O.15",1.76,9,221
"17-181_4-2O.17",1.68,9,222
"17-182_3-2O.02",2.25,9,223
"17-182_3-2O.05",2.29,9,224
"17-181_4-2O.24",2.28,9,225
"17-181_4-2O.25",2.81,9,226
"17-182_3-2O.09",2.18,9,227
"17-182_3-2O.06",2.02,9,228
"17-181_4-2O.18",2.76,9,229
"17-181_4-2O.21",2.23,9,230
"17-182_3-2O.13",2.81,9,231
"17-182_3-2O.15",2.82,9,232
"17-182_3-2O.14",2.55,9,233
"17-182_3-2O.16",3.24,9,234
"17-182_3-2O.17",1.98,9,235
"17-182_3-2O.10",2.83,9,236
"17-182_3-2O.18",2.45,9,237
"17-181_3-1O.01",2.24,9,238
"17-182_3-2O.19",2.22,9,239
"17-182_3-2O.20",2.38,9,240
"17-181_3-1O.03",1.31,9,241
"17-181_3-1O.14",1.51,9,242
"17-181_3-1O.02",1.9,9,243
"17-181_3-1O.05",1.8,9,244
"17-182_3-2O.21",1.87,9,245
"17-181_3-1O.04",2.91,9,246
"17-181_3-1O.06",1.82,9,247
"17-181_3-1O.07",2.04,9,248
"17-182_3-2O.08",2.32,9,249
"17-181_3-1O.08",2.17,9,250
"17-182_3-2O.11",2.32,9,251
"17-182_3-2O.03",1.99,9,252
"17-181_3-1O.09",2.06,9,253
"17-181_3-1O.10",1.81,9,254
"17-182_3-2O.12",2.33,9,255
"17-181_3-1O.17",2.04,9,256
"17-181_3-1O.20",1.42,9,257
"17-181_3-1O.21",2.05,9,258
"17-181_3-1O.23",1.57,9,259
"17-181_3-1O.13",1.97,9,260
"17-183_3O.09",1.58,9,261
"17-182_4-2O.22",2.2,9,262
"17-181_3-1O.19",2.08,9,263
"17-183_3O.10",2.02,9,264
"17-181_3-1O.16",1.57,9,265
"17-182_4-2O.16",1.9,9,266
"17-181_3-1O.11",2.16,9,267
"17-182_4-2O.17",2.22,9,268
"17-183_3O.03",1.84,9,269
"17-183_3O.07",1.83,9,270
"17-183_3O.02",1.62,9,271
"17-183_3O.04",1.03,9,272
"17-183_3O.08",1.55,9,273
"17-182_4-2O.21",1.58,9,274
"17-182_4-2O.25",1.44,9,275
"17-182_4-2O.01",2.4,9,276
"17-182_4-2O.09",1.99,9,277
"17-182_4-2O.10",2.53,9,278
"17-182_4-2O.02",2.83,9,279
"17-182_4-2O.06",1.83,9,280
"17-182_4-2O.08",2.5,9,281
"17-182_4-2O.05",3.03,9,282
"17-182_4-2O.15",1.99,9,283
"17-182_4-2O.18",3.04,9,284
"17-182_4-2O.07",2.72,9,285
"17-182_4-2O.14",1.63,9,286
"17-182_4-2O.12",1.44,9,287
"17-182_4-2O.23",2.66,9,288
"17-183_3O.01",1.49,9,289
"17-182_4-2O.20",2.54,9,290
"17-182_4-2O.11",2.72,9,291
"17-183_3O.05",1.87,9,292
"17-182_4-2O.19",2.73,9,293
"17-183_3O.06",1.35,9,294
"17-182_4-2O.13",1.72,9,295
"17-187_1-2O.23",1.66,10,1
"17-180_3-2O.05",1.44,10,2
"17-180_3-2O.03",1.81,10,3
"17-180_3-2O.01",1.76,10,4
"17-180_3-2O.04",1.57,10,5
"17-187_1-2O.24",2.3,10,6
"17-180_3-2O.02",1.72,10,7
"17-187_1-2O.21",2.55,10,8
"17-180_3-2O.07",2.09,10,9
"17-187_1-2O.25",1.7,10,10
"17-187_1-2O.03",2.23,10,11
"17-187_1-2O.02",1.46,10,12
"17-187_1-2O.22",1.59,10,13
"17-187_1-2O.20",1.68,10,14
"17-180_3-2O.06",1.49,10,15
"17-187_1-2O.01",2.05,10,16
"17-187_1-2O.13",2.13,10,17
"17-187_1-2O.11",1.63,10,18
"17-187_1-2O.14",1.48,10,19
"17-187_1-2O.16",2.46,10,20
"17-187_1-2O.12",1.57,10,21
"17-187_1-2O.09",1.26,10,22
"17-187_1-2O.04",2.43,10,23
"17-187_1-2O.05",1.18,10,24
"17-187_1-2O.18",1.65,10,25
"17-187_1-2O.15",1.35,10,26
"17-187_1-2O.19",2.17,10,27
"17-187_1-2O.17",1.61,10,28
"17-187_1-2O.10",2.04,10,29
"17-187_1-2O.08",2.11,10,30
"17-187_1-2O.07",1.41,10,31
"17-187_1-2O.06",1.52,10,32
"17-181_1-2O.09",1.99,10,33
"17-181_1-2O.18",2.55,10,34
"17-181_1-2O.24",1.72,10,35
"17-181_1-2O.16",1.46,10,36
"17-181_1-2O.21",1.59,10,37
"17-181_1-2O.20",1.69,10,38
"17-181_1-2O.25",1.98,10,39
"17-181_1-2O.17",1.48,10,40
"17-181_1-2O.19",1.48,10,41
"17-181_1-2O.23",1.47,10,42
"17-181_1-2O.22",1.95,10,43
"17-181_2-1O.20",1.36,10,44
"17-181_2-1O.13",1.96,10,45
"17-181_2-1O.15",1.61,10,46
"17-181_2-1O.07",1.14,10,47
"17-181_2-1O.24",1.93,10,48
"17-181_2-1O.23",1.44,10,49
"17-181_2-1O.06",1.57,10,50
"17-181_2-1O.14",2.13,10,51
"17-181_2-1O.05",1.72,10,52
"17-181_2-1O.01",1.83,10,53
"17-181_2-1O.08",2.28,10,54
"17-181_2-1O.02",2.21,10,55
"17-181_2-1O.10",1.64,10,56
"17-181_2-1O.04",1.85,10,57
"17-181_2-1O.03",1.14,10,58
"17-181_2-1O.09",1.72,10,59
"17-181_2-1O.21",1.65,10,60
"17-180_4-2O.05",1.8,10,61
"17-181_2-1O.11",1.63,10,62
"17-181_2-1O.12",1.94,10,63
"17-180_2-2O.02",1.69,10,64
"17-181_2-1O.19",2.15,10,65
"17-180_4-2O.03",1.71,10,66
"17-180_4-2O.10",2.08,10,67
"17-180_4-2O.11",1.65,10,68
"17-180_4-2O.09",1.98,10,69
"17-181_2-1O.18",1.67,10,70
"17-181_2-1O.25",1.31,10,71
"17-181_2-1O.22",1.69,10,72
"17-180_4-2O.06",1.89,10,73
"17-181_2-1O.17",2.66,10,74
"17-180_4-2O.07",1.82,10,75
"17-180_4-2O.02",1.57,10,76
"17-180_4-2O.04",1.59,10,77
"17-180_4-2O.08",2.09,10,78
"17-181_2-1O.16",2.67,10,79
"17-180_4-2O.01",2.39,10,80
"17-180_4-2O.21",1.54,10,81
"17-180_4-2O.13",1.53,10,82
"17-180_4-2O.14",1.86,10,83
"17-180_4-2O.19",1.54,10,84
"17-180_2-2O.01",1.77,10,85
"17-180_4-2O.16",2.24,10,86
"17-180_4-2O.15",1.85,10,87
"17-180_2-2O.11",2.26,10,88
"17-180_4-2O.18",2.13,10,89
"17-180_2-2O.03",1.49,10,90
"17-180_4-2O.20",1.77,10,91
"17-180_4-2O.17",1.7,10,92
"17-180_4-2O.12",1.44,10,93
"17-180_2-2O.12",1.63,10,94
"17-180_2-2O.15",2.39,10,95
"17-180_2-2O.14",1.36,10,96
"17-180_2-2O.08",1.89,10,97
"17-180_2-2O.05",2.07,10,98
"17-181_1-2O.01",1.65,10,99
"17-180_2-2O.24",2.29,10,100
"17-180_2-2O.13",1.88,10,101
"17-180_2-2O.04",1.82,10,102
"17-180_2-2O.07",1.55,10,103
"17-181_1-2O.02",2.26,10,104
"17-180_2-2O.17",2.39,10,105
"17-180_2-2O.06",1.33,10,106
"17-180_2-2O.16",2.25,10,107
"17-180_2-2O.09",2.23,10,108
"17-180_2-2O.10",1.76,10,109
"17-180_2-2O.25",2.19,10,110
"17-180_2-2O.23",1.69,10,111
"17-180_2-2O.21",2.28,10,112
"17-181_1-2O.05",2.21,10,113
"17-181_1-2O.10",2.14,10,114
"17-181_1-2O.12",1.21,10,115
"17-181_1-2O.13",1.9,10,116
"17-181_1-2O.15",1.8,10,117
"17-181_1-2O.11",1.16,10,118
"17-180_2-2O.20",1.26,10,119
"17-180_2-2O.18",1.55,10,120
"17-181_1-2O.03",2.48,10,121
"17-181_1-2O.06",1.74,10,122
"17-181_1-2O.04",2.01,10,123
"17-181_1-2O.08",2.13,10,124
"17-181_1-2O.14",1.57,10,125
"17-180_2-2O.22",1.38,10,126
"17-181_1-2O.07",2.33,10,127
"17-180_2-2O.19",2.23,10,128
"17-180_3-2O.25",1.74,10,129
"17-185_2O.01",2.12,10,130
"17-180_3-2O.16",1.86,10,131
"17-180_3-2O.22",0.99,10,132
"17-180_3-2O.18",2.24,10,133
"17-180_3-2O.12",1.97,10,134
"17-180_3-2O.24",2.35,10,135
"17-180_3-2O.11",1.84,10,136
"17-180_3-2O.21",1.61,10,137
"17-180_3-2O.08",1.19,10,138
"17-180_3-2O.17",1.78,10,139
"17-180_3-2O.23",1.99,10,140
"17-180_3-2O.20",1.6,10,141
"17-185_2O.02",2.15,10,142
"17-180_3-2O.19",1.62,10,143
"17-180_3-2O.15",1.86,10,144
"17-180_3-2O.13",1.52,10,145
"17-180_3-2O.09",1.78,10,146
"17-185_2O.08",1.57,10,147
"17-183_4O.02",2.12,10,148
"17-185_2O.05",2.17,10,149
"17-185_2O.06",1.85,10,150
"17-185_2O.07",1.96,10,151
"17-185_2O.03",1.86,10,152
"17-183_4O.04",2.21,10,153
"17-183_4O.07",2.36,10,154
"17-183_4O.03",1.65,10,155
"17-185_2O.04",1.99,10,156
"17-185_2O.10",1.4,10,157
"17-185_2O.09",1.71,10,158
"17-180_3-2O.10",1.13,10,159
"17-180_3-2O.14",1.6,10,160
"17-182_1-2O.03",2.31,10,161
"17-182_1-2O.07",2.91,10,162
"17-182_1-2O.10",1.91,10,163
"17-182_1-2O.06",2.51,10,164
"17-182_1-2O.11",2.92,10,165
"17-182_1-2O.12",2.12,10,166
"17-182_1-2O.02",3.01,10,167
"17-182_1-2O.14",2.79,10,168
"17-182_1-2O.05",2.54,10,169
"17-182_1-2O.09",2.01,10,170
"17-183_4O.08",1.53,10,171
"17-183_4O.01",2.11,10,172
"17-182_1-2O.08",3.16,10,173
"17-182_1-2O.13",2.55,10,174
"17-183_4O.05",1.93,10,175
"17-183_4O.06",1.88,10,176
"17-182_1-2O.24",2.61,10,177
"17-182_1-2O.22",1.7,10,178
"17-180_3-1O.03",1.64,10,179
"17-182_1-2O.20",2.76,10,180
"17-180_3-1O.02",1.59,10,181
"17-182_1-2O.21",1.87,10,182
"17-182_1-2O.19",1.78,10,183
"17-182_1-2O.16",2.59,10,184
"17-182_1-2O.15",1.77,10,185
"17-182_1-2O.17",1.72,10,186
"17-183_4O.09",2.29,10,187
"17-183_4O.10",1.92,10,188
"17-182_1-2O.18",2.46,10,189
"17-180_3-1O.01",1.32,10,190
"17-182_1-2O.01",2.08,10,191
"17-182_1-2O.04",1.75,10,192
"17-180_3-1O.09",1.92,10,193
"17-180_3-1O.07",1.86,10,194
"17-180_3-1O.05",1.63,10,195
"17-180_3-1O.19",1.83,10,196
"17-180_3-1O.20",1.78,10,197
"17-180_3-1O.10",1.59,10,198
"17-180_3-1O.15",1.93,10,199
"17-180_3-1O.06",1.69,10,200
"17-180_3-1O.04",1.87,10,201
"17-180_3-1O.08",1.26,10,202
"17-182_1-2O.25",1.52,10,203
"17-180_3-1O.16",1.63,10,204
"17-180_3-1O.18",1.86,10,205
"17-180_3-1O.17",1.58,10,206
"17-180_3-1O.12",1.7,10,207
"17-182_1-2O.23",2.35,10,208
"17-182_2-2O.08",2.52,10,209
"17-182_2-2O.10",2.51,10,210
"17-180_3-1O.24",1.96,10,211
"17-182_2-2O.05",2.05,10,212
"17-182_2-2O.04",2.34,10,213
"17-182_2-2O.03",1.76,10,214
"17-182_2-2O.07",2.84,10,215
"17-180_3-1O.25",1.68,10,216
"17-180_3-1O.23",1.76,10,217
"17-182_2-2O.02",2.17,10,218
"17-180_3-1O.11",1.84,10,219
"17-180_3-1O.21",1.89,10,220
"17-180_3-1O.13",1.16,10,221
"17-182_2-2O.09",2.56,10,222
"17-182_2-2O.01",3.42,10,223
"17-180_3-1O.14",1.46,10,224
"17-182_2-2O.13",2.68,10,225
"17-182_2-2O.14",1.97,10,226
"17-185_1O.06",2.03,10,227
"17-182_2-2O.20",3.06,10,228
"17-182_2-2O.15",2.72,10,229
"17-185_1O.05",2.24,10,230
"17-182_2-2O.06",2.05,10,231
"17-182_2-2O.16",2.76,10,232
"17-180_3-1O.22",1.84,10,233
"17-185_1O.07",2.85,10,234
"17-182_2-2O.11",2.68,10,235
"17-182_2-2O.18",2.41,10,236
"17-185_1O.04",2,10,237
"17-185_1O.03",1.67,10,238
"17-182_2-2O.12",2.39,10,239
"17-182_2-2O.19",2.56,10,240
"17-182_2-2O.25",2.22,10,241
"17-185_1O.09",1.81,10,242
"17-182_2-2O.21",2.54,10,243
"17-184_1O.06",2.49,10,244
"17-184_1O.07",1.66,10,245
"17-182_2-2O.22",2.69,10,246
"17-182_2-2O.17",2.37,10,247
"17-184_1O.09",2.22,10,248
"17-185_1O.01",1.78,10,249
"17-185_1O.10",1.98,10,250
"17-184_1O.01",2.11,10,251
"17-182_2-2O.23",2.05,10,252
"17-182_2-2O.24",2.42,10,253
"17-185_1O.02",2.23,10,254
"17-184_1O.08",2.08,10,255
"17-185_1O.08",1.79,10,256
"17-187_2-2O.09",1.77,10,257
"17-187_2-2O.10",1.97,10,258
"17-187_2-2O.05",2.24,10,259
"17-187_2-2O.14",2.04,10,260
"17-184_1O.04",1.6,10,261
"17-187_2-2O.06",1.99,10,262
"17-187_2-2O.11",2.08,10,263
"17-184_1O.03",2.99,10,264
"17-187_2-2O.07",2,10,265
"17-184_1O.05",2.04,10,266
"17-187_2-2O.12",2.32,10,267
"17-187_2-2O.15",2.18,10,268
"17-184_1O.10",1.77,10,269
"17-184_1O.02",1.41,10,270
"17-187_2-2O.08",1.95,10,271
"17-187_2-2O.13",1.81,10,272
"17-187_2-2O.01",1.78,10,273
"17-187_2-2O.04",1.71,10,274
"17-187_2-2O.02",2.25,10,275
"17-187_2-2O.17",1.85,10,276
"17-187_2-2O.16",2.11,10,277
"17-187_2-2O.03",2.7,10,278
"17-187_2-2O.20",2.07,10,279
"17-187_2-2O.19",1.88,10,280
"17-187_2-2O.18",1.83,10,281
"17-187_2-2O.22",1.85,10,282
"17-187_2-2O.24",2.19,10,283
"17-187_2-2O.23",1.88,10,284
"17-187_2-2O.25",1.82,10,285
"17-187_2-2O.21",2.37,10,286
"17-181_3-2O.19",1.64,11,1
"17-181_3-2O.14",1.66,11,2
"17-181_3-2O.05",1.47,11,3
"17-181_3-2O.17",2.42,11,4
"17-181_3-2O.20",1.09,11,5
"17-181_3-2O.16",2.27,11,6
"17-181_3-2O.01",1.4,11,7
"17-181_3-2O.02",1.49,11,8
"17-181_3-2O.03",1.33,11,9
"17-181_3-2O.04",1.24,11,10
"17-181_3-2O.18",1.79,11,11
"17-181_3-2O.25",1.53,11,12
"17-181_3-2O.24",2.08,11,13
"17-181_3-2O.15",1.47,11,14
"17-181_3-2O.21",1.25,11,15
"17-181_3-2O.23",2.72,11,16
"17-181_3-2O.22",2.13,11,17
"17-181_3-2O.11",2.53,11,18
"17-181_1-1O.03",2.06,11,19
"17-181_1-1O.02",2.22,11,20
"17-181_3-2O.08",2.67,11,21
"17-181_3-2O.07",1.79,11,22
"17-181_3-2O.09",1.28,11,23
"17-181_1-1O.05",2.32,11,24
"17-181_3-2O.12",2.55,11,25
"17-181_3-2O.10",1.81,11,26
"17-181_1-1O.01",2.33,11,27
"17-181_1-1O.04",3.36,11,28
"17-181_3-2O.13",2.59,11,29
"17-181_3-2O.06",1.65,11,30
"17-181_1-1O.22",2.61,11,31
"17-181_1-1O.23",3.24,11,32
"17-182_3-2E2.02",2.06,11,33
"17-182_3-2E1.01",2.38,11,34
"17-182_3-2E2.03",2.21,11,35
"17-182_3-2E6.02",2.1,11,36
"17-182_3-2E2.01",1.96,11,37
"17-182_3-2E1.03",2.02,11,38
"17-182_3-2E3.02",2.39,11,39
"17-182_3-2E3.01",2.51,11,40
"17-182_3-2E1.02",2.26,11,41
"17-181_1-1O.24",1.8,11,42
"17-182_3-2E7.01",2.06,11,43
"17-181_1-1O.25",1.47,11,44
"17-182_3-2E6.01",2.19,11,45
"17-182_3-2E7.02",2.05,11,46
"17-181_1-1O.21",1.87,11,47
"17-181_1-1O.11",1.65,11,48
"17-181_1-1O.13",1.64,11,49
"17-181_1-1O.07",1.99,11,50
"17-181_1-1O.15",1.53,11,51
"17-181_1-1O.17",2.8,11,52
"17-181_1-1O.12",1.83,11,53
"17-181_1-1O.16",2.24,11,54
"17-181_1-1O.19",2.4,11,55
"17-181_1-1O.18",1.74,11,56
"17-181_1-1O.10",2.65,11,57
"17-181_1-1O.09",2.45,11,58
"17-181_1-1O.14",2.35,11,59
"17-181_1-1O.08",2.74,11,60
"17-181_1-1O.06",2.03,11,61
"17-181_1-1O.20",2.41,11,62
"17-180_2-1E2.03",1.22,12,1
"17-180_2-1E1.02",1.18,12,2
"17-180_2-1E7.01",2.53,12,3
"17-180_3-1E1.02",2.52,12,4
"17-180_3-1E3.02",2.56,12,5
"17-180_3-1E6.03",1.73,12,6
"17-180_3-1E6.02",1.57,12,7
"17-180_3-1E1.01",2.19,12,8
"17-180_3-1E3.03",1.88,12,9
"17-180_3-1E2.03",1.28,12,10
"17-180_3-1E2.01",2.04,12,11
"17-180_3-1E4.01",1.32,12,12
"17-180_3-1E2.02",2.1,12,13
"17-180_3-1E3.01",1.98,12,14
"17-180_3-1E6.01",1.85,12,15
"17-180_3-1E4.02",1.67,12,16
"17-180_3-1E4.03",1.02,12,17
"17-180_2-1E3.01",1.9,12,18
"17-182_2-1E7.02",2.42,12,19
"17-182_2-1E4.01",2.41,12,20
"17-180_2-1E2.02",1.55,12,21
"17-180_2-1E7.03",2.08,12,22
"17-180_2-1E6.03",1.54,12,23
"17-182_2-1E3.01",2.15,12,24
"17-180_2-1E4.02",1.46,12,25
"17-180_2-1E5.01",1.59,12,26
"17-180_2-1E5.02",1.56,12,27
"17-180_2-1E4.03",1.48,12,28
"17-182_2-1E7.01",2.54,12,29
"17-180_2-1E3.03",1.79,12,30
"17-180_2-1E1.01",1.13,12,31
"17-180_2-1E4.01",1.99,12,32
"17-180_2-1E1.03",1.22,12,33
"17-180_2-1E2.01",1.32,12,34
"17-182_2-1E6.01",2.28,12,35
"17-182_2-1E5.01",2.61,12,36
"17-182_2-1E4.02",2.74,12,37
"17-183_3E3.02",1.21,12,38
"17-183_3E4.01",1.1,12,39
"17-183_3E5.01",1.08,12,40
"17-183_3E1.01",1.28,12,41
"17-183_3E5.02",1.11,12,42
"17-183_3E1.02",1.05,12,43
"17-182_2-1E2.03",2.49,12,44
"17-182_2-1E3.02",2.3,12,45
"17-182_2-1E3.03",2.61,12,46
"17-183_3E2.02",1.58,12,47
"17-182_2-1E1.01",2.23,12,48
"17-183_3E4.02",1.11,12,49
"17-182_2-1E2.01",1.92,12,50
"17-183_3E3.01",1.14,12,51
"17-182_2-1E1.03",2.13,12,52
"17-182_2-1E2.02",2.24,12,53
"17-182_2-1E1.02",2.15,12,54
"17-183_3E2.01",1.74,12,55
"17-182_4-1E1.01",1.94,12,56
"17-182_4-1E1.02",1.98,12,57
"17-180_3-1E7.02",1.55,12,58
"17-180_3-1E5.01",1.37,12,59
"17-182_4-1E3.02",2.88,12,60
"17-182_4-1E2.02",2.48,12,61
"17-180_3-1E5.02",1.7,12,62
"17-182_4-1E2.03",2.45,12,63
"17-182_4-1E3.01",2.6,12,64
"17-182_4-1E6.02",2.03,12,65
"17-180_3-1E5.03",1.34,12,66
"17-180_3-1E7.01",1.72,12,67
"17-180_3-1E8.01",1.53,12,68
"17-182_4-1E6.01",2.19,12,69
"17-180_3-1E8.02",1.48,12,70
"17-180_2-1E7.02",2.19,12,71
"17-180_3-1E8.03",1.61,12,72
"17-180_2-1E6.02",1.58,12,73
"17-180_2-1E6.01",1.13,12,74
"17-180_3-1E7.03",1.65,12,75
"17-182_4-1E7.02",1.92,12,76
"17-182_4-1E5.02",1.98,12,77
"17-182_4-1E4.01",1.38,12,78
"17-182_4-1E5.01",2.26,12,79
"17-182_4-1E4.03",1.45,12,80
"17-182_2-2E2.02",1.83,12,81
"17-182_4-1E4.02",2.18,12,82
"17-182_2-2E2.01",1.76,12,83
"17-182_2-2E1.02",1.91,12,84
"17-182_4-1E2.01",1.92,12,85
"17-182_4-1E7.01",2.08,12,86
"17-182_2-2E4.02",2.35,12,87
"17-182_2-2E1.01",2.11,12,88
"17-182_2-2E1.03",2.35,12,89
"17-182_2-2E3.02",2.1,12,90
"17-182_2-2E5.03",2.35,12,91
"17-182_2-2E4.01",2.62,12,92
"17-182_3-2E4.02",2.22,12,93
"17-182_2-2E5.01",2.07,12,94
"17-182_2-2E3.01",1.86,12,95
"17-182_2-2E4.03",2.47,12,96
"17-182_2-2E7.03",2.47,12,97
"17-182_3-2E5.01",1.71,12,98
"17-182_2-2E5.02",2.62,12,99
"17-182_2-2E7.01",2.43,12,100
"17-182_3-2E5.02",1.86,12,101
"17-182_3-2E4.01",2.01,12,102
"17-182_2-2E6.01",2.05,12,103
"17-182_2-2E6.02",2.03,12,104
"17-182_2-2E7.02",2.24,12,105
"17-181_1-1E8.02",1.69,16,1
"17-181_4-2E2.02",1.27,16,2
"17-181_1-1E6.01",1.92,16,3
"17-181_4-2E6.02",2.03,16,4
"17-181_1-1E8.03",2.02,16,5
"17-181_4-2E3.02",1.59,16,6
"17-181_4-2E4.03",2.2,16,7
"17-181_4-2E7.01",1.46,16,8
"17-181_4-2E4.02",1.7,16,9
"17-181_4-2E4.01",2.13,16,10
"17-181_4-2E1.03",1.78,16,11
"17-181_4-2E7.02",1.46,16,12
"17-181_4-2E5.02",1.69,16,13
"17-181_4-2E3.01",1.19,16,14
"17-181_4-2E5.01",1.82,16,15
"17-181_4-2E3.03",1.6,16,16
"17-180_1-2E7.01",1.81,16,17
"17-180_1-2E8.03",1.81,16,18
"17-180_1-2E8.02",1.6,16,19
"17-181_1-1E8.01",1.96,16,20
"17-181_1-1E4.02",2.26,16,21
"17-181_1-1E5.03",1.05,16,22
"17-180_1-2E7.02",2.09,16,23
"17-181_1-1E5.02",1.38,16,24
"17-180_1-2E8.01",1.63,16,25
"17-181_1-1E4.01",2.72,16,26
"17-181_1-1E7.01",1.7,16,27
"17-181_4-2E1.01",1.49,16,28
"17-181_4-2E5.03",2.09,16,29
"17-181_4-2E2.01",1.33,16,30
"17-181_4-2E1.02",1.39,16,31
"17-181_4-2E6.01",1.3,16,32
"17-180_1-2E6.03",2.03,16,33
"17-180_1-2E4.01",2.14,16,34
"17-180_1-2E2.03",1.73,16,35
"17-180_1-2E1.02",1.05,16,36
"17-181_1-1E5.01",0.83,16,37
"17-180_1-2E1.01",1.65,16,38
"17-180_1-2E3.01",1.48,16,39
"17-181_1-1E1.03",1.54,16,40
"17-180_1-2E7.03",1.96,16,41
"17-181_1-1E3.02",1.38,16,42
"17-181_1-1E3.03",1.48,16,43
"17-181_1-1E2.01",1.8,16,44
"17-181_1-1E3.01",1.39,16,45
"17-181_1-1E1.01",1.98,16,46
"17-181_1-1E2.02",2.22,16,47
"17-181_1-1E1.02",1.44,16,48
"17-184_1E3.02",1.4,16,49
"17-184_1E5.01",1.38,16,50
"17-184_1E3.01",1.69,16,51
"17-184_1E5.02",2.63,16,52
"17-184_1E2.02",2.08,16,53
"17-184_2-1E4.01",1.78,16,54
"17-180_1-2E1.03",2.19,16,55
"17-184_2-1E2.02",1.94,16,56
"17-180_1-2E2.02",1.32,16,57
"17-180_1-2E6.02",1.72,16,58
"17-184_2-1E2.01",1.92,16,59
"17-180_1-2E6.01",1.73,16,60
"17-184_2-1E4.02",2.07,16,61
"17-184_2-1E1.01",1.77,16,62
"17-180_1-2E2.01",1.31,16,63
"17-180_1-2E3.02",1.12,16,64
"17-180_1-2E3.03",1.43,16,65
"17-180_1-2E5.01",1.56,16,66
"17-181_4-1E5.02",1.19,16,67
"17-181_4-1E3.01",1.78,16,68
"17-181_4-1E3.03",1.63,16,69
"17-181_4-1E5.03",1.49,16,70
"17-181_4-1E3.02",1.45,16,71
"17-181_4-1E6.03",2.23,16,72
"17-181_4-1E7.01",2.33,16,73
"17-181_4-1E2.02",2.14,16,74
"17-181_4-1E5.01",1.07,16,75
"17-181_4-1E1.01",1.4,16,76
"17-181_4-1E1.02",1.55,16,77
"17-184_2-1E3.02",1.79,16,78
"17-181_4-1E4.01",1.56,16,79
"17-181_4-1E2.01",2.11,16,80
"17-184_1E1.02",1.22,16,81
"17-184_2-1E1.02",1.82,16,82
"17-184_1E2.01",2.06,16,83
"17-184_2-1E3.01",1.45,16,84
"17-184_1E1.01",2.1,16,85
"17-184_1E4.01",1.75,16,86
"17-181_2-2E6.03",2.11,16,87
"17-181_2-2E7.03",1.25,16,88
"17-181_2-2E5.01",1.59,16,89
"17-181_2-2E8.01",1.34,16,90
"17-181_2-2E8.03",1.29,16,91
"17-181_4-1E7.02",2.18,16,92
"17-181_2-2E6.02",2.15,16,93
"17-181_2-2E7.02",1.42,16,94
"17-181_2-2E6.01",1.78,16,95
"17-181_2-2E7.01",1.54,16,96
"17-181_2-2E8.02",1.61,16,97
"17-181_4-1E8.01",1.3,16,98
"17-181_4-1E6.01",2.66,16,99
"17-181_4-1E8.02",1.58,16,100
"17-181_4-1E8.03",1.55,16,101
"17-181_4-1E6.02",2.46,16,102
"17-180_4-1E1.01",1.76,16,103
"17-180_4-1E2.02",1.26,16,104
"17-181_2-2E2.01",1.73,16,105
"17-180_4-1E1.02",1.43,16,106
"17-180_4-1E1.03",1.38,16,107
"17-181_2-2E2.03",1.32,16,108
"17-180_4-1E2.03",1.35,16,109
"17-181_2-2E1.03",2.25,16,110
"17-181_2-2E1.01",2.59,16,111
"17-181_2-2E3.01",2.18,16,112
"17-181_2-2E4.02",1.76,16,113
"17-181_2-2E3.02",2.29,16,114
"17-181_2-2E2.02",1.12,16,115
"17-181_2-2E3.03",2.13,16,116
"17-181_2-2E1.02",1.67,16,117
"17-181_2-2E4.01",1.9,16,118
"17-181_2-2E5.02",1.73,16,119
"17-181_2-2E4.03",1.81,16,120
"17-181_2-2E5.03",1.8,16,121
"17-180_4-1E6.02",1.23,16,122
"17-180_4-1E6.03",1.32,16,123
"17-182_1-1E3.03",2.18,16,124
"17-182_1-1E3.01",1.93,16,125
"17-180_4-1E8.01",1.63,16,126
"17-180_4-1E8.03",1.83,16,127
"17-180_4-1E6.01",1.21,16,128
"17-182_1-1E1.01",2.73,16,129
"17-182_1-1E2.02",1.47,16,130
"17-180_4-1E4.02",1.57,16,131
"17-180_4-1E3.02",1.24,16,132
"17-180_4-1E4.01",1.34,16,133
"17-182_1-1E2.03",2.06,16,134
"17-180_4-1E3.01",1.45,16,135
"17-180_4-1E2.01",1.43,16,136
"17-180_4-1E3.03",1.07,16,137
"17-180_4-1E4.03",1.36,16,138
"17-180_4-1E5.02",0.91,16,139
"17-180_4-1E5.01",0.88,16,140
"17-182_1-1E4.01",1.61,16,141
"17-182_1-1E4.02",2.03,16,142
"17-182_1-1E6.02",2.34,16,143
"17-182_1-1E5.02",2.59,16,144
"17-182_1-1E3.02",2.23,16,145
"17-180_4-1E7.02",1.93,16,146
"17-180_4-1E7.01",1.45,16,147
"17-182_1-1E6.01",2.21,16,148
"17-180_4-2E3.02",2.43,16,149
"17-182_1-1E5.01",2.48,16,150
"17-180_4-2E3.01",2.31,16,151
"17-180_4-1E8.02",1.44,16,152
"17-180_4-1E7.03",1.77,16,153
"17-182_1-1E5.03",2.35,16,154
"17-182_1-1E2.01",1.67,16,155
"17-180_4-2E2.01",1.87,16,156
"17-183_4E5.02",0.93,16,157
"17-180_4-2E2.02",1.46,16,158
"17-183_4E5.01",1.51,16,159
"17-183_4-1E2.01",0.91,16,160
"17-183_4-1E1.02",1.05,16,161
"17-183_4-1E3.02",0.69,16,162
"17-183_4-1E3.01",1.46,16,163
"17-180_4-2E4.02",1.92,16,164
"17-183_4-1E1.01",0.96,16,165
"17-183_4-1E4.01",1.39,16,166
"17-181_1-2E8.01",1.53,16,167
"17-183_4-1E2.02",1.37,16,168
"17-182_1-1E4.03",1.62,16,169
"17-180_4-2E5.01",1.56,16,170
"17-180_4-2E1.01",1.66,16,171
"17-180_4-2E4.01",1.89,16,172
"17-181_1-2E5.03",1.56,16,173
"17-181_1-2E4.02",2.16,16,174
"17-181_1-2E6.02",2.07,16,175
"17-181_1-2E4.01",1.77,16,176
"17-181_1-2E7.03",1.49,16,177
"17-181_1-2E5.02",1.51,16,178
"17-181_1-2E8.03",1.53,16,179
"17-181_1-2E5.01",2.59,16,180
"17-181_1-2E3.03",1.38,16,181
"17-181_1-2E6.01",1.39,16,182
"17-181_1-2E4.03",1.56,16,183
"17-181_1-2E7.02",1.65,16,184
"17-181_1-2E8.02",2.07,16,185
"17-183_4-1E4.02",1.72,16,186
"17-181_1-2E7.01",2.24,16,187
"17-183_4-1E1.03",1.36,16,188
"17-183_2E3.02",1.71,16,189
"17-183_2E2.03",1.87,16,190
"17-181_1-2E1.01",1.65,16,191
"17-183_2E1.03",1.59,16,192
"17-183_2E1.01",1.66,16,193
"17-183_2E1.02",1.83,16,194
"17-181_1-2E1.03",1.77,16,195
"17-183_2E2.02",1.49,16,196
"17-183_2E2.01",2.05,16,197
"17-183_2E3.01",2.15,16,198
"17-183_2E4.01",1.82,16,199
"17-181_1-2E2.01",1.35,16,200
"17-181_1-2E2.03",1.59,16,201
"17-181_1-2E1.02",1.38,16,202
"17-181_1-2E3.01",1.68,16,203
"17-181_1-2E2.02",1.17,16,204
"17-181_1-2E3.02",1.6,16,205
"17-181_3-2E3.01",1.13,16,206
"17-181_3-2E1.02",1.68,16,207
"17-181_3-2E3.03",0.88,16,208
"17-181_3-2E2.01",1.26,16,209
"17-181_2-1E6.01",0.82,16,210
"17-181_2-1E6.02",0.85,16,211
"17-181_3-2E2.02",1.07,16,212
"17-181_2-1E5.01",2.45,16,213
"17-181_3-2E3.02",0.94,16,214
"17-181_2-1E3.02",1.79,16,215
"17-181_3-2E1.01",2.38,16,216
"17-181_3-2E2.03",1.34,16,217
"17-181_3-2E1.03",1.27,16,218
"17-181_2-1E4.01",1.8,16,219
"17-181_2-1E1.01",1.82,16,220
"17-181_2-1E2.01",1.75,16,221
"17-181_2-1E1.02",2,16,222
"17-181_2-1E6.03",1.03,16,223
"17-181_2-1E3.01",1.87,16,224
"17-181_3-2E6.02",1.74,16,225
"17-181_3-2E5.02",1.41,16,226
"17-181_3-2E8.01",1.82,16,227
"17-181_3-2E4.02",2.1,16,228
"17-181_3-2E8.03",1.68,16,229
"17-181_3-2E8.02",1.54,16,230
"17-181_3-2E7.03",1.47,16,231
"17-181_3-2E5.03",1.57,16,232
"17-181_3-2E5.01",1.75,16,233
"17-181_3-2E7.02",2,16,234
"17-181_3-2E4.01",1.56,16,235
"17-181_3-2E4.03",1.74,16,236
"17-181_3-2E6.01",2.52,16,237
"17-181_3-2E7.01",1.5,16,238
"17-183_1E2.01",1.83,16,239
"17-183_1E3.02",1.35,16,240
"17-183_1E3.01",2.09,16,241
"17-183_1E2.02",1.22,16,242
"17-183_1E1.02",1.26,16,243
"17-183_1E1.01",1.46,16,244
"17-185_3E5.02",2.14,16,245
"17-185_3E3.01",1.52,16,246
"17-185_3E2.01",1.7,16,247
"17-185_3E4.01",2.08,16,248
"17-185_3E1.02",1.32,16,249
"17-185_3E5.01",1.97,16,250
"17-185_3E2.02",1.79,16,251
"17-185_3E3.02",1.67,16,252
"17-185_3E1.01",1.37,16,253
"17-185_3E4.02",2.05,16,254
"17-182_3-1E7.01",2.47,16,255
"17-182_3-1E7.02",2.23,16,256
"17-182_3-1E7.03",2.01,16,257
"17-182_3-1E5.02",1.93,16,258
"17-182_3-1E3.02",1.91,16,259
"17-182_3-1E6.01",1.83,16,260
"17-182_3-1E5.01",2.03,16,261
"17-182_3-1E6.02",1.93,16,262
"17-182_3-1E3.01",1.82,16,263
"17-182_3-1E5.03",1.95,16,264
"17-182_3-1E3.03",1.57,16,265
"17-182_4-2E7.02",2.39,17,1
"17-185_2E1.01",1.72,17,2
"17-182_4-2E2.02",1.71,17,3
"17-185_2E5.02",1.64,17,4
"17-185_2E3.02",1.85,17,5
"17-185_2E5.01",1.26,17,6
"17-182_4-2E7.01",2.48,17,7
"17-182_4-2E2.01",1.62,17,8
"17-182_4-2E6.01",1.88,17,9
"17-182_4-2E1.02",1.91,17,10
"17-182_4-2E1.01",2.22,17,11
"17-182_4-2E7.03",2.56,17,12
"17-185_2E3.01",1.48,17,13
"17-185_2E4.01",2.04,17,14
"17-185_2E4.02",1.26,17,15
"17-185_2E2.02",1.82,17,16
"17-185_2E2.01",1.81,17,17
"17-185_2E1.02",1.68,17,18
"17-184_4E4.02",1.77,17,19
"17-184_4E2.01",1.95,17,20
"17-184_4E3.01",2.03,17,21
"17-184_4E4.01",1.47,17,22
"17-184_4E2.02",2.28,17,23
"17-184_4E1.01",2.34,17,24
"17-184_4E5.01",1.31,17,25
"17-184_4E1.02",2.39,17,26
"17-182_3-1E2.02",1.95,17,27
"17-182_3-1E2.03",2.19,17,28
"17-182_3-1E2.01",1.84,17,29
"17-184_4E5.02",1.47,17,30
"17-182_4-2E5.03",2.04,17,31
"17-182_4-2E5.01",2.01,17,32
"17-182_4-2E5.02",2.23,17,33
"17-182_4-2E3.02",2.14,17,34
"17-182_4-2E3.01",1.48,17,35
"17-182_4-2E4.01",2.1,17,36
"17-182_4-2E4.02",1.56,17,37
"17-182_4-2E4.03",1.7,17,38
"17-180_1-1E1.01",2.28,17,39
"17-180_1-1E6.02",1.44,17,40
"17-180_1-1E8.02",1.68,17,41
"17-182_3-1E1.01",1.75,17,42
"17-180_1-1E7.02",2.19,17,43
"17-180_1-1E7.01",1.54,17,44
"17-182_3-1E1.02",1.56,17,45
"17-180_1-1E3.03",2.2,17,46
"17-180_1-1E5.02",1.44,17,47
"17-180_1-1E7.03",2.19,17,48
"17-180_1-1E8.01",1.75,17,49
"17-182_3-1E1.03",1.66,17,50
"17-182_3-1E4.01",2.13,17,51
"17-180_1-1E2.01",1.22,17,52
"17-182_3-1E4.02",2.16,17,53
"17-180_1-1E1.03",1.5,17,54
"17-180_1-1E3.01",1.97,17,55
"17-182_3-1E4.03",2.01,17,56
"17-180_1-1E5.03",1.09,17,57
"17-180_1-1E3.02",1.55,17,58
"17-180_1-1E6.03",1.44,17,59
"17-180_1-1E1.02",1.4,17,60
"17-180_1-1E5.01",0.98,17,61
"17-180_1-1E4.03",1.53,17,62
"17-180_1-1E2.02",1.06,17,63
"17-180_1-1E6.01",1.58,17,64
"17-180_1-1E4.02",1.48,17,65
"17-180_1-1E2.03",1.32,17,66
"17-180_1-1E4.01",1.26,17,67
"17-181_3-1E1.01",2.2,17,68
"17-181_3-1E1.02",2.12,17,69
"17-181_3-1E4.03",1.85,17,70
"17-185_1E2.01",2.02,17,71
"17-181_3-1E8.02",1.35,17,72
"17-185_1E5.02",1.14,17,73
"17-185_1E3.01",1.19,17,74
"17-185_1E5.01",1.39,17,75
"17-185_1E3.02",1.87,17,76
"17-185_1E4.01",1.46,17,77
"17-185_1E1.02",1.16,17,78
"17-185_1E4.02",1.51,17,79
"17-181_3-1E8.01",1.56,17,80
"17-181_3-1E8.03",1.3,17,81
"17-181_3-1E3.03",1.56,17,82
"17-185_1E2.02",1.95,17,83
"17-181_3-1E3.01",1.7,17,84
"17-181_3-1E3.02",1.62,17,85
"17-185_1E1.01",1.71,17,86
"17-185_4E3.02",1.72,17,87
"17-185_4E3.01",1.98,17,88
"17-181_3-1E2.03",1.91,17,89
"17-185_4E5.01",1.7,17,90
"17-185_4E2.01",1.94,17,91
"17-185_4E2.02",1.58,17,92
"17-185_4E4.02",0.83,17,93
"17-181_3-1E4.02",1.73,17,94
"17-181_3-1E6.02",1,17,95
"17-181_3-1E6.03",1.57,17,96
"17-181_3-1E5.02",1.38,17,97
"17-181_3-1E7.01",1.78,17,98
"17-181_3-1E2.01",2,17,99
"17-181_3-1E5.01",1.14,17,100
"17-181_3-1E7.02",1.84,17,101
"17-181_3-1E6.01",1.37,17,102
"17-185_4E5.02",1.42,17,103
"17-181_3-1E4.01",1.84,17,104
"17-181_3-1E2.02",1.98,17,105
"17-180_3-2E4.01",1.94,17,106
"17-180_3-2E6.02",1.67,17,107
"17-180_3-2E4.03",1.16,17,108
"17-184_3E5.02",2.42,17,109
"17-180_3-2E5.02",1.41,17,110
"17-184_3E3.01",2,17,111
"17-184_3E3.02",2.09,17,112
"17-184_3E1.02",2.01,17,113
"17-184_3E2.02",1.95,17,114
"17-185_4E1.01",1.29,17,115
"17-184_3E2.01",1.74,17,116
"17-180_3-2E4.02",1.33,17,117
"17-180_3-2E6.01",1.7,17,118
"17-184_3E1.01",1.9,17,119
"17-184_3E5.01",1.95,17,120
"17-184_3E4.01",1.91,17,121
"17-185_4E1.02",1.23,17,122
"17-184_3E4.02",2.22,17,123
"17-185_4E4.01",1.36,17,124
"17-182_1-2E7.02",1.81,17,125
"17-180_3-2E1.03",2.01,17,126
"17-180_2-2E1.02",1.91,17,127
"17-182_1-2E7.01",2.11,17,128
"17-180_2-2E1.03",1.5,17,129
"17-180_3-2E7.02",1.32,17,130
"17-180_3-2E7.03",1.62,17,131
"17-180_3-2E1.01",1.96,17,132
"17-180_3-2E2.02",1.83,17,133
"17-180_3-2E2.03",1.65,17,134
"17-180_3-2E1.02",1.93,17,135
"17-180_2-2E4.01",2.58,17,136
"17-180_2-2E7.02",1.78,17,137
"17-180_3-2E7.01",1.7,17,139
"17-180_3-2E2.01",1.48,17,140
"17-180_3-2E5.03",1.4,17,141
"17-180_2-2E7.01",1.94,17,142
"17-180_3-2E5.01",1.69,17,143
"17-182_1-2E5.03",1.79,17,144
"17-182_1-2E2.01",2.3,17,145
"17-182_1-2E5.01",1.56,17,146
"17-180_2-2E6.01",1.42,17,147
"17-182_1-2E1.01",2.45,17,148
"17-182_1-2E2.03",2.61,17,149
"17-182_1-2E2.02",2.74,17,150
"17-180_2-2E3.02",1.86,17,151
"17-180_2-2E6.02",1.39,17,152
"17-180_2-2E5.02",1.97,17,153
"17-180_2-2E1.01",1.67,17,154
"17-180_2-2E2.02",1.86,17,155
"17-180_2-2E5.03",2.18,17,156
"17-180_2-2E3.01",1.84,17,157
"17-180_2-2E2.03",1.82,17,158
"17-180_2-2E6.03",1.57,17,159
"17-180_2-2E2.01",1.82,17,160
"17-180_2-2E5.01",1.56,17,161
"17-182_1-2E6.01",1.86,17,162
"17-182_1-2E4.02",2.27,17,163
"17-182_1-2E7.03",1.75,17,164
"17-182_1-2E3.02",2.74,17,165
"17-182_1-2E5.02",2.23,17,166
"17-182_1-2E3.01",2.06,17,167
"17-182_1-2E3.03",2.22,17,168
"17-182_1-2E4.01",1.73,17,169
