"gid","Brix","Dry_matter","a","Date_Processed","Order"
"Honeynut_11",10.5,10.9962406015038,18.4768796972046,"1",1
"Honeynut_11",10,11.2676056338028,18.4117522757493,"1",2
"Honeynut_11",10.1,14.6814404432133,18.3547542327929,"1",3
"Honeynut_11",10.5,12.0151371807001,19.382650746824,"1",4
"Honeynut_11",8.8,9.71055088702148,16.6206874915288,"1",5
"Honeynut_11",9.7,10.9375,17.641627765542,"1",6
"Honeynut_7",8.5,8.18767249310028,15.5405530550478,"1",7
"Honeynut_7",8.9,9.79431929480901,18.3266715197251,"1",8
"Honeynut_7",9.1,9.52830188679245,16.457130102093,"1",9
"Honeynut_7",9.3,9.69932104752667,16.9233308318547,"1",10
"Bugle_8",9.1,14.1904761904762,21.3370974666223,"1",11
"Bugle_8",10.2,15.6164383561644,17.9320939078262,"1",12
"Bugle_8",10.1,15.7796451914099,17.1764063532344,"1",13
"Bugle_8",10.4,15.8197507190796,18.185869709319,"1",14
"Bugle_8",11.1,16.2857142857143,19.8689160366347,"1",15
"Bugle_8",9.8,14.5365853658537,17.5799681690407,"1",16
"GS3.1_9",10.5,14.0366972477064,26.3346679306899,"1",17
"GS3.1_9",10.3,14.7492625368732,23.9640159508439,"1",18
"GS3.1_9",11.3,15.0139017608897,24.7312839664598,"1",19
"GS3.1_9",10.7,15.6130268199234,21.2900590043023,"1",20
"GS3.1_174",11,16.1504424778761,23.3936173722513,"1",21
"GS3.1_174",10.8,12.2146118721461,23.2627297501941,"1",22
"GS3.1_174",10,14.7540983606557,24.5816546978334,"1",23
"GS3.1_174",11.1,15.5370177267987,24.8645890413582,"1",24
"GS3.1_174",10.5,14.1783029001074,24.2187025589528,"1",25
"GS3.1_41",9.7,11.3821138211382,23.5349582574513,"1",26
"GS3.1_41",8.6,10.5062082139446,23.6848520969165,"1",27
"GS3.1_41",9.4,11.0624315443593,23.4250452512764,"1",28
"GS3.1_41",9.1,10.8379888268156,22.3596337949604,"1",29
"GS3.1_120",13.3,15.9090909090909,21.1314581522353,"1",30
"GS3.1_120",11.4,16.1793372319688,20.7500577430447,"1",31
"GS3.1_120",11.7,15.7735085945399,24.5335029357782,"1",32
"GS3.1_120",12.4,15.2542372881356,22.8515269158937,"1",33
"GS3.1_120",11.3,18.7444739168877,23.7589706865695,"1",34
"GS3.1_120",8.7,15.986769570011,23.7970398110673,"1",35
"GS3.1_65",7.3,10.2888086642599,18.7554965585117,"1",36
"GS3.1_65",10,14.2439024390244,17.7999238194799,"1",37
"GS3.1_65",10.5,15.5763239875389,18.6065540854478,"1",38
"GS3.1_65",9.2,12.0989917506874,16.3444719499797,"1",39
"GS3.1_65",10,15.3917910447761,17.0113157183394,"1",40
"GS3.1_65",12.3,15.5801104972376,20.295417225263,"1",41
"GS3.1_122",12.1,14.4278606965174,24.0930952207269,"1",42
"GS3.1_122",10.5,12.970297029703,24.1631497997486,"1",43
"GS3.1_122",11.2,12.818096135721,20.9550314581903,"1",44
"GS3.1_122",11.6,15.8894645941278,21.1449820357443,"1",45
"GS3.1_122",11,16.0815402038505,24.3476097795032,"1",46
"GS3.1_122",10.3,14.7751605995717,21.7408821412005,"1",47
"GS3.1_4",11.7,14.9793388429752,27.0330309056316,"1",48
"GS3.1_4",12,13.3403361344538,26.540083480974,"1",49
"GS3.1_4",12.9,15.5722326454034,25.2105300382765,"1",50
"GS3.1_4",11.4,13.3990147783251,24.6532754387293,"1",51
"GS3.1_4",11.2,14.0280561122244,25.2443865093817,"1",52
"GS3.1_4",10.6,13.6216216216216,25.1955097400898,"1",53
"GS3.1_136",10.2,12.0724346076459,23.6026828342742,"1",54
"GS3.1_136",10.6,12.7789046653144,22.5587667090243,"1",55
"GS3.1_136",10.3,10.8813928182807,21.6797075871492,"1",56
"GS3.1_136",12.1,13.9583333333333,22.6572881841194,"1",57
"GS3.1_136",10.8,12.7240143369176,22.3042331009355,"1",58
"GS3.1_136",10.3,11.8383060635226,21.8558766084791,"1",59
"GS3.1_42",11,14.453477868112,21.2424775732311,"1",60
"GS3.1_42",10.4,13.6448598130841,21.8755952488006,"1",61
"GS3.1_42",11.4,12.3540856031128,22.7753061077585,"1",62
"GS3.1_42",12.1,14.5052833813641,23.961862702184,"1",63
"GS3.1_42",10.1,12.7522935779816,21.9028212115973,"1",64
"GS3.1_42",10.2,13.2264529058116,18.42392853387,"1",65
"GS3.1_139",10.8,12.0540019286403,20.3218395541362,"1",66
"GS3.1_139",11.1,12.7,20.6375912829626,"1",67
"GS3.1_139",10.9,12.6633165829146,20.2256243201504,"1",68
"GS3.1_139",11.1,11.889400921659,20.4617456525031,"1",69
"GS3.1_139",11.6,12.829525483304,21.6206352603598,"1",70
"GS3.1_182",9.9,14.4194756554307,23.0479156628101,"1",71
"GS3.1_182",7.6,14.6447140381283,23.0761144240923,"1",72
"GS3.1_182",10.9,16.075845012366,20.5586775796318,"1",73
"GS3.1_182",12.4,18.860103626943,23.8994078830239,"1",74
"GS3.1_182",8.3,12.426614481409,21.0092446461569,"1",75
"GS3.1_182",9.7,13.782991202346,21.8006152216406,"1",76
"GS3.1_63",11.2,15.1898734177215,22.1048963284118,"1",77
"GS3.1_63",10.8,14.5192307692308,24.1646487096963,"1",78
"GS3.1_63",10.1,17.5093632958801,22.0174544006716,"1",79
"GS3.1_63",10.4,17.0265780730897,19.1681464828585,"1",80
"GS3.1_63",11.5,19.2118226600985,22.0470545626097,"1",81
"GS3.1_63",10.4,15.6626506024096,23.3878643421895,"1",82
"GS3.1_47",9.4,11,18.640946920523,"1",83
"GS3.1_47",8.8,10.934393638171,18.8226405361392,"1",84
"GS3.1_47",9.7,11.1553784860558,17.583849309293,"1",85
"GS3.1_6",10.4,11.1583421891605,23.3558408201204,"1",86
"GS3.1_6",9.9,11.9024390243902,22.6740153385381,"1",87
"GS3.1_6",10.5,12.5265392781316,24.4503600374753,"1",88
"GS3.1_6",8.7,9.94818652849741,22.2412262630252,"1",89
"GS3.1_6",10.3,11.3799283154122,24.0348559090908,"1",90
"GS3.1_6",9.5,11.9648737650933,23.7291549975831,"1",91
"GS3.1_148",7,7.34658599827139,17.1828116602079,"1",92
"GS3.1_148",8.5,8.66141732283465,20.5882331897189,"1",93
"GS3.1_148",7.2,8.30357142857143,21.8986508678144,"1",94
"GS3.1_148",6.4,7.11188204683434,17.4380665376372,"1",95
"GS3.1_148",6.7,7.80532598714417,17.8306878083295,"1",96
"GS3.1_148",6.7,7.10571923743501,18.1310650708394,"1",97
"GS3.1_99",11,13.0810810810811,23.236002458271,"3",1
"GS3.1_99",12.7,15.4795821462488,23.5184978908808,"3",2
"GS3.1_99",9.7,12.9455909943715,22.9140427960145,"3",3
"GS3.1_99",10.5,12.7705627705628,21.9834335759166,"3",4
"GS3.1_134",10.5,12.7942681678608,21.6792170231105,"3",5
"GS3.1_134",10.6,12.3481781376518,21.2760864230512,"3",6
"GS3.1_134",10.9,14.3145161290323,19.783256650647,"3",7
"GS3.1_134",11.5,14.962325080732,21.1254256098766,"3",8
"GS3.1_39",9.6,10.6425702811245,22.0027163255479,"3",9
"GS3.1_39",8.8,8.52641334569046,21.7687633112761,"3",10
"GS3.1_39",10.1,11.0987791342952,23.9880627888001,"3",11
"GS3.1_39",11.7,12.4873096446701,27.1498063304502,"3",12
"GS3.1_38",12.3,14.7880041365047,24.3982503836896,"3",13
"GS3.1_38",12.4,14.1388174807198,22.0587173876942,"3",14
"GS3.1_38",12.1,14.2857142857143,21.1443177582141,"3",15
"GS3.1_38",12.4,15.6926406926407,20.2603209927986,"3",16
"GS3.1_43",9.5,10.4575163398693,22.8044853033399,"3",17
"GS3.1_43",9.8,10.2352941176471,23.6761103107709,"3",18
"GS3.1_43",10.7,11.1747851002865,23.4461149983801,"3",19
"GS3.1_127",11.9,15.4327424400417,25.2829491731409,"3",20
"GS3.1_127",11.5,13.561190738699,22.456932694172,"3",21
"GS3.1_127",11.1,13.3891213389121,22.9982392249032,"3",22
"GS3.1_112",9.9,14.2300194931774,21.3524983785552,"3",23
"GS3.1_112",11.6,12.478184991274,20.7510124758223,"3",24
"GS3.1_112",9.4,13.1469979296066,17.6243519910143,"3",25
"GS3.1_112",11.7,14.7435897435897,19.8811047483165,"3",26
"GS3.1_112",11.9,14.9358226371062,23.583139804242,"3",27
"GS3.1_112",11,12.312030075188,21.5262484761963,"3",28
"GS3.1_90",10.1,13.9866793529971,20.3268013699673,"3",29
"GS3.1_90",9.2,13.536701620591,21.435103900825,"3",30
"GS3.1_36",12.1,17.9487179487179,24.4768266526884,"3",31
"GS3.1_36",12,16.4918970448046,21.9865487384293,"3",32
"GS3.1_36",11.4,14.0609636184857,25.6193271641166,"3",33
"GS3.1_36",12.7,16.8720379146919,25.6954948704609,"3",34
"GS3.1_36",11.9,14.187866927593,24.5192853687463,"3",35
"GS3.1_36",11.6,15.6279961649089,24.4935443772165,"3",36
"GS3.1_1",9.7,10.6980961015413,24.2992301914172,"3",37
"GS3.1_1",10.8,14.34034416826,24.6925275606379,"3",38
"GS3.1_1",9.2,11.5596330275229,23.7156753799661,"3",39
"GS3.1_1",9.7,11.9565217391304,22.5640643629987,"3",40
"GS3.1_3",9.7,13.9626352015733,20.7560460418439,"3",41
"GS3.1_3",8.4,11.3813229571984,19.3967218534044,"3",42
"GS3.1_3",10.2,12.327506899724,18.3129785292144,"3",43
"GS3.1_3",10.1,12.4144672531769,20.5782440500642,"3",44
"GS3.1_3",9.5,10.4950495049505,19.5959180822691,"3",45
"GS3.1_3",10,11.6257088846881,18.6111364311088,"3",46
"GS3.1_113",10.7,14.1176470588235,22.8642472085978,"3",47
"GS3.1_113",10.9,15.7894736842105,22.2907047359044,"3",48
"GS3.1_113",11.7,12.4883504193849,23.469163643372,"3",49
"GS3.1_113",11.5,16.6338582677165,20.5067563939775,"3",50
"GS3.1_113",10.9,14.8768472906404,22.8881960793805,"3",51
"GS3.1_113",11.4,14.8609779482263,21.4669096405735,"3",52
"GS3.1_95",10.6,12.5,18.6767239381842,"4",1
"GS3.1_95",10.6,11.7497886728656,17.9883098845622,"4",2
"GS3.1_145",8.8,9.09090909090909,20.1893243398045,"4",3
"GS3.1_145",10.9,13.8132295719844,21.4635796077124,"4",4
"GS3.1_145",8.4,10.6271777003484,22.2052369994819,"4",5
"GS3.1_145",11.5,15.3389830508475,22.2047544322843,"4",6
"GS3.1_145",10.2,12.3434704830054,20.3089045541245,"4",7
"GS3.1_145",10,10.3415559772296,21.662573239892,"4",8
"Honeynut_6",12.2,11.1111111111111,19.4740842031949,"4",9
"Honeynut_6",10.9,10.1232394366197,17.1476011866283,"4",10
"Honeynut_6",11.7,10.580204778157,17.917054468022,"4",11
"Honeynut_6",11.6,10.9919571045576,18.2702371407634,"4",12
"Honeynut_6",9.6,11.1111111111111,17.194538652869,"4",13
"Honeynut_6",8.6,9.85790408525755,19.1563357775611,"4",14
"GS3.1_88",11.7,15.8167675021608,23.0125435209667,"4",15
"GS3.1_88",10.9,14.5815358067299,22.4513586111912,"4",16
"GS3.1_88",11.3,15.2691968225949,21.8319543199144,"4",17
"GS3.1_88",11.5,14.703196347032,23.4401037216926,"4",18
"GS3.1_88",11.8,15.7760814249364,21.3045832933807,"4",19
"GS3.1_88",11,16.5499124343257,23.3096388736306,"4",20
"GS3.1_37",9.8,11.2699747687132,23.7330029967227,"4",21
"GS3.1_37",9.9,12.0512820512821,22.7353874556232,"4",22
"GS3.1_37",10.2,13.0769230769231,22.0205395834892,"4",23
"GS3.1_94",10.9,12.0213713268032,21.2220464477931,"4",24
"GS3.1_94",9.8,10.5034722222222,21.7751003436031,"4",25
"GS3.1_94",10.3,11.7266851338874,24.3731933474682,"4",26
"GS3.1_45",12.9,16.4705882352941,23.9831405816495,"4",27
"GS3.1_45",11.7,13.8140747176368,26.5478338353975,"4",28
"GS3.1_45",13.7,15.6444444444444,24.5487856474916,"4",29
"GS3.1_45",12.1,16.9794459338695,22.4693342332484,"4",30
"GS3.1_45",12.5,15.5638397017707,22.2520131207976,"4",31
"GS3.1_149",12.5,17.5925925925926,24.8911944861302,"4",32
"GS3.1_149",13.1,15.263644773358,28.3271552919598,"4",33
"GS3.1_149",12,16.5013525698828,26.9939976885439,"4",34
"GS3.1_149",11.2,16.6236003445306,24.6518623153651,"4",35
"GS3.1_149",12,17.0909090909091,26.3957786646598,"4",36
"GS3.1_149",12,15.5765920826162,26.0201851161423,"4",37
"GS3.1_54",11.1,14.9797570850202,19.8792585646301,"4",38
"GS3.1_54",12.3,13.6246786632391,21.2714629534463,"4",39
"GS3.1_54",11,11.2903225806452,20.6421635099583,"4",40
"GS3.1_54",12.2,13.8686131386861,21.4218140251287,"5",1
"GS3.1_54",11.7,12.770137524558,20.0896422017118,"5",2
"GS3.1_54",10.9,14.8717948717949,21.0662630017541,"5",3
"GS3.1_13",10.8,12.6951092611863,23.8876633359517,"5",4
"GS3.1_13",12.5,15.0963597430407,23.7115786378471,"5",5
"GS3.1_13",12.5,15.4,26.151861825956,"5",6
"GS3.1_13",13.4,18.5145317545748,24.9993230664651,"5",7
"GS3.1_13",12.9,15.5030800821355,26.4698054826559,"5",8
"GS3.1_13",13.8,15.1515151515152,25.2311026757893,"5",9
"GS3.1_190",11.6,15.7728706624606,25.1773746889424,"5",10
"GS3.1_190",11.6,15.3690596562184,24.2141662504223,"5",11
"GS3.1_190",11.2,14.7556390977444,24.6918801884574,"5",12
"GS3.1_190",11.8,15.4795821462488,26.9630564376637,"5",13
"GS3.1_12",7.8,9.37818552497452,26.9532248569827,"5",14
"GS3.1_12",9.5,11.1231101511879,25.6288658374124,"5",15
"GS3.1_12",9.2,10.1372756071806,26.0327582295503,"5",16
"GS3.1_12",8.4,10.1113967437875,24.6988522298278,"5",17
"GS3.1_101",10.4,11.1471861471861,20.0111389114814,"5",18
"GS3.1_101",9.7,11.9521912350598,20.232388838564,"5",19
"GS3.1_101",10.3,11.4613180515759,21.980426371089,"5",20
"GS3.1_101",10.9,13.5106382978723,20.5632931402775,"5",21
"GS3.1_101",11,13.298969072165,21.6959161788349,"5",22
"GS3.1_101",8.7,11.3089005235602,19.6255891305896,"5",23
"GS3.1_2",10.5,12.7041742286751,23.9701978480485,"5",24
"GS3.1_2",12.1,13.4199134199134,22.6371902787257,"5",25
"GS3.1_2",12.1,15.2941176470588,22.7774551538387,"5",26
"GS3.1_2",11,14.484126984127,22.5883466054809,"5",27
"GS3.1_2",10.7,13.2860040567951,23.399210700263,"5",28
"GS3.1_2",11.8,14.6367521367521,21.8081314092402,"5",29
"GS3.1_186",9.4,10.4477611940298,20.5466258944225,"5",30
"GS3.1_186",9.2,10.01100110011,22.2853531326411,"5",31
"GS3.1_186",10.1,13.0687318489835,23.4521825212067,"5",32
"GS3.1_186",9.9,12.6558005752637,25.9910160632518,"5",33
"GS3.1_186",11.3,11.7525773195876,20.8892046346415,"5",34
"GS3.1_186",10.3,11.7583603020496,23.0981715605506,"5",35
"GS3.1_143",9.9,11.1902339776195,21.8712309454654,"5",36
"GS3.1_143",11.4,12.7408993576017,22.4961816506959,"5",37
"GS3.1_143",11.5,13.9293139293139,23.2801659725831,"5",38
"GS3.1_143",10.5,12.2754491017964,23.4333543290239,"5",39
"GS3.1_143",11.5,13.5629709364909,21.3936350242742,"5",40
"GS3.1_143",10.5,13.1216931216931,22.3113184063253,"5",41
"GS3.1_188",9.5,10.5207226354942,21.033582924609,"5",42
"GS3.1_188",10.1,12.0291616038882,22.8677294549189,"5",43
"GS3.1_188",10.7,12.7659574468085,25.717958455038,"5",44
"GS3.1_188",10.3,11.2540192926045,23.6031857858134,"5",45
"GS3.1_188",8.5,10.4925053533191,19.6691629438688,"5",46
"GS3.1_188",8.9,9.8936170212766,19.3983970701898,"5",47
"GS3.1_184",12.4,13.4878819810327,25.3082092338555,"5",48
"GS3.1_184",12.2,14.500537056928,25.643682808101,"5",49
"GS3.1_184",12.7,13.9364303178484,24.6530508768869,"5",50
"GS3.1_184",11.3,14.8760330578512,25.2979740583736,"5",51
"GS3.1_184",12,16.4467005076142,25.6237862063526,"5",52
"GS3.1_184",13.2,14.2857142857143,27.2719813862954,"5",53
"Bugle_10",10.4,14.5177664974619,21.7664738428613,"5",54
"Bugle_10",10.1,15,22.4064459065168,"5",55
"Bugle_10",11.2,15.8129175946548,22.2238357156335,"5",56
"Bugle_10",11.1,17.1830985915493,20.031239973783,"5",57
"Bugle_10",10.7,13.9921722113503,21.8199670509938,"5",58
"Bugle_10",12.8,23.1416549789621,28.0730215612238,"5",59
"GS3.1_104",12.2,15.0710900473934,24.7381653288432,"5",60
"GS3.1_104",12.4,16.4026095060578,25.7224792838224,"5",61
"GS3.1_104",15.6,13.3399209486166,23.9532324395917,"5",62
"GS3.1_104",11.3,17.9869524697111,21.6423079901484,"5",63
"GS3.1_104",11.1,13.5545023696682,25.21621783334,"5",64
"GS3.1_110",11.5,13.7931034482759,26.1806466450149,"5",66
"GS3.1_110",13.6,17.2199170124481,24.9238224499122,"5",67
"GS3.1_110",11.7,15.599173553719,22.1075002109908,"5",68
"GS3.1_110",11.9,15.1093439363817,22.0481869104811,"5",69
"GS3.1_110",11.1,13.2751937984496,21.5649603327659,"5",70
"GS3.1_110",11.8,15.5982905982906,21.7458140169261,"5",71
"GS3.1_49",10,11.6080937167199,17.764195093102,"5",72
"GS3.1_49",9.6,10.0378787878788,18.2599378231292,"5",73
"GS3.1_49",9.5,10.0899100899101,19.4300142644686,"5",74
"GS3.1_180",10.8,12.6059322033898,23.4717108490837,"5",76
"GS3.1_180",11.2,14.1651031894934,26.6723815390613,"5",77
"GS3.1_180",11.9,17.2380019588639,24.7127443307278,"5",78
"GS3.1_180",11.6,15.7370517928287,24.1211401259098,"5",79
"GS3.1_180",11.1,15.3249272550921,23.7378071533745,"5",80
"GS3.1_180",11.5,13.5814889336016,24.0051559666074,"5",81
"GS3.1_167",10.2,12.3271889400922,24.2623939074261,"5",82
"GS3.1_167",11,13.1664853101197,24.4497495248128,"5",83
"GS3.1_167",10,12.4742268041237,23.7877590691021,"5",84
"GS3.1_167",11.1,13.519313304721,24.9670524962876,"5",85
"GS3.1_167",11,14.4249512670565,26.6061179777719,"5",86
"GS3.1_167",11.3,13.8364779874214,22.3237120496357,"5",87
"Amb_Del_11",11,12.9285014691479,21.6508081919047,"5",88
"Amb_Del_11",9.5,13.4635149023638,22.5738396970508,"5",89
"Amb_Del_11",10.5,15.2941176470588,21.7963418944012,"5",90
"Amb_Del_11",11,14.9393090569561,25.5740520604104,"5",91
"Amb_Del_11",10.7,14.6420824295011,22.9439655161636,"5",92
"Amb_Del_11",11.5,14.0384615384615,25.2849272659461,"5",93
"GS3.1_34",8.5,9.36213991769547,19.2796651023159,"6",1
"GS3.1_34",9.4,13.4790528233151,22.4707440142007,"6",2
"GS3.1_34",8.7,11.6129032258065,22.0621059707643,"6",3
"GS3.1_34",8.7,10.9341825902335,23.2876187706385,"6",4
"GS3.1_34",10.4,12.0967741935484,22.2731062052322,"6",5
"GS3.1_34",10.5,13.1658291457286,23.0287674014598,"6",6
"GS3.1_163",11,14.5421903052065,26.6147281704841,"6",7
"GS3.1_163",12.2,13.8364779874214,26.1383910265949,"6",8
"GS3.1_163",12.4,14.453125,27.0667982658162,"6",9
"GS3.1_163",12.2,15.6,27.4232727163993,"6",10
"GS3.1_163",12,15.4463390170512,26.3570548437507,"6",11
"GS3.1_163",11.2,15.2304609218437,25.6115288296911,"6",12
"GS3.1_161",11.1,13.5722041259501,24.228266268582,"6",13
"GS3.1_161",11,12.0777891504606,24.7033471692382,"6",14
"GS3.1_161",11.9,13.5902636916836,25.5028121157649,"6",15
"GS3.1_161",10,11.2750263435195,23.8160608564498,"6",16
"GS3.1_161",11.8,12.881679389313,28.121561698024,"6",17
"GS3.1_161",11.1,14.8429035752979,22.8150838928208,"6",18
"GS3.1_89",11.7,13.2564841498559,22.6889868178754,"6",19
"GS3.1_89",12.1,15.1051625239006,23.5623585728483,"6",20
"GS3.1_89",9.8,11.2059765208111,24.5746321739129,"6",21
"GS3.1_78",10.6,11.7125984251968,24.2166944222378,"6",22
"GS3.1_78",11.7,14.2280524722503,23.7956790521566,"6",23
"GS3.1_78",11,13.4275618374558,23.1991661255549,"6",24
"GS3.1_78",10.6,11.7460317460317,22.5341913462299,"6",25
"GS3.1_78",10.6,12.2509960159363,25.8950907229101,"6",26
"GS3.1_78",9.3,12.1428571428571,23.2505066589648,"6",27
"GS3.1_29",9.5,11.1111111111111,24.8409815140469,"6",28
"GS3.1_29",8.8,10.0766703176342,22.6118808283013,"6",29
"GS3.1_29",7.1,8.49673202614379,20.9563959487796,"6",30
"GS3.1_29",8.9,11.1680327868852,23.7196811455007,"6",31
"GS3.1_29",10.3,14.5641025641026,23.4809494320228,"6",32
"GS3.1_29",8.5,11.0542476970317,24.0762326128945,"6",33
"GS3.1_19",11.9,24.1701244813278,23.9931665490538,"6",34
"GS3.1_19",11.7,13.915547024952,24.9106239089577,"6",35
"GS3.1_19",9.3,9.66735966735967,22.9223117382933,"6",36
"GS3.1_19",11.2,12.639029322548,24.6908950454587,"6",37
"GS3.1_19",11.3,14.4288577154309,22.1512470020188,"6",38
"GS3.1_26",10.5,11.840888066605,22.1769494594627,"6",39
"GS3.1_26",10.8,13.2450331125828,22.0809973879965,"6",40
"GS3.1_26",9.5,12.9318854886476,22.8880525656388,"6",41
"GS3.1_26",10.7,13.6948529411765,24.7073622745642,"6",42
"GS3.1_26",11,13.263358778626,24.0053007260463,"6",43
"GS3.1_26",10.7,13.3267522211254,26.7901859888319,"6",44
"GS3.1_165",10.2,14.1949152542373,24.2381914710934,"6",45
"GS3.1_165",10.1,13.1178707224335,22.8982773189915,"6",46
"GS3.1_165",10.9,15.8158158158158,25.2490146128908,"6",47
"GS3.1_165",11.1,14.2703862660944,24.7471350609818,"6",48
"GS3.1_28",10.7,11.9402985074627,22.9962534403241,"6",49
"GS3.1_28",11.8,4.65116279069767,24.7386089946552,"6",50
"GS3.1_28",12.4,13.3764832793959,24.2329244105317,"6",51
"GS3.1_28",12.5,15.6989247311828,22.644241568745,"6",52
"GS3.1_28",11.5,13.7254901960784,23.6409494075167,"6",53
"Honeynut_9",10.8,11.0663983903421,21.5936757058063,"6",54
"Honeynut_9",11.8,14.0314136125654,24.5689388339053,"6",55
"Honeynut_9",11.6,12.8073770491803,25.5584199088624,"6",56
"Honeynut_9",11.1,12.6673532440783,23.6672197078173,"6",57
"Honeynut_9",11.2,12.6315789473684,24.0373135618425,"6",58
"Honeynut_9",12.1,14.0859140859141,23.8977677665801,"6",59
"GS3.1_70",10.3,12.4223602484472,29.0260969729481,"6",60
"GS3.1_70",9.1,10.0105374077977,25.0542169143189,"6",61
"GS3.1_70",10.6,13.8541666666667,27.4746485883419,"6",62
"GS3.1_70",7.4,8.12182741116751,22.3383642804622,"6",63
"GS3.1_70",9,9.62463907603465,23.2866381243833,"6",64
"GS3.1_70",8.6,9.072375127421,20.9565799842535,"6",65
"GS3.1_150",12,14.2268041237113,23.574155628082,"6",66
"GS3.1_150",8.9,17.0356111645813,21.2179102875639,"6",67
"GS3.1_150",10,14.3155694879833,24.9594265873514,"6",68
"GS3.1_150",11.6,15.0205761316872,22.8032997165788,"6",69
"GS3.1_150",11.7,14.0350877192982,23.3122156878139,"6",70
"GS3.1_150",12.5,15.4970760233918,25.1555421116541,"6",71
"GS3.1_71",13,20.1395812562313,27.3061875360304,"6",72
"GS3.1_71",12.9,17.8894472361809,27.3370720956822,"6",73
"GS3.1_71",14.2,18.8050930460333,29.3523389947942,"6",74
"GS3.1_71",13.5,16.4593301435407,25.0478238715951,"6",75
"GS3.1_71",14.4,17.0278637770898,29.708037347268,"6",76
"GS3.1_82",10.9,15.3276955602537,24.4207586532181,"6",77
"GS3.1_82",12,15.4750244857982,24.957899161471,"6",78
"GS3.1_82",11.9,14.2857142857143,24.3768579897204,"6",79
"GS3.1_82",11.2,16.7170191339376,24.8457357058465,"6",80
"GS3.1_82",11,14.1280353200883,24.3705425141233,"6",81
"GS3.1_82",9.9,12.037037037037,23.4644287895297,"6",82
"GS3.1_146",12.6,14.0314136125654,23.7453528273664,"6",83
"GS3.1_146",12.3,15.0724637681159,24.8298154324503,"6",85
"GS3.1_146",11.1,15.1923076923077,24.9114229145493,"6",86
"GS3.1_146",12.2,14.070351758794,24.2527259517704,"6",87
"GS3.1_146",11.7,16.1780673181325,24.945275537653,"6",88
"GS3.1_157",12.1,15.2324431256182,29.6953030589607,"6",89
"GS3.1_157",11.6,15.9541188738269,27.2841941922766,"6",90
"GS3.1_84",10,12.1151936444886,24.8793939484033,"6",91
"GS3.1_84",9.9,12.4341412012645,25.4409813760396,"6",92
"GS3.1_84",10.1,11.0769230769231,22.9497344579337,"6",93
"GS3.1_84",10.5,12.6623376623377,21.9347844821167,"6",94
"GS3.1_84",11.2,14.5978152929494,25.0051033240781,"6",95
"GS3.1_84",10.5,12.1019108280255,24.8958934994392,"6",96
"GS3.1_52",10.7,13.3874239350913,21.3330970333724,"6",97
"GS3.1_52",10.5,11.924882629108,19.3966654279644,"6",98
"GS3.1_52",11.2,12.5398512221041,20.9555874022917,"6",99
"GS3.1_52",10.6,13.2994923857868,21.5894198551115,"6",100
"GS3.1_52",10.8,12.5618199802176,21.3465223948914,"6",101
"GS3.1_152",11.1,14.187866927593,25.0789051503911,"8",1
"GS3.1_152",11.3,15.3526970954357,25.9213795302484,"8",2
"GS3.1_152",11.7,13.97616468039,24.6484262370613,"8",3
"GS3.1_152",10,11.8712273641851,24.3944993506173,"8",4
"GS3.1_74",11.9,14.2583732057416,27.4070566553584,"8",5
"GS3.1_74",11.6,13.8709677419355,24.9465716545151,"8",6
"GS3.1_74",12,14.6490335707019,25.7835723136302,"8",7
"GS3.1_74",11.1,13.469387755102,25.0219398710396,"8",8
"GS3.1_74",12.3,14.1078838174274,26.3628770904464,"8",9
"GS3.1_74",10.8,13.8663967611336,26.9809581352357,"8",10
"GS3.1_33",11.8,13.2804757185332,24.5771079400123,"8",11
"GS3.1_33",12.2,14.2245989304813,27.5346762192779,"8",12
"GS3.1_33",11.2,12.7450980392157,28.8099237668287,"8",13
"GS3.1_33",11.1,12.4095139607032,26.3670797297347,"8",14
"GS3.1_33",10.6,10.6122448979592,25.9407348352475,"8",15
"GS3.1_33",12.4,14.9068322981366,26.6792307525475,"8",16
"GS3.1_75",10.7,18.2474226804124,25.479379786463,"8",17
"GS3.1_75",10.4,14.7335423197492,28.4336237017578,"8",18
"GS3.1_75",10.1,14.5673603504929,27.6064683536615,"8",19
"GS3.1_75",11.7,14.3014301430143,27.5255866227573,"8",20
"GS3.1_75",11.1,13.5164835164835,25.4398185894188,"8",21
"GS3.1_75",11.4,14.9674620390456,25.2470279766599,"8",22
"GS3.1_144",10.3,15.8245948522402,21.9335077443963,"8",23
"GS3.1_144",11.2,14.9364406779661,21.2071119884276,"8",24
"GS3.1_144",11.7,15.9822419533851,23.1505854614831,"8",25
"GS3.1_144",11.2,15.0943396226415,24.2457313442632,"8",26
"GS3.1_144",12.2,15.438950554995,22.341536594875,"8",27
"GS3.1_144",11.6,14.9847094801223,22.1842021229745,"8",28
"GS3.1_159",7.8,8.88625592417062,23.2538611241664,"8",29
"GS3.1_159",9.5,11.5436241610738,23.469811200883,"8",30
"GS3.1_159",9.5,9.12778904665315,22.8114691213098,"8",31
"GS3.1_159",9.7,10.4285714285714,23.7026892322146,"8",32
"GS3.1_76",11.7,15.1187904967603,26.8701859320049,"8",33
"GS3.1_76",11.6,13.2223310479922,26.6588887656706,"8",34
"GS3.1_76",11.4,15.8054711246201,26.7611064346805,"8",35
"GS3.1_76",11.3,15.3028692879915,28.4777068512364,"8",36
"GS3.1_76",10.7,13.3423180592992,27.7778644487464,"8",37
"GS3.1_76",11.1,13.5542168674699,26.0935345216842,"8",38
"Amb_Del_6",10.1,11.954261954262,20.9112206258538,"8",39
"Amb_Del_6",10.6,7.70042194092827,22.0774510528409,"8",40
"Amb_Del_6",10.6,14.3569292123629,23.7241946312142,"8",41
"Amb_Del_6",9.6,10.8791208791209,20.9954503439953,"8",42
"GS3.1_22",10.8,12.4878048780488,22.5489112104644,"8",43
"GS3.1_22",11.2,12.8024193548387,24.8146017327388,"8",44
"GS3.1_22",11.7,11.5897435897436,21.2715467365039,"8",45
"GS3.1_22",10.7,12.1621621621622,20.443827625019,"8",46
"GS3.1_61",12.5,15.9183673469388,22.498695082471,"8",47
"GS3.1_61",12.5,15.0943396226415,23.4755410803462,"8",48
"GS3.1_61",13.6,15.6407669021191,25.1344912043699,"8",49
"Bugle_3",10.8,14.7301006404392,21.4572384169062,"8",50
"Bugle_3",12.6,19.120654396728,20.5907490633232,"8",51
"Bugle_3",11.7,14.8188803512624,25.8931766482725,"8",52
"Bugle_3",9.9,12.8996692392503,20.0797011634436,"8",53
"Bugle_1",10.5,13.5275754422477,23.5039735319951,"8",55
"Bugle_1",10.8,14.5317545748116,25.0064443649279,"8",56
"Bugle_1",12.2,14.0562248995984,23.1249876629869,"8",57
"Bugle_1",11.9,15.7625383828045,23.5222454015098,"8",58
"GS3.1_50",11.9,16.0818713450292,24.684840313074,"8",59
"GS3.1_50",12.5,15.0147203140334,25.1585411949317,"8",60
"GS3.1_50",11.6,12.9237288135593,24.9517572608683,"8",61
"GS3.1_50",12.5,13.8257575757576,26.4326462433491,"8",62
"GS3.1_50",11.2,11.9922630560928,22.1736053797657,"8",63
"GS3.1_50",12.7,13.8339920948617,27.4679768328618,"8",64
"GS3.1_44",10.1,11.6805721096543,20.9935526614126,"8",65
"GS3.1_44",12.1,15.4285714285714,23.9094377458541,"8",66
"GS3.1_44",10.6,10.6971153846154,20.4304379823004,"8",67
"GS3.1_35",10,11.6634799235182,27.4608945357274,"8",68
"GS3.1_35",10.5,11.6256157635468,24.8472628802822,"8",69
"GS3.1_35",10.3,11.0377358490566,23.0036237751652,"8",70
"GS3.1_35",8.9,10.4281009879254,26.4047307580057,"8",71
"GS3.1_35",13.3,16.5024630541872,27.4602401783542,"8",72
"GS3.1_35",10.6,12.1951219512195,24.3530331132965,"8",73
"GS3.1_162",10.8,13.6563876651982,26.2572882334488,"8",74
"GS3.1_162",11.3,16.6085946573751,27.9657754163927,"8",75
"GS3.1_162",10.3,14.621409921671,23.9835054663681,"8",76
"GS3.1_162",11.2,15.0943396226415,27.879917915742,"8",77
"GS3.1_162",10.2,13.1386861313869,26.7978131325645,"8",79
"Amb_Del_10",11.8,13.8339920948617,21.970053028086,"8",80
"Amb_Del_10",11.7,15.8469945355191,27.8199233049578,"8",81
"Amb_Del_10",11.5,13.8349514563107,22.3291263867629,"8",82
"Amb_Del_10",10.5,12.2270742358079,22.955990719046,"8",83
"Amb_Del_10",11.2,14.903129657228,23.9536675253387,"8",84
"Amb_Del_10",10,12.0634920634921,24.7492087735859,"8",85
"GS3.1_91",9.5,9.63995354239257,22.6350546002036,"8",86
"Amb_Del_2",11.8,16.2393162393162,25.7195205746946,"8",87
"Amb_Del_2",11.5,14.5790554414784,23.2253469903524,"8",88
"Amb_Del_2",11.8,14.1451414514145,25.1196823541598,"8",89
"Amb_Del_2",12.1,15.4074074074074,24.8502770632209,"8",90
"Amb_Del_2",10.7,12,24.7242835889457,"8",91
"Amb_Del_2",11.6,14.7019867549669,26.1963361528253,"8",92
"Amb_Del_5",12.2,14.1666666666667,24.5250766592575,"8",93
"Amb_Del_5",11.4,13.9575971731449,25.8715362944025,"8",94
"Amb_Del_5",12.3,15.6785243741765,26.0545007507681,"8",95
"Amb_Del_5",11.3,13.7203166226913,26.5901262294896,"8",96
"Amb_Del_5",11.7,13.360739979445,25.1322053473199,"8",97
"Amb_Del_5",12.9,14.4244105409154,27.1648773072714,"8",98
"GS3.1_142",12.7,17.9166666666667,29.882870568395,"10",1
"GS3.1_142",12.2,15.6881616939365,25.4363127106284,"10",2
"GS3.1_142",13.7,15.6565656565657,26.52829175406,"10",3
"GS3.1_142",12.9,14.1935483870968,23.5168229347106,"10",4
"GS3.1_142",13.1,16.9868554095045,28.2318008847226,"10",5
"GS3.1_142",13,16.0852713178295,28.0864000534892,"10",6
"GS3.1_7",9.3,10.1435406698565,24.6175580038277,"10",7
"GS3.1_7",9.6,9.64630225080386,23.9172758277986,"10",8
"GS3.1_7",10.1,11.1,23.4404713760353,"10",9
"GS3.1_132",10.7,9.10852713178295,26.6333736496524,"10",10
"GS3.1_132",10,11.9960668633235,27.9774661102307,"10",11
"GS3.1_132",9.8,10.7862903225806,26.9203274372478,"10",12
"GS3.1_132",10.3,11.87624750499,27.4867292518716,"10",13
"GS3.1_132",10.4,11.6845180136319,26.0831166123097,"10",14
"GS3.1_132",10,11.6803278688525,26.0729413753341,"10",15
"GS3.1_175",10.9,13.7701804368471,26.5244183875133,"10",16
"GS3.1_175",10,13.0604288499025,23.5918064116997,"10",17
"GS3.1_175",11.5,14.0061791967044,25.470736325876,"10",18
"GS3.1_175",11.3,13.3333333333333,26.689063393879,"10",19
"GS3.1_175",10.7,12.8031037827352,25.2474803155232,"10",20
"GS3.1_175",11.8,13.6606189967983,24.8330353319015,"10",21
"GS3.1_178",11.3,12.5395152792413,25.1082908113437,"10",22
"GS3.1_178",11.5,15.0201612903226,26.6901614980481,"10",23
"GS3.1_178",11.1,10.8626198083067,25.0777244618651,"10",24
"GS3.1_178",11,12.5531914893617,23.7520391564803,"10",25
"GS3.1_178",11.4,14.811229428848,25.5098505345032,"10",26
"GS3.1_178",11.1,11.830985915493,26.2328966772695,"10",27
"GS3.1_18",12.7,15.1234567901235,27.0618669429609,"10",28
"GS3.1_18",12.6,14.3157894736842,25.7189425342176,"10",29
"GS3.1_18",11.6,13.8110072689512,28.4738302109043,"10",30
"GS3.1_18",11.4,14.3487858719647,27.7119068346774,"10",31
"GS3.1_18",11.5,12.8810226155359,24.7956312930541,"10",32
"GS3.1_18",12.7,15.868544600939,30.2203873212514,"10",33
"Bugle_2",11.2,16.5530671859786,25.5353751292607,"10",34
"Bugle_2",12.3,19.6102314250913,23.7440859913551,"10",35
"Bugle_2",11.9,20.4216073781291,24.2471449768314,"10",36
"Bugle_2",12.1,17.2760511882998,26.4801031530483,"10",37
"Bugle_2",12.1,18.9542483660131,26.2009389115748,"10",38
"Bugle_2",12.3,19.8552223371251,25.8082069023957,"10",39
"GS3.1_92",8.8,8.86075949367089,20.8041872720406,"10",40
"GS3.1_92",8.7,10.0169779286927,21.3860985144757,"10",41
"GS3.1_92",8.6,9.3389296956978,22.4664142603286,"10",42
"GS3.1_92",11.6,11.5079365079365,23.1867975976343,"10",43
"GS3.1_92",10.1,9.92462311557789,21.8311964441051,"10",44
"GS3.1_92",11.6,12.2345803842265,24.0363042010269,"10",45
"GS3.1_151",13.4,14.3987341772152,26.9704380971639,"10",46
"GS3.1_151",12.2,12.7368421052632,21.8046209577414,"10",47
"GS3.1_151",13.4,14.9553571428571,25.5860234583067,"10",48
"GS3.1_151",12.3,13.4868421052632,26.6375492579478,"10",49
"GS3.1_151",12.3,15.0118203309693,24.5501010325144,"10",50
"GS3.1_151",11.4,13.9698492462312,21.3600378711431,"10",51
"GS3.1_103",9.2,9.22190201729107,18.3425947058263,"10",52
"GS3.1_103",8.6,8.68167202572347,19.7889856743716,"10",53
"Bugle_6",10.1,15.6063618290258,22.1561484394955,"10",54
"Bugle_6",11.3,15.6565656565657,24.5316981367238,"10",55
"Bugle_6",11.3,14.5420207743154,23.3663840682138,"10",56
"Bugle_6",11.8,13.4436401240951,22.4471690321338,"10",57
"Bugle_6",10.5,13.2093933463796,22.1898126168609,"10",58
"Bugle_6",11.7,17.6056338028169,20.6422309306004,"10",59
"GS3.1_85",11.7,12.6843657817109,25.4912304050828,"10",60
"GS3.1_85",11,14.9946062567422,21.3426473382358,"10",61
"GS3.1_85",10.5,10.8196721311475,24.1789385972764,"10",62
"GS3.1_85",10.4,11.6827438370847,23.516171867436,"10",63
"GS3.1_85",10.2,12.1927236971485,21.4583183996802,"10",64
"GS3.1_85",11.3,12.4223602484472,22.676098323538,"10",65
"GS3.1_177",11.1,13.2470119521912,26.6496550894408,"10",66
"GS3.1_177",13.3,15.6716417910448,26.5540692139448,"10",67
"GS3.1_177",12.7,15.8115183246073,27.0396296240885,"10",68
"GS3.1_177",11.9,13.8115631691649,24.4937957322574,"10",70
"GS3.1_177",12.1,14.6079484425349,23.1717147260149,"10",71
"GS3.1_153",12.2,14.2028985507246,24.0403686669066,"10",72
"GS3.1_153",14,16.1987041036717,25.7487694200271,"10",73
"GS3.1_153",12,11.8312757201646,24.9280346422777,"10",74
"GS3.1_153",12.1,14.0609636184857,25.814431335124,"10",75
"GS3.1_153",12.6,14.9032992036405,25.2371776901971,"10",76
"GS3.1_153",11.2,13.7967914438503,23.1832197664419,"10",77
"GS3.1_32",13.4,17.2786177105832,26.4441384451971,"10",78
"GS3.1_32",13.2,14.7345612134345,27.3123530036454,"10",79
"GS3.1_32",13.9,16.118769883351,27.7380558274661,"10",80
"GS3.1_32",12.2,13.8528138528139,28.2752124292996,"10",81
"GS3.1_32",12.7,16.8432203389831,27.9540315576078,"10",82
"GS3.1_32",12.8,17.8310740354536,27.7734319725834,"10",83
"Bugle_11",11.9,15.8221302998966,23.2151868070732,"10",84
"Bugle_11",11.5,16.6487647690655,24.3506849469712,"10",85
"Bugle_11",10.8,13.3120340788072,22.99022506291,"10",86
"Bugle_11",11.2,15.3398058252427,22.4473172733926,"10",87
"Bugle_11",11.2,18.6778593913956,24.5329135704955,"10",88
"Bugle_11",11.2,14.0284360189573,22.3186056114368,"10",89
"Honeynut_5",7.1,7.3015873015873,17.6553195048248,"11",1
"Honeynut_5",8.9,9.23399790136411,21.2370891880335,"11",2
"Honeynut_5",9.7,9.68688845401174,20.7790250340456,"11",3
"Honeynut_5",10.4,10.2840352595495,23.8472115728671,"11",4
"Honeynut_5",9.6,9.56043956043956,20.7389710604829,"11",5
"Honeynut_5",8.5,8.29694323144105,19.0762155289284,"11",6
"GS3.1_40",9,9.76361767728674,24.9338734535491,"11",7
"GS3.1_40",9,9.96948118006104,21.8207209824562,"11",8
"GS3.1_40",9.8,10.8021390374332,23.9691239098072,"11",9
"GS3.1_121",14.6,17.716894977169,27.6366924545011,"11",10
"GS3.1_121",14.4,18.0110497237569,28.1226010668638,"11",11
"GS3.1_121",13.6,16.6843783209352,26.1093405287831,"11",12
"GS3.1_121",12.8,17.7455357142857,29.1472170128987,"11",13
"GS3.1_189",12.4,14.4791666666667,27.1546191620549,"11",14
"GS3.1_189",12.4,13.8603696098563,26.7789668103332,"11",15
"GS3.1_189",12.3,15.0414937759336,32.8193521764187,"11",16
"GS3.1_189",10.4,15.1821862348178,27.551309124003,"11",17
"GS3.1_189",12.6,16.405529953917,26.5510721429972,"11",18
"GS3.1_179",11.7,14.3266475644699,24.9757781581798,"11",19
"GS3.1_179",11.9,13.9335476956056,28.9360807216587,"11",20
"GS3.1_179",13.7,14.994829369183,28.2221744059721,"11",21
"GS3.1_179",12.1,14.0776699029126,26.2889755627742,"11",22
"GS3.1_179",12.5,14.2384105960265,26.6469736872917,"11",23
"GS3.1_179",12.1,14.968814968815,27.4211108690848,"11",24
"GS3.1_140",13.5,16.6163141993958,28.5815540775461,"12",1
"GS3.1_140",11.6,13.9664804469274,26.9144351389351,"12",2
"GS3.1_140",12.8,15.5705996131528,24.3708399670468,"12",3
"GS3.1_140",12.6,16.5128205128205,27.0297721466385,"12",4
"GS3.1_140",10.1,12.316715542522,26.4325549774474,"12",5
"GS3.1_140",10.6,12.5263157894737,24.6370426208509,"12",6
"GS3.1_126",10.6,11.9825708061002,26.6294462589695,"12",7
"GS3.1_126",10.4,14.0438247011952,22.6085531200927,"12",8
"GS3.1_126",11.2,12.6747437092265,24.0869423607045,"12",9
"GS3.1_126",11,13.9427516158818,24.3288498031334,"12",10
"GS3.1_126",11.3,13.0480167014614,22.9149318613077,"12",11
"GS3.1_126",11,13.1498470948012,23.2717265548851,"12",12
"GS3.1_137",11.6,12.9668049792531,26.9338296327955,"12",13
"GS3.1_137",10.1,12.2350674373796,25.1507060221018,"12",14
"GS3.1_137",10.4,12.0171673819743,25.8278985658033,"12",15
"GS3.1_137",11.4,13.3333333333333,28.4625210958008,"12",16
"Honeynut_10",9.7,9.96948118006104,18.7140130571963,"12",17
"Honeynut_10",8.1,8.89101338432122,16.5168569461598,"12",18
"Honeynut_10",8.1,8.67678958785249,20.1817510892706,"12",19
"GS3.1_97",11.6,15.2372262773723,27.4161342234195,"12",20
"GS3.1_97",13,16.6494312306101,25.2393317235694,"12",21
"GS3.1_97",12.6,18.0990899898888,26.4635839144731,"12",22
"GS3.1_97",12.7,16.8844221105528,24.2739090297706,"12",23
"GS3.1_97",10.8,13.8509968520462,24.9472948974696,"12",24
"GS3.1_97",13.2,17.2727272727273,25.455165633237,"12",25
"GS3.1_123",13.2,15.495867768595,25.0791958675701,"12",26
"GS3.1_123",11.9,14.6709816612729,27.3742557064223,"12",27
"GS3.1_123",12.7,13.5135135135135,25.2608172074046,"12",28
"GS3.1_53",9.5,10.6991525423729,23.4411516388078,"12",29
"GS3.1_25",7.7,7.8544061302682,22.0545741474026,"13",1
"GS3.1_25",8.8,9.32914046121594,25.4589766530912,"13",2
"GS3.1_25",10.1,10.8409321175279,24.8106768422922,"13",3
"GS3.1_25",9.4,10.3305785123967,21.9405225135462,"13",4
"GS3.1_25",8.9,9.14826498422713,18.2748132362217,"13",5
"GS3.1_25",8.6,8.83620689655172,22.0016079290714,"13",6
"GS3.1_115",11.6,12.2137404580153,27.0655661826762,"13",7
"GS3.1_115",12.8,14.4814090019569,26.4209376900277,"13",8
"GS3.1_115",11.4,15.6,27.3424101278864,"13",9
"GS3.1_115",12.1,14.9068322981366,26.83655295209,"13",10
"GS3.1_115",12,15.0980392156863,26.4008526446626,"13",11
"GS3.1_128",13.6,16.8780487804878,26.7419817908812,"13",12
"GS3.1_128",13.6,18.1550539744848,24.8054986386064,"13",13
"GS3.1_128",10.1,14.4787644787645,26.2010411795755,"13",14
"GS3.1_128",13,17.5298804780877,27.4675008481604,"13",15
"GS3.1_79",7.7,8.03295571575695,24.5766891164278,"13",16
"GS3.1_79",8.7,8.94568690095847,25.5192765705217,"13",17
"GS3.1_79",8.2,8.30078125,24.5158698134607,"13",18
"GS3.1_79",7.4,7.5098814229249,23.4698571978077,"13",19
"Bugle_4",12.5,17.5925925925926,25.7754495055449,"13",20
"Bugle_4",12.1,17.287784679089,27.0759913513896,"13",21
"Bugle_4",12.5,19.9174406604747,26.0736708513654,"13",22
"Bugle_4",12.2,18.1987000928505,25.6965152001522,"13",23
"Bugle_4",12,16.9792694965449,25.6875506960068,"13",24
"Bugle_4",11.6,16.4265129682997,25.3226446943297,"13",25
"GS3.1_185",11,15.346038114343,24.9863581506936,"13",26
"GS3.1_185",9.6,13.3196721311475,25.6403745730387,"13",27
"GS3.1_185",10.6,14.3305439330544,23.907658793608,"13",28
"GS3.1_185",10.2,13.4249471458774,25.2986539648134,"13",29
"GS3.1_185",11.2,13.2917964693666,24.4066744340316,"13",30
"GS3.1_185",10.9,16.0298229263746,26.9599546780963,"13",31
"GS3.1_11",13.2,14.8514851485149,27.3630757458303,"13",32
"GS3.1_11",12.5,15.1128557409225,25.2871068897831,"13",33
"GS3.1_11",12.2,13.8429752066116,30.2945590539493,"13",34
"GS3.1_11",13,14.0591966173362,25.6585343880832,"13",35
"GS3.1_11",11.9,13.7969094922737,27.7987105390247,"13",36
"GS3.1_11",12.2,13.1440588853838,28.2198983775633,"13",37
"Amb_Del_3",12.9,16.3766632548618,24.0496459742058,"13",38
"Amb_Del_3",12.5,15.2577319587629,24.3433430608418,"13",39
"Amb_Del_3",12.7,14.5918367346939,24.1183777998459,"13",40
"Amb_Del_3",14.1,15.79476861167,24.2785999166322,"13",41
"Amb_Del_3",13.1,16.1594963273872,25.4518372893724,"13",42
"Amb_Del_3",12,14.2231947483589,24.1404104727771,"13",43
"Amb_Del_8",11.1,12.5799573560768,26.9790221241833,"13",44
"Amb_Del_8",11.8,13.1147540983607,25.3279773236232,"13",45
"Amb_Del_8",12.1,14.6216768916155,27.6131735987806,"13",46
"Amb_Del_8",11.8,12.7155172413793,23.1204389904292,"13",47
"Amb_Del_8",12.7,14.018691588785,25.9312622586518,"13",48
"Amb_Del_8",11.7,13.4897360703812,26.6714975127779,"13",49
"GS3.1_8",12.9,16.7152575315841,28.2860533543747,"13",50
"GS3.1_8",13.6,16.6494312306101,30.5449617653064,"13",51
"GS3.1_8",12.1,15.4002026342452,27.2599477101567,"13",52
"GS3.1_8",13.7,16.3012392755005,27.6395579858643,"13",53
"GS3.1_8",13.6,17.3596673596674,29.3325070435165,"13",54
"GS3.1_8",12.3,16.3405088062622,28.5690997501865,"13",55
"GS3.1_67",11.5,15.438950554995,31.8218819414477,"13",56
"GS3.1_67",12.7,15.8158158158158,28.7282391226703,"13",57
"GS3.1_67",12.1,14.498933901919,28.6144329477577,"13",58
"GS3.1_67",11.8,16.5369649805447,28.2543681962983,"13",59
"GS3.1_67",12.6,16.1389172625128,29.154120420222,"13",60
"GS3.1_67",13,14.6265560165975,28.4581727638327,"13",61
"GS3.1_176",12,14.6692233940556,25.8508690947924,"13",62
"GS3.1_176",10.3,12.0044052863436,25.2100757627814,"13",63
"GS3.1_176",11.7,13.5106382978723,25.4347662796826,"13",64
"GS3.1_176",12.5,13.6706135629709,25.1292416897674,"13",65
"GS3.1_176",12,13.9773895169579,27.1001717658182,"13",66
"GS3.1_176",12.1,13.8253638253638,27.6879451122504,"13",67
"GS3.1_14",12.9,14.5015105740181,29.2609704852377,"14",1
"GS3.1_14",12.1,13.5538954108858,27.4544793910446,"14",2
"GS3.1_14",12.7,17.7372962607862,28.3962053185339,"14",3
"GS3.1_14",10.6,13.0569948186528,28.1114194602086,"14",4
"GS3.1_14",12.8,12.0234604105572,28.620897027698,"14",5
"GS3.1_56",12.9,14.6516393442623,26.7905102133408,"14",6
"GS3.1_56",11,13.3946830265849,25.2701411933232,"14",7
"GS3.1_56",12.7,15.1898734177215,28.0217463498441,"14",8
"GS3.1_56",12.1,14.0816326530612,27.8681669077621,"14",9
"GS3.1_56",12,14.7442326980943,26.562580816079,"14",10
"GS3.1_56",12.1,14.6750524109015,29.102458993854,"14",11
"GS3.1_130",12,16.9260700389105,30.4635994296136,"14",12
"GS3.1_130",12.4,14.5416227608008,28.9573387373702,"14",13
"GS3.1_130",12.4,16.4358264081256,29.4749340493371,"14",14
"GS3.1_130",12.5,17.2199170124481,34.4253891721499,"14",15
"GS3.1_130",12.8,16.4309031556039,29.4444753318357,"14",16
"GS3.1_130",11.9,15.3684210526316,28.7868209158685,"14",17
"GS3.1_181",12,15.0785340314136,26.2495972056451,"14",18
"GS3.1_181",12.4,15.3928955866523,25.1583411986497,"14",19
"GS3.1_181",9.4,15.6767283349562,25.6474757457738,"14",20
"GS3.1_181",13.2,15.2241918665276,27.6008595159662,"14",21
"GS3.1_181",12.6,14.2110762800418,26.4382981424449,"14",22
"GS3.1_181",12.5,14.9501661129568,26.8962797784713,"14",23
"GS3.1_125",11.8,15.3617443012884,27.5575792030386,"14",24
"GS3.1_125",10.9,13.1164742917104,26.6517471085168,"14",25
"GS3.1_125",10.6,13.6318407960199,28.4739293292802,"14",26
"GS3.1_125",12.4,13.9369277721261,28.4750873510235,"14",27
"GS3.1_125",12.2,15.9420289855072,27.290237465574,"14",28
"GS3.1_125",10.9,14.8068669527897,28.2444241463311,"14",29
"Honeynut_8",7.1,7.64587525150905,20.3514604929713,"14",30
"Honeynut_8",10.8,11.1000991080278,23.6907966756144,"14",31
"Honeynut_8",11.3,12.0246659815005,21.890842341054,"14",32
"Honeynut_8",9.3,9.37818552497452,21.4272602789192,"14",33
"Honeynut_8",11.2,10.7142857142857,19.9165502750566,"14",34
"Honeynut_8",9.5,9.60960960960961,19.2269785971628,"14",35
"GS3.1_87",7.7,8.88661899897855,24.5465506232115,"14",36
"GS3.1_87",11.5,13.263358778626,27.2270491007591,"14",37
"GS3.1_87",10.5,11.758691206544,24.1978045764262,"14",38
"GS3.1_129",10.8,11.8434603501545,22.4202566337187,"14",39
"GS3.1_129",10.4,11.6772823779193,21.8615222064101,"14",40
"GS3.1_108",12,14.4697720515362,28.3130968278388,"15",1
"GS3.1_108",12.4,14.3658810325477,27.9574026813391,"15",2
"GS3.1_108",12,14.2265193370166,25.3103225665059,"15",3
"GS3.1_108",11.3,13.1578947368421,27.8461022249507,"15",4
"GS3.1_108",11.7,12.9171151776103,28.1476774845747,"15",5
"GS3.1_108",11.8,13.8490926456542,27.2832741620161,"15",6
"Bugle_7",11.6,16.633064516129,26.2042200513031,"15",7
"Bugle_7",11.5,19.6581196581197,23.7561358735519,"15",8
"Bugle_7",12,16.3829787234043,24.8668043812161,"15",9
"Bugle_7",12.3,17.8907721280603,25.7265271123207,"15",10
"Bugle_7",11.6,16.8514412416851,25.051537305119,"15",11
"GS3.1_10",11.9,13.6507936507937,34.2060960633609,"15",12
"GS3.1_10",10.9,12.3583934088568,27.7777029732978,"15",13
"GS3.1_10",10.7,12.0940649496081,26.1178682821157,"15",14
"GS3.1_10",8.2,8.75133404482391,23.2120484230357,"15",15
"GS3.1_10",9.6,10.7438016528926,24.166324127154,"15",16
"GS3.1_10",10.6,11.6650049850449,25.2414457376273,"15",17
"GS3.1_59",10.8,12.0040691759919,26.6977949994092,"15",18
"GS3.1_59",11.6,12.5984251968504,27.0890215930027,"15",19
"GS3.1_59",12.3,13.5960591133005,27.7691110313257,"15",20
"GS3.1_59",11.9,13.184584178499,27.6762968213084,"15",21
"GS3.1_59",11.9,14.6788990825688,27.5490104734737,"15",22
"GS3.1_59",12.9,13.441372735939,28.5929219478825,"15",23
"GS3.1_96",13,15.539858728557,26.6194114652661,"15",24
"GS3.1_96",12.4,16.506922257721,27.1626906083359,"15",25
"GS3.1_96",12.2,13.1914893617021,28.5920116088712,"15",26
"GS3.1_96",12.7,14.8068669527897,28.4133910503281,"15",27
"GS3.1_96",11.6,13.1351869606903,28.5606376954599,"15",28
"GS3.1_96",11.3,13.1687242798354,27.809106095293,"15",29
"GS3.1_171",12.9,15.1329243353783,24.8454519331703,"15",30
"GS3.1_171",11.9,14.6853146853147,24.5223073086993,"15",31
"GS3.1_171",12.4,16.3346613545817,25.3468947620553,"15",32
"GS3.1_171",12.2,15.5238095238095,26.4101821726912,"15",33
"GS3.1_171",12.9,14.5098039215686,22.653933346518,"15",34
"GS3.1_171",12,17.0779861796644,24.5981890453809,"15",35
"Bugle_9",11,17.4406604747162,25.0892983457974,"15",36
"Bugle_9",11.7,17.3056994818653,25.3496998167233,"15",37
"Bugle_9",12.9,17.9856115107914,26.2608655261682,"15",38
"Bugle_9",12.1,16.870876531574,26.3236508043372,"15",39
"Bugle_9",11.5,17.1641791044776,24.199556600873,"15",40
"Bugle_9",11.8,15.9133709981168,26.089910940529,"15",41
"GS3.1_141",13,15.4308617234469,27.9486417171944,"15",42
"GS3.1_141",12.6,17.1310629514964,27.6309885694415,"15",43
"GS3.1_141",12.3,14.8914167528438,23.7291335242087,"15",44
"GS3.1_141",12.6,15.8562367864693,31.2255096577755,"15",45
"GS3.1_141",13.2,15.3766769865841,29.7871800149946,"15",46
"GS3.1_141",11.4,13.6141038197845,27.3691668724823,"15",47
"GS3.1_191",12.2,16.016016016016,31.5285004084179,"15",48
"GS3.1_191",12,14.8936170212766,27.7769304928663,"15",49
"GS3.1_191",12.5,14.7637795275591,28.4124590280262,"15",50
"GS3.1_191",12.8,16.8494516450648,28.8391752453299,"15",51
"GS3.1_191",11.5,16.3424124513619,29.932998804851,"15",52
"GS3.1_191",12.6,15.6739811912226,29.4465319278133,"15",53
"GS3.1_111",12.5,13.9634801288937,27.1460129948527,"16",1
"GS3.1_111",13.1,14.4144144144144,28.7892286467496,"16",2
"GS3.1_111",11.6,12.8937007874016,27.8345612407279,"16",3
"GS3.1_111",12.9,16.0952380952381,29.4446689695541,"16",4
"GS3.1_138",13.6,15.5507559395248,26.3716906778061,"16",5
"GS3.1_138",13.4,16.1670235546039,25.4079803300222,"16",6
"GS3.1_138",11.9,14.6750524109015,28.8999685081716,"16",7
"GS3.1_138",14.8,17.6007866273353,29.1486183169114,"16",8
"GS3.1_138",12.2,15.4471544715447,26.9429646433642,"16",9
"GS3.1_138",12.4,15.0884495317378,26.5027028315156,"16",10
"GS3.1_117",13,14.8760330578512,23.903411283013,"16",11
"GS3.1_117",12.5,14.5790554414784,25.1768381272799,"16",12
"GS3.1_117",11.9,13.8643067846608,23.645582916013,"16",13
"GS3.1_117",11.7,13.0480167014614,25.8029572942914,"16",14
"GS3.1_117",11.6,14.484126984127,24.1514477559346,"16",15
"GS3.1_117",12.1,15.1151151151151,23.9899525740916,"16",16
"GS3.1_105",11,11.8236472945892,24.2658727985621,"16",17
"GS3.1_105",9.5,10.3547459252157,22.7496586629221,"16",18
"GS3.1_105",10.1,11.2689393939394,24.9153886395946,"16",19
"GS3.1_105",10.3,11.3333333333333,24.8197489797162,"16",20
"GS3.1_105",10.5,12.280701754386,24.3447632783499,"16",21
"GS3.1_105",11.7,12.9135538954109,23.9986020768556,"16",22
"GS3.1_20",12.3,16.1060142711519,27.4463137712023,"16",23
"GS3.1_20",14.4,16.4229471316085,29.5634171110679,"16",24
"GS3.1_20",13.3,14.4676979071884,27.7333448321274,"16",25
"GS3.1_20",13.8,16.1008729388943,29.4348253984233,"16",26
"GS3.1_20",13.6,16.0531697341513,26.3101926064287,"16",27
"GS3.1_20",14.9,17.1620325982742,27.3683051179345,"16",28
"GS3.1_5",11.9,13.4520276953511,26.1390403232673,"16",29
"GS3.1_5",11.4,13.7295081967213,26.7679424184714,"16",30
"GS3.1_5",11.4,13.4573304157549,25.6417070108593,"16",31
"GS3.1_5",11.3,12.691466083151,23.8268033410908,"16",32
"GS3.1_5",11.5,12.5827814569536,24.8572211934411,"16",33
"GS3.1_5",12.1,13.6986301369863,25.771822184433,"16",34
"GS3.1_60",13.6,16.4444444444444,31.1698548359164,"16",35
"GS3.1_60",13.3,15.5712841253792,28.2920683083127,"16",36
"GS3.1_60",13.8,16.3967611336032,29.9994031611963,"16",37
"GS3.1_60",14.5,18.0327868852459,29.2671364567692,"16",38
"GS3.1_60",13.7,18.1902985074627,29.1883684834959,"16",39
"GS3.1_15",14.1,16.318407960199,28.0357526790538,"16",40
"GS3.1_15",13,16.3179916317992,30.8493769034497,"16",41
"GS3.1_15",13.6,16.6828322017459,30.5764861478425,"16",42
"GS3.1_15",13.4,16.6491043203372,33.0997256719825,"16",43
"GS3.1_15",13.1,16.0481444332999,25.6147750697298,"16",44
"GS3.1_15",12.8,15.6650246305419,28.8050523140805,"16",45
"Amb_Del_4",9.3,10.6833493743985,23.1969393630742,"16",46
"Amb_Del_4",10.6,13.477366255144,21.6541058070225,"16",47
"Amb_Del_4",9.6,10.4510451045105,20.9121535436588,"16",48
"Amb_Del_4",11.5,14.2263759086189,23.1851735367574,"16",49
"Amb_Del_4",11.4,13.2248219735504,22.8924018462664,"16",50
"Amb_Del_4",12.4,13.7316561844864,24.1314543763617,"16",51
"GS3.1_172",12.6,13.3802816901408,25.6065193059469,"16",52
"GS3.1_172",12.9,15.440414507772,24.1991021960049,"16",53
"GS3.1_172",12.5,13.6986301369863,24.7654888346076,"16",54
"GS3.1_172",13.4,15.1690821256039,22.7235642915886,"16",55
"GS3.1_172",11.5,11.4528101802757,22.2662497783345,"16",56
"GS3.1_172",12.2,15.2351738241309,23.381791742151,"16",57
"GS3.1_106",8.8,8.96551724137931,20.7444952018343,"16",58
"GS3.1_106",9,9.60614793467819,22.9257386695184,"16",59
"GS3.1_93",12.3,15,27.6999442528822,"16",60
"GS3.1_93",14.1,15.702479338843,28.7095968859015,"16",61
"GS3.1_93",13.7,16.4026095060578,28.9675973723444,"16",62
"GS3.1_93",16.5,20.021186440678,32.104306117519,"16",63
"GS3.1_93",13.1,15.8760890609874,27.2779965196726,"16",64
"GS3.1_93",14.3,16.9868554095045,29.0154410642701,"16",65
"GS3.1_187",12.4,14.0086206896552,24.9376868960555,"16",66
"GS3.1_187",13.1,15.5285313376988,27.019738153774,"16",67
"GS3.1_187",12.4,14.0298507462687,24.7640855767695,"16",68
"GS3.1_187",15,17.2794117647059,26.5938816616313,"16",69
"GS3.1_187",10.5,15.1101783840504,25.366543763613,"16",70
"GS3.1_187",12.8,14.9448345035105,24.3037529247047,"16",71
"GS3.1_64",11.4,14.2709410548087,24.2279618935032,"16",72
"GS3.1_64",10.1,11.6557734204793,23.8696776005996,"16",73
"GS3.1_64",11.3,12.5,24.854458917603,"16",74
"GS3.1_64",12.4,13.9558232931727,24.4439771043056,"16",75
"GS3.1_64",12.8,15.2259332023576,26.0654023940107,"16",76
"GS3.1_64",10.4,11.9565217391304,24.9118288618212,"16",77
"GS3.1_118",13.7,15.2412280701754,27.0684946570989,"16",78
"GS3.1_118",14.6,16.5934065934066,27.2222368781169,"16",79
"GS3.1_118",13.4,14.9779735682819,25.8860447966123,"16",80
"GS3.1_118",13.2,14.7317073170732,25.9609417222754,"16",81
"GS3.1_118",13,14.5196506550218,26.6021641884603,"16",82
"GS3.1_118",14.3,16.5532879818594,26.2402140656581,"16",83
"Amb_Del_7",13.2,15.1709401709402,25.1626717900013,"16",84
"Amb_Del_7",11.7,13.6886102403344,24.8179508298348,"16",85
"Amb_Del_7",12.2,13.7474541751528,25.2826964069223,"16",86
"Amb_Del_7",13.1,15.7608695652174,26.3118053802271,"16",87
"Amb_Del_7",12,12.6,26.0728190005624,"16",88
"Amb_Del_7",13.4,15.8273381294964,26.0451527071606,"16",89
"GS3.1_124",11.2,13.015873015873,23.1133848564767,"16",90
"GS3.1_124",10.3,12.5850340136054,23.0084460941706,"16",91
"GS3.1_124",10.3,10.1727447216891,25.3285412332104,"16",92
"GS3.1_124",11.1,13.1379962192817,24.9514169391017,"16",93
"GS3.1_124",11.5,13.1742738589212,26.7624800043086,"16",94
"GS3.1_131",7.6,8.14432989690722,22.0754289302547,"16",95
"GS3.1_131",8.5,9.3719806763285,21.2567294818712,"16",96
"GS3.1_131",9,9.75855130784708,21.8249715621074,"16",97
"GS3.1_131",9.3,9.39226519337017,24.0742163934785,"16",98
"GS3.1_131",7.9,7.95811518324607,21.4440196682428,"16",99
"GS3.1_131",9.7,9.81713185755534,22.2652835591647,"16",100
"GS3.1_114",13,14.6139705882353,29.4513814636462,"16",101
"GS3.1_114",11.5,12.938816449348,28.2207468834935,"16",102
"GS3.1_114",12.2,13.4146341463415,28.8789844618435,"16",103
"GS3.1_114",13.5,15.9963436928702,29.2952774672592,"16",104
"GS3.1_114",12.6,15.1936444885799,28.7207703676541,"16",105
"GS3.1_114",12.9,15.0294695481336,27.2750856549756,"16",106
"GS3.1_168",12,14.2992424242424,21.1406511734519,"16",107
"GS3.1_168",13.5,15.2713891444342,23.8000130305417,"16",108
"GS3.1_168",13.2,15.7112526539278,22.4407628357998,"16",109
"GS3.1_168",13.1,17.558886509636,22.7264483357749,"16",110
"GS3.1_168",12,14.6541617819461,22.5073320948917,"16",111
"GS3.1_168",12.1,13.5922330097087,23.0302706184561,"16",112
"GS3.1_107",12.6,14.1766630316249,23.2439429691297,"16",113
"GS3.1_107",12,14.7150259067358,27.7359507129018,"16",114
"GS3.1_107",11.9,14.5951035781544,27.5730087049602,"16",115
"GS3.1_107",11.5,13.9906103286385,27.2858221150976,"16",116
"GS3.1_135",9.9,9.85221674876847,22.3955182496729,"16",117
"GS3.1_135",9.9,10.0096711798839,22.6711803016997,"16",118
"GS3.1_135",9.4,10.0607111882047,23.533023651379,"16",119
"GS3.1_135",10.9,11.9326500732064,22.0259529173631,"16",120
"GS3.1_135",9.4,9.98336106489185,22.6534748551581,"16",121
"GS3.1_135",10.4,13.2398753894081,23.7420140250355,"16",122
"GS3.1_66",9.3,9.49044585987261,22.2578254847033,"16",123
"GS3.1_66",10.3,11.5059221658206,23.6178467244008,"16",124
"GS3.1_66",11.3,10.8849557522124,21.2770659674854,"16",125
"GS3.1_66",9.8,10.347085789129,21.3015470181319,"16",126
"GS3.1_169",9.6,15.7650695517774,27.6167232233282,"16",127
"GS3.1_169",12.3,16.6786484543494,23.9146575414806,"16",128
"GS3.1_169",13,17.1526586620926,26.9833968325782,"16",129
"GS3.1_169",12.4,16.3108454312553,23.282419488995,"16",130
"GS3.1_169",12,16.5162454873646,26.4373078723018,"16",131
"GS3.1_169",12,16.9968717413973,24.917486037475,"16",132
"GS3.1_133",12.1,14.6913023884633,24.6081098273511,"16",133
"GS3.1_133",9.9,15.7689305230289,25.0916611811946,"16",134
"GS3.1_133",11.4,14.7575919019712,25.0365429464182,"16",135
"GS3.1_133",13.4,16.2083936324168,25.8158907775508,"16",137
"GS3.1_133",12,12.2270742358079,24.2130973105164,"16",138
"GS3.1_183",9.4,10.9992254066615,22.6173138268122,"16",139
"GS3.1_183",10.7,12.4277456647399,22.165329186904,"16",140
"GS3.1_183",11.2,14.2936288088643,23.2046346130694,"16",141
"GS3.1_183",11.7,13.5464231354642,21.55121052735,"16",142
"GS3.1_183",10,11.1050027487631,25.3942626515491,"16",143
"GS3.1_183",9.7,10.9756097560976,22.3866662619136,"16",144
"GS3.1_192",12,13.6632200886263,26.6123638861618,"16",145
"GS3.1_192",12.9,14.2519219396807,27.6043343128551,"16",146
"GS3.1_192",11,15.0122249388753,29.5897847116037,"16",147
"GS3.1_192",12,14.626635873749,28.791753705574,"16",149
"GS3.1_192",11.4,14.0782828282828,27.5377081128056,"16",150
"GS3.1_119",12.1,16.2688941925219,25.1866030420568,"16",151
"GS3.1_119",11.9,16.7241379310345,26.1674223648028,"16",152
"GS3.1_119",13.4,17.9718875502008,28.1081091133835,"16",153
"GS3.1_119",13.4,18.5503685503685,25.6291066803898,"16",154
"GS3.1_119",12.9,17.2243554580362,29.4896152648538,"16",155
"GS3.1_119",13.4,17.5141242937853,28.7467033646174,"16",156
"GS3.1_147",12.2,16.8531468531469,30.9775494826399,"16",157
"GS3.1_147",12.2,18.4823441021788,32.6663798798264,"16",158
"GS3.1_147",10.8,15.4824233358265,30.6421718585181,"16",159
"GS3.1_116",11.1,12.1367521367521,21.8596632605718,"16",160
"GS3.1_116",9.9,10.3066439522998,19.2738493661974,"16",161
"GS3.1_116",14.5,15.9478435305918,27.0240811874525,"16",162
"GS3.1_57",10.4,10.8367626886145,21.5311389796701,"16",163
"GS3.1_57",11.8,14.1069397042093,22.7072656670294,"16",164
"GS3.1_57",12,12.7994011976048,23.4351773906102,"16",165
"GS3.1_57",7.7,8.9731729879741,18.9242663834797,"16",166
"GS3.1_57",9,10.328317373461,23.321651126576,"16",167
"GS3.1_57",11.6,13.9939485627837,25.4496686868568,"16",168
"GS3.1_16",10.4,12.5418860698899,22.95564372439,"16",169
"GS3.1_16",10.1,10.996354799514,21.9256314657537,"16",170
"GS3.1_16",10.3,10.905612244898,24.8008966209063,"16",171
"GS3.1_16",11.2,12.2029543994862,26.0690783182111,"16",172
"GS3.1_16",11.1,12.472647702407,23.3982719053515,"16",173
"GS3.1_16",10.7,13.9949109414758,24.2852520315578,"16",174
"GS3.1_27",13.5,15.3249272550921,26.1353011426295,"16",175
"GS3.1_27",10.9,13.8983050847458,24.655788937805,"16",176
"GS3.1_27",12.3,13.733410271206,24.4437059490524,"16",177
"GS3.1_27",12.3,17.1137339055794,24.7898861023645,"16",178
"GS3.1_27",13.4,15.0584795321637,24.0856214574518,"16",179
"GS3.1_27",11.5,13.3383010432191,23.0316320608877,"16",180
"GS3.1_98",12.1,14.2284569138277,27.1127173151773,"16",181
"GS3.1_98",12.4,16.3185378590078,26.8981339544118,"16",182
"GS3.1_98",14.3,16.7714884696017,29.0427335382151,"16",183
"GS3.1_98",13.3,15.678776290631,26.4367209720249,"16",184
"GS3.1_98",13.5,15.9751037344398,27.193826193001,"16",185
"GS3.1_98",11.7,12.5494071146245,26.1722235172405,"16",186
"GS3.1_109",11.2,13.2924335378323,26.0044488548257,"16",187
"GS3.1_109",10,12.5925925925926,26.9148826577903,"16",188
"GS3.1_109",10.6,12.1052631578947,26.9509276913643,"16",189
"GS3.1_109",7.8,14.2201834862385,27.1120761737303,"16",190
"GS3.1_109",12.1,13.6882129277567,27.7791349950908,"16",191
"GS3.1_109",11.5,12.8851540616246,25.6588927939413,"16",192
"Honeynut_1",11.2,12.3583934088568,21.2744693461747,"16",193
"Honeynut_1",8.5,10.0206611570248,20.6709728266985,"16",194
"Honeynut_1",11.2,12.3720930232558,20.8250686775801,"16",195
"Honeynut_1",11.4,11.6869918699187,21.0154413616175,"16",196
"Honeynut_1",11.4,12.8371089536138,22.6801891837806,"16",197
"Honeynut_1",11.6,12.6534466477809,22.1667795793429,"16",198
"GS3.1_80",11.1,13.1034482758621,23.7153720970791,"16",199
"GS3.1_80",10.7,12.1527777777778,25.4698975594099,"16",200
"GS3.1_80",12,12.5754527162978,25.4523946237869,"16",201
"GS3.1_80",11.4,14.6315789473684,26.5568438834616,"16",202
"GS3.1_80",11.8,14.6744412050535,23.8682833363796,"16",203
"GS3.1_80",12.7,16.7412712623098,26.130505875689,"16",204
"GS3.1_160",14.1,18.565815324165,31.8626256044628,"16",205
"GS3.1_160",12.7,18.2368193604149,31.353933501207,"16",206
"GS3.1_160",13.5,17.0465807730426,30.3539461539773,"16",207
"GS3.1_160",12.8,15.9,30.2589352171214,"16",208
"GS3.1_160",11.8,17.8496868475992,30.3188710945889,"16",210
"Bugle_5",10.4,13.6120042872454,23.5915629680711,"16",211
"Bugle_5",12.7,18.6844613918017,25.6884631318343,"16",212
"Bugle_5",12.2,15.0294695481336,25.7375230956176,"16",213
"Bugle_5",12.6,16.3601161665053,27.208301721064,"16",214
"Bugle_5",11.6,15.6217882836588,26.7979937413607,"16",215
"Bugle_5",12.3,17.0731707317073,26.3771267158131,"16",216
"GS3.1_31",9.9,12.2105263157895,23.2384528081002,"16",217
"GS3.1_31",10.3,12.5769569041337,24.2677275743973,"16",218
"GS3.1_31",10.1,12.9337539432177,24.0192741614944,"16",219
"GS3.1_31",11.2,13.7236084452975,24.4206278423597,"16",220
"GS3.1_31",11.4,13.4943181818182,23.0192029421088,"16",221
"GS3.1_31",8.6,10.7421875,24.5583333525331,"16",222
"GS3.1_158",10.9,13.3076181292189,23.625250237481,"16",223
"GS3.1_158",11.6,12.9357798165138,24.3272620830298,"16",224
"GS3.1_158",10.5,15.1975683890578,23.8006143429796,"16",225
"GS3.1_158",11.9,13.1455399061033,23.3384069325562,"16",226
"GS3.1_158",11.4,15.0887573964497,23.5842483390221,"16",227
"GS3.1_158",11.2,15.7515751575158,22.8137563346776,"16",228
"GS3.1_48",14.2,17.0708955223881,26.1025667974641,"16",229
"GS3.1_48",8.4,8.51926977687627,22.7964852706929,"16",230
"GS3.1_48",10.8,11.1570247933884,23.3528009437884,"16",231
"GS3.1_73",9.7,9.36213991769547,22.8348491377601,"16",232
"GS3.1_73",10,10.3317535545024,21.4674426945175,"16",233
"GS3.1_73",9,9.27536231884058,21.0561785748414,"16",234
"GS3.1_73",9.5,10.8717948717949,24.9261864232354,"16",235
"GS3.1_73",9.9,11.1881188118812,23.9664668271796,"16",236
"GS3.1_58",10.9,11.8479221927498,25.1245466031815,"16",237
"GS3.1_58",10.7,11.2488083889418,24.1248306986043,"16",238
"GS3.1_58",10.5,10.8060230292294,23.3794208164423,"16",239
"GS3.1_23",10.3,11.2888052681091,25.5508004837501,"16",240
"GS3.1_23",10.4,12.463768115942,23.4138763511487,"16",241
"GS3.1_55",9.6,9.16179337231969,20.1936659321467,"16",242
"GS3.1_55",9.6,7.9646017699115,21.3300746598297,"16",243
"GS3.1_166",13.6,16.5584415584416,28.4894474324697,"17",1
"GS3.1_166",13.2,17.3092698933552,27.9790523547549,"17",2
"GS3.1_166",12.8,17.4139728884254,28.7758072793204,"17",3
"GS3.1_166",11.8,17.2557172557173,29.6711469397593,"17",4
"GS3.1_166",13.4,17.5944333996024,29.7476297577485,"17",5
"GS3.1_166",13,17.4093264248705,28.7032607423072,"17",6
"Amb_Del_1",11.5,13.2606721162579,25.656494718938,"17",7
"Amb_Del_1",10.3,10.9461966604824,23.3337619089682,"17",8
"Amb_Del_1",10.8,11.5884115884116,27.3728825063483,"17",9
"Amb_Del_1",10.1,11.1111111111111,25.1094127828105,"17",10
"Amb_Del_1",10.9,13.3397312859885,26.638050905154,"17",11
"Amb_Del_1",11.8,14.0276301806589,26.3243174414005,"17",12
"GS3.1_156",12,14.1137855579869,27.3371287368548,"17",13
"GS3.1_156",12.7,14.8042024832856,28.9651310256081,"17",14
"GS3.1_156",12.8,16.016016016016,32.8553647583604,"17",15
"GS3.1_156",13.5,15.5339805825243,28.441118667654,"17",16
"GS3.1_156",13.3,16.0386473429952,30.9795059088229,"17",17
"GS3.1_156",14.2,17.2297297297297,33.0435824806107,"17",18
"GS3.1_81",11.6,14.4913627639155,27.448370803371,"17",19
"GS3.1_81",11.8,13.8157894736842,27.9897698909871,"17",20
"GS3.1_81",12.7,15.1574803149606,31.9633262040697,"17",21
"GS3.1_81",11.1,12.2933884297521,23.9077493040886,"17",22
"GS3.1_81",11.2,13.3399209486166,24.9289705111296,"17",23
"GS3.1_170",11.7,14.3302180685358,26.5585483249995,"17",24
"GS3.1_170",13,15.6779661016949,30.636398309609,"17",25
"GS3.1_170",12.4,15.7946692991115,29.312068353205,"17",26
"GS3.1_170",12.5,15.2380952380952,29.4892334872826,"17",27
"GS3.1_170",12.3,17.2122492080253,27.4638530989925,"17",28
"GS3.1_170",13.1,16.2059103908484,28.448776959111,"17",29
"GS3.1_154",8.9,9.01563937442502,18.9291404604145,"17",30
"GS3.1_154",9.4,9.66702470461869,21.5193058249738,"17",31
"GS3.1_154",8.2,8.05043646944714,18.8060744496041,"17",32
"GS3.1_154",9.1,8.75486381322957,19.0664139175984,"17",33
"GS3.1_21",11.1,12.8301886792453,28.1619575743585,"17",34
"GS3.1_21",11.7,12.8787878787879,26.861823319362,"17",35
"GS3.1_21",12.4,13.6792452830189,28.4509226254698,"17",36
"GS3.1_21",11.5,12.3791102514507,29.277298670943,"17",37
"GS3.1_21",11.2,11.4674441205053,27.4499420765564,"17",38
"GS3.1_21",13.4,17.8728070175439,29.1374279725992,"17",39
"GS3.1_102",11.5,12.4852767962309,24.212382277372,"17",40
"GS3.1_102",12.5,13.2874015748032,25.4494596775773,"17",41
"GS3.1_102",12.9,13.8260869565217,28.6478524032816,"17",42
"GS3.1_102",12.5,13.1643499591169,27.5994612882925,"17",43
"GS3.1_102",10.2,10.7569721115538,27.1836055403983,"17",44
"GS3.1_51",7.6,7.71637122002086,24.8092074016901,"17",45
"GS3.1_51",7.2,7.87476280834915,25.3231185543952,"17",46
"GS3.1_51",8.7,9.34782608695652,25.2170037925383,"17",47
"Honeynut_4",8.6,9.0017825311943,20.5731667592036,"17",48
"Honeynut_4",8.4,7.20164609053498,20.2816144303317,"17",49
"Honeynut_4",9.2,9.44386149003148,22.5342904811032,"17",50
"Honeynut_4",9,8.12437311935808,20.8488918018153,"17",51
"GS3.1_164",9.6,9.5959595959596,24.1167064434852,"18",1
"GS3.1_164",10.1,10.1054481546573,26.5550107626023,"18",2
"GS3.1_164",9.2,10.2851323828921,25.0236465627287,"18",3
"GS3.1_164",8.6,8.83218842001963,23.4427758827699,"18",4
"GS3.1_164",8.5,9.00423728813559,23.459234080763,"18",5
"GS3.1_164",10.7,12.2722914669223,28.1446249395077,"18",6
"GS3.1_24",10.7,12,26.1814711512706,"18",7
"GS3.1_24",12.5,13.9105058365759,26.3422615839716,"18",8
"GS3.1_24",11.7,12.360594795539,27.4032304443583,"18",9
"GS3.1_24",11.9,13.3004926108374,28.0845903451101,"18",10
"GS3.1_24",11.1,13.2553606237817,27.7094996829607,"18",11
"GS3.1_24",11.9,13.094083414161,29.2766707766794,"18",12
"GS3.1_77",12,14.9732620320856,30.7540892749742,"18",13
"GS3.1_77",9.3,15.7777777777778,33.7842094871352,"18",14
"GS3.1_77",10.6,14.6086956521739,28.8611689044063,"18",15
"GS3.1_77",12.5,15.6374501992032,30.9876651163834,"18",16
"GS3.1_77",11.7,14.1552511415525,30.5502267161412,"18",17
"GS3.1_77",11.1,14.0904311251314,30.8318722529032,"18",18
"Amb_Del_9",13.7,15.8179848320693,26.2623349907758,"18",19
"Amb_Del_9",10.5,15.0997150997151,25.7452580435503,"18",20
"Amb_Del_9",12.8,13.7380191693291,24.8497197667891,"18",21
"Amb_Del_9",13.5,14.4390243902439,24.6350694551308,"18",22
"Amb_Del_9",12.5,14.6919431279621,25.2456807094217,"18",23
"Amb_Del_9",14.6,15.6666666666667,26.8489064086725,"18",24
"Honeynut_2",7.4,7.56218905472637,17.6535922932872,"18",25
"Honeynut_2",9,11.0557768924303,23.9487155610927,"18",26
"Honeynut_2",7.2,7.73930753564155,21.5742600672286,"18",27
"Honeynut_2",7.6,6.99233716475096,21.4932585439735,"18",28
"Honeynut_2",9.7,10.5740181268882,22.6610931551008,"18",29
"Honeynut_3",9.9,10.3225806451613,22.5741649941176,"18",30
"Honeynut_3",10.5,11.3839285714286,24.244829841819,"18",31
"Honeynut_3",9.9,11.1423220973783,24.9350807133493,"18",32
"Honeynut_3",10.8,12.1754700089526,24.623058833074,"18",33
"Honeynut_3",10.7,10.3189493433396,22.8951387366639,"18",34
"GS3.1_86",12.7,15.3351698806244,26.6319502000759,"18",35
"GS3.1_86",10.2,15.7389635316699,28.8233888569713,"18",36
"GS3.1_86",13,16.3064833005894,28.8431825681443,"18",37
"GS3.1_86",13.2,15.5980861244019,27.2953508845035,"18",38
"GS3.1_86",12.8,16.6952054794521,27.7102515290726,"18",39
"GS3.1_62",11.4,15.2422907488987,28.7068395411035,"18",40
"GS3.1_62",13.3,15.4146341463415,30.57514466445,"18",42
"GS3.1_62",13.7,15.3550863723608,28.9273148308841,"18",43
"GS3.1_62",13.4,15.6923076923077,29.7528904149917,"18",44
"GS3.1_62",10.1,14.9847094801223,24.5975104275287,"18",45
"GS3.1_155",12.7,15.08078994614,28.4565036546612,"18",46
"GS3.1_155",13.8,16.8571428571429,34.6070099947527,"18",47
"GS3.1_155",13,16.3967611336032,35.4756673788187,"18",48
"GS3.1_155",13.9,17.1094580233794,34.3007674797192,"18",49
"GS3.1_155",13.7,17.2178988326848,30.3819817335702,"18",50
"GS3.1_155",14.5,18.3070866141732,32.8838923582683,"18",51
"GS3.1_17",10.1,11.038961038961,25.3234262121496,"18",52
"GS3.1_17",12.6,12.84046692607,25.9482394686318,"18",53
"GS3.1_17",11.6,12.6134301270417,25.1370715345507,"18",54
"GS3.1_17",11.2,12.3243243243243,27.3257779206942,"18",55
"GS3.1_17",11.4,14.9238578680203,26.356898841453,"18",56
"GS3.1_17",11.5,12.5133689839572,25.9302479553687,"18",57
"GS3.1_46",12,13.9733840304183,25.6615101433136,"18",58
"GS3.1_46",10.3,12.1212121212121,25.9649498236079,"18",60
"GS3.1_46",10.2,14.235807860262,26.3136333828707,"18",61
"GS3.1_46",11.7,12.8486055776892,26.9028030950647,"18",62
"GS3.1_46",11.8,13.6150234741784,25.9652799525609,"18",63
"GS3.1_83",12.6,15,29.5638121181317,"18",64
"GS3.1_83",12.7,14.6221786064769,26.8178284882814,"18",65
"GS3.1_83",13.3,15.0571131879543,29.0914145116829,"18",66
"GS3.1_83",13.3,15.133779264214,29.1348361789528,"18",67
"GS3.1_83",13.2,14.7736976942784,27.331190348635,"18",68
"GS3.1_83",13,14.2857142857143,28.8160349642697,"18",69
"GS3.1_30",12.2,12.7066115702479,27.4268101711861,"18",70
"GS3.1_30",11.9,13.3136094674556,27.9489964535913,"18",71
"GS3.1_30",11.5,11.4519427402863,28.4037201419381,"18",72
"GS3.1_30",11.9,12.7184466019417,26.8155794384022,"18",73
"GS3.1_30",10.3,11.3226452905812,28.5108610556893,"18",74
"GS3.1_30",12.2,13.9166666666667,30.3770834038456,"18",75
"GS3.1_69",13.9,16.6496424923391,28.0435462037056,"18",76
"GS3.1_69",12.6,17.478813559322,28.7434470870825,"18",77
"GS3.1_69",13,18.978102189781,26.6545401493259,"18",78
"GS3.1_69",13,13.7293086660175,29.2653141374717,"18",79
"GS3.1_69",13.9,15.8051689860835,28.1497204640551,"18",80
"GS3.1_69",15.7,18.0981595092025,27.1368238092136,"18",81
"GS3.1_100",8.9,9.61357210179076,23.4470164606342,"18",82
"GS3.1_100",9.5,11.9257086999022,26.3684261031832,"18",83
"GS3.1_100",9.3,9.5724907063197,23.3865296276428,"18",84
"GS3.1_100",10,11.4457831325301,24.023593390012,"18",85
