FruitID,Weight,Length,Width,X,Y,Z
GS3.1_9.01,1046.8,16,10.5,40.117,33.928,4.292
GS3.1_9.02,940.6,15.5,10,37.89,32.574,4.219
GS3.1_9.03,849,14.5,9.5,39.27,33.621,4.794
GS3.1_9.04,818.3,15.5,9.5,36.831,32.351,4.461
GS3.1_174.01,727,17,9.5,36.74,31.676,3.407
GS3.1_174.02,849.4,18,10.5,37.068,32.015,3.79
GS3.1_174.03,874.9,17,10,37.27,31.831,3.631
GS3.1_174.04,595.6,17,9.5,36.138,30.718,3.278
GS3.1_174.05,726.3,17,9,37.399,32.051,3.362
GS3.1_41.01,870.6,15,10.5,40.67,35.263,5.631
GS3.1_41.02,982.7,16.5,11,40.422,34.989,4.797
GS3.1_41.03,1094.3,17.5,11,42.831,37.298,5.939
GS3.1_41.04,835.4,14.5,10.5,42.003,36.858,6.155
GS3.1_120.01,840.9,17.5,9.5,38.696,34.139,6.198
GS3.1_120.02,936.8,18.5,10,40.548,35.989,5.355
GS3.1_120.03,1039.6,19,11,38.076,32.583,3.949
GS3.1_120.04,627.3,15,9,40.059,34.901,4.786
GS3.1_120.05,865.5,16.5,9.5,42.754,37.123,4.58
GS3.1_120.06,1028.5,20.5,10.5,36.81,31.628,3.698
GS3.1_65.01,585.6,15,9,45.617,41.423,8.268
GS3.1_65.02,574.4,16,8.5,42.745,38.992,7.168
GS3.1_65.03,513.9,14,8,44.218,40.138,6.811
GS3.1_65.04,713.7,16,9,44.335,40.994,8.188
GS3.1_65.05,548.5,15,9,42.088,38.614,6.658
GS3.1_65.06,568.8,14,8.5,43.017,38.455,6.374
GS3.1_122.01,653.8,13.5,9,42.067,36.385,4.661
GS3.1_122.02,781.6,14,10,40.558,34.972,4.12
GS3.1_122.03,603.9,13.5,9,40.464,35.848,5.236
GS3.1_122.04,764.3,12,10,41.273,36.549,5.181
GS3.1_122.05,855.8,14,10,41.699,35.968,4.292
GS3.1_122.06,803.3,15.5,9.5,38.544,33.819,4.77
GS3.1_4.01,732.4,15.5,8.5,38.92,32.641,3.428
GS3.1_4.02,704.7,15,9.5,36.55,30.635,3.072
GS3.1_4.03,849.2,15.5,9.5,42.035,36.015,4.683
GS3.1_4.04,879.1,15.5,9.5,39.703,34.041,3.985
GS3.1_4.05,726.7,15,9,37.213,31.594,3.249
GS3.1_4.06,883.9,16,10,38.681,32.948,3.659
GS3.1_136.01,849.4,15,10.5,43.375,37.747,6.295
GS3.1_136.02,900.4,14,10.5,44.555,39.176,6.058
GS3.1_136.03,942.9,14,10.5,46.599,41.378,8.79
GS3.1_136.04,682.1,13.5,10,43.803,38.443,7.368
GS3.1_136.05,853.1,14.5,9.5,42.51,37.348,6.014
GS3.1_136.06,688.6,13,10,43.251,38.181,8.038
GS3.1_42.01,850.9,14,10.5,43.235,38.36,6.541
GS3.1_42.02,1097.1,15.5,11,41.537,36.572,4.964
GS3.1_42.03,1250.4,15.5,11,39.832,34.713,4.534
GS3.1_42.04,1213.1,15.5,11,40.159,34.664,4.704
GS3.1_42.05,926.7,15,10.5,42.142,37.129,4.516
GS3.1_42.06,743.5,13,10.5,42.435,38.497,6.507
GS3.1_139.01,471.7,13.5,9,41.482,36.999,5.397
GS3.1_139.02,752.8,17,9.5,41.879,37.275,5.451
GS3.1_139.03,665.6,15,8.5,42.573,38.058,6.331
GS3.1_139.04,814.8,18.5,10,44.654,39.947,6.478
GS3.1_139.05,607.7,15,9,40.324,35.516,4.808
GS3.1_182.01,827.3,16.5,10,43.106,37.671,4.638
GS3.1_182.02,1111.2,16.5,11.5,40.857,35.574,4.508
GS3.1_182.03,896.7,15.5,11,41.309,36.763,4.695
GS3.1_182.04,927,16,10.5,42.654,36.987,4.43
GS3.1_182.05,835.1,16.5,10.5,38.992,34.452,4.351
GS3.1_182.06,883.6,16,10.5,42.199,37.214,4.857
GS3.1_63.01,1085.6,19.5,10.5,40.552,35.583,4.835
GS3.1_63.02,1005,19,10.5,42.694,36.942,4.71
GS3.1_63.03,1012.6,18.5,11,44.213,39.03,4.616
GS3.1_63.04,1160.7,18.5,11,46.755,42.369,6.48
GS3.1_63.05,556.3,16.5,9.5,46.338,41.011,5.908
GS3.1_63.06,981.6,20.5,10,42.742,37.227,4.297
GS3.1_47.01,900.1,16,9.5,43.425,39.371,8.494
GS3.1_47.02,733.7,16,10,41.998,37.955,8.278
GS3.1_47.03,819.2,16,9.5,42.091,38.435,8.385
GS3.1_6.01,772.4,17.5,9,40.343,35.014,5.282
GS3.1_6.02,877,18,10,39.414,34.355,5.001
GS3.1_6.03,1035,20,10.5,38.544,33.036,4.266
GS3.1_6.04,1294.6,19,11,40.917,35.882,6.028
GS3.1_6.05,1167.3,18.5,10.5,38.873,33.458,4.257
GS3.1_6.06,724.4,15,9.5,40.826,35.349,5.409
GS3.1_148.01,471.2,16,8.5,46.423,42.725,12.806
GS3.1_148.02,565.3,15,9.5,41.375,36.816,6.141
GS3.1_148.03,441.4,14.5,8,41.749,36.763,7.202
GS3.1_148.04,577.4,17,9,45.536,41.786,11.092
GS3.1_148.05,747.5,16.5,9.5,45.044,41.183,8.818
GS3.1_148.06,391.4,13.5,8,45.909,41.911,11.432
GS3.1_99.01,813.1,13.5,10.5,41.718,36.324,3.834
GS3.1_99.02,964.8,14.5,10,41.15,35.712,4.043
GS3.1_99.03,828.1,12.5,10.5,43.667,38.235,4.477
GS3.1_99.04,933.6,13.5,10.5,42.051,37.019,4.334
GS3.1_134.01,820.1,15.5,9,39.709,34.924,3.848
GS3.1_134.02,976.3,15.5,10.5,42.071,37.257,5.058
GS3.1_134.03,1222.8,18,11,39.535,35.327,4.259
GS3.1_134.04,787.5,16,10,39.757,35.134,4.528
GS3.1_39.01,769.3,14,10.5,42.006,36.971,5.874
GS3.1_39.02,849.3,16,10,44.018,38.927,7
GS3.1_39.03,623,17,9,39.094,33.675,4.228
GS3.1_39.04,535.9,13.5,8,37.843,31.635,3.529
GS3.1_38.01,1444.9,17.5,11.5,43.417,37.537,4.723
GS3.1_38.02,870.1,15.5,10,42.456,37.374,4.629
GS3.1_38.03,825.6,14,10.5,45.474,40.497,5.63
GS3.1_38.04,608.7,12.5,9.5,45.05,40.387,5.505
GS3.1_43.03,653.2,15.5,9,40.687,35.498,5.025
GS3.1_43.02,976.3,19,10,41.621,36.1,5.498
GS3.1_43.01,978.8,18.5,9.5,41.31,35.882,5.923
GS3.1_127.01,900.5,18,10.5,40.328,34.429,4.762
GS3.1_127.02,850.3,16.5,10.5,41.842,36.678,5.882
GS3.1_127.03,1186.2,18,11.5,45.801,40.196,6.428
GS3.1_112.01,750.3,15,9.5,42.751,37.871,5.273
GS3.1_112.02,808,14.5,9.5,44.217,39.441,7.433
GS3.1_112.03,707.2,14.5,10,42.258,38.582,7
GS3.1_112.04,723.7,14,9,43.158,38.72,6.705
GS3.1_112.05,514.3,15,8.5,40.215,34.828,4.489
GS3.1_112.06,768.9,15,9,42.838,37.898,6.234
GS3.1_90.01,672.8,15,10,41.334,36.858,6.492
GS3.1_90.02,585.2,15.5,9,44.754,39.725,7.421
GS3.1_36.01,632.9,14.5,9.5,36.35,31.018,3.641
GS3.1_36.02,800.4,14.5,10.5,36.753,32.082,4.177
GS3.1_36.03,795.5,14.5,9.5,38.329,32.506,4.42
GS3.1_36.04,691.4,14.5,9,38.592,32.724,3.77
GS3.1_36.05,798.9,14.5,9.5,35.398,30.136,3.672
GS3.1_36.06,897,15,11,40.132,34.482,4.336
GS3.1_1.01,962.3,21,10,38.181,32.746,3.812
GS3.1_1.02,621.9,19,9,41.046,35.263,4.32
GS3.1_1.03,719,16.5,9,40.08,34.664,4.289
GS3.1_1.04,928.2,19,10,40.678,35.562,5.155
GS3.1_3.01,983.9,15.5,11,42.864,38.165,5.575
GS3.1_3.02,739.8,14.5,10,45.246,40.857,7.497
GS3.1_3.03,826.6,15.5,10.5,42.787,38.868,7.119
GS3.1_3.04,554.2,13.5,8.5,41.072,36.534,5.185
GS3.1_3.05,857.3,16,10,42.342,38.038,6.092
GS3.1_3.06,735.9,16.5,9.5,44.057,39.983,8.075
GS3.1_113.01,970.9,16.5,11,40.062,34.9,4.772
GS3.1_113.02,1100.1,16,11.5,44.527,39.236,5.276
GS3.1_113.03,707.5,16,9.5,42.096,36.603,5.129
GS3.1_113.04,728,15,10,46.233,41.424,7.202
GS3.1_113.05,624.9,14.5,9,41.624,36.343,5.525
GS3.1_113.06,576,14,9.5,44.355,39.34,7.005
GS3.1_95.01,678.6,15.5,9,45.188,41.04,7.566
GS3.1_95.02,1088.6,17.5,11,43.51,39.663,7.367
GS3.1_145.01,975.1,15.5,10.5,45.931,41.244,8.517
GS3.1_145.02,566,13,9,41.83,36.973,5.658
GS3.1_145.03,611.8,15,9,42.237,37.124,5.531
GS3.1_145.04,704.1,16,9.5,40.084,35.117,4.394
GS3.1_145.05,422.9,12.5,8.5,41.482,37.003,5.483
GS3.1_145.06,681.6,14.5,10,40.467,35.637,5.965
GS3.1_88.01,861.7,16,11,38.303,33.227,3.667
GS3.1_88.02,1275.7,16.5,11.5,41.415,36.282,4.463
GS3.1_88.03,623,14,9.5,33.442,29.053,3.364
GS3.1_88.04,839,14.5,10.5,38.707,33.477,4.506
GS3.1_88.05,709.3,14.5,9.5,39.563,34.899,4.599
GS3.1_88.06,889.5,15,11,39.991,34.702,4.098
GS3.1_37.01,1379.2,18,12,41.193,35.687,4.742
GS3.1_37.02,1229.2,18.5,12,41.677,36.439,4.564
GS3.1_37.03,1276.2,18,12,41.968,36.93,4.488
GS3.1_94.01,734.2,16.5,10,45.686,40.671,8.426
GS3.1_94.02,606.7,15,9,45.17,40.005,8.378
GS3.1_94.03,434.7,14,8.5,40.376,34.742,5.165
GS3.1_45.01,1112.8,17.5,10.5,45.348,39.455,5.892
GS3.1_45.02,1061.1,16,11,39.473,33.281,3.622
GS3.1_45.03,897,15.5,10,44.18,38.194,6.1
GS3.1_45.04,885.9,15.5,9.5,42.963,37.719,5.718
GS3.1_45.05,936.6,16,9.5,41.798,36.7,6.472
GS3.1_149.01,894.5,18.5,10,41.285,35.423,4.548
GS3.1_149.02,584.9,18.5,9,36.496,30.102,2.99
GS3.1_149.03,929.2,19,10.5,41.774,35.239,4.139
GS3.1_149.04,912.2,19,9.5,40.64,34.902,3.712
GS3.1_149.05,737.6,18,9,40.417,34.183,3.67
GS3.1_149.06,1020.8,19.5,10.5,40.217,34.111,3.847
GS3.1_54.01,737.7,12.5,10,43.672,39.207,5.283
GS3.1_54.02,574.6,13,9,41.548,36.768,4.716
GS3.1_54.03,589.9,12,10,41.804,37.203,6.019
GS3.1_54.05,637.2,14,7.5,41.746,37.32,6.156
GS3.1_54.06,645,12.5,9,42.552,37.774,4.43
GS3.1_13.01,750.8,14.5,9.5,39.837,34.389,4.844
GS3.1_13.02,980.7,15.5,9.5,39.602,34.224,4.015
GS3.1_13.03,776.3,14,10.5,43.105,36.707,5.78
GS3.1_13.04,600.6,12.5,9.5,42.025,36.07,4.757
GS3.1_13.05,918.7,15.5,10,43.245,36.737,6.209
GS3.1_13.06,600.4,13.5,8.5,42.603,36.53,5.853
GS3.1_190.1,987,16,10.5,39.033,33.275,3.606
GS3.1_190.2,761.4,16.5,10,42.041,36.324,4.02
GS3.1_190.3,1391.8,18,11,46.434,40.23,4.562
GS3.1_190.4,1116.5,18,11,41.061,34.601,3.624
GS3.1_12.01,380.9,14.5,7,41.06,34.603,6.229
GS3.1_12.02,421.2,13.5,8.5,44.677,38.31,8.34
GS3.1_12.03,583,15.5,8.5,43.171,36.804,6.451
GS3.1_12.04,430.1,13,8.5,44.098,38.071,7.192
GS3.1_101.01,1030.3,16,11,45.917,41.29,6.23
GS3.1_101.02,700.3,15,9.5,43.846,39.258,4.98
GS3.1_101.03,869.3,16.5,9.5,42.523,37.461,4.839
GS3.1_101.04,847.6,14.5,10,43.963,39.262,4.946
GS3.1_101.05,745.1,15.5,9.5,43.402,38.373,4.375
GS3.1_101.06,1013.5,16.5,11,45.826,41.332,6.266
GS3.1_2.01,1110.9,17.5,11,38.58,33.207,3.709
GS3.1_2.02,1055.3,16.5,10.5,41.119,35.95,4.355
GS3.1_2.03,848.3,13.5,10.5,39.408,34.319,3.915
GS3.1_2.04,723.7,14,10,35.395,30.657,4.099
GS3.1_2.05,1011.9,14.5,10.5,40.518,35.163,4.127
GS3.1_2.06,727.2,15,9.5,37.128,32.481,4.056
GS3.1_186.01,1046.7,16.5,11,47.199,42.324,7.675
GS3.1_186.02,881.4,15.5,10.5,44.446,39.162,6.013
GS3.1_186.03,975.1,14,11.5,43.948,38.326,5.245
GS3.1_186.04,909.4,16,10.5,42.539,36.239,5.481
GS3.1_186.05,868.9,16.5,11,42.729,37.996,5.724
GS3.1_186.06,786.2,16,9.5,44.396,38.855,5.709
GS3.1_188.01,1031.3,18.5,10.5,36.992,32.574,4.812
GS3.1_188.02,856.6,16,10.5,38.868,33.792,4.617
GS3.1_188.03,741.2,14.5,9.5,41.825,35.669,4.851
GS3.1_188.04,660.2,16,9.5,40.163,34.774,4.658
GS3.1_188.05,1009.6,16.5,10.5,40.296,36.08,5.395
GS3.1_188.06,777.2,15.5,9.5,46.063,41.633,9.034
GS3.1_184.01,981,21,10,36.227,30.678,4.834
GS3.1_184.02,1213.2,24,10,40.314,34.31,4.979
GS3.1_184.03,767.7,17.5,9.5,38.591,33.021,5.451
GS3.1_184.04,1160.4,22,10.5,43.194,37.052,6.275
GS3.1_184.05,976.7,21,10,37.43,31.686,3.803
GS3.1_184.06,778.4,19.5,9.5,40.392,33.904,4.707
GS3.1_104.01,884.9,15.5,10,39.79,34.096,4.411
GS3.1_104.02,679.1,15.5,9,42.716,36.483,3.402
GS3.1_104.03,864.8,15.5,9,40.591,35.065,4.018
GS3.1_104.04,942.6,15.5,10.5,43.833,38.794,4.757
GS3.1_104.05,1002.2,17,10,40.253,34.38,4.004
GS3.1_104.06,807.1,15,9.5,39.873,34.511,3.641
GS3.1_110.01,827,14.5,10,38.166,32.199,3.597
GS3.1_110.02,775.3,12.5,10.5,42.756,36.765,4.659
GS3.1_110.03,938.3,16,10.5,38.721,33.877,3.98
GS3.1_110.04,706.9,14,9.5,39.831,34.928,4.97
GS3.1_110.05,925.2,14,11,39.77,35.015,4.475
GS3.1_110.06,880.2,14.5,10,41.812,36.869,5.135
GS3.1_49.01,643.7,13,10.5,46.532,42.632,8.546
GS3.1_49.02,826.5,15.5,9.5,46.248,42.192,9.269
GS3.1_49.03,759.2,15,10.5,47.339,42.836,9.638
GS3.1_49.04,568.6,14,9.5,40.815,35.377,4.726
GS3.1_180.01,883.2,19.5,10.5,38.329,33.119,4.499
GS3.1_180.02,846.6,20,10,36.788,30.814,3.437
GS3.1_180.03,1174.5,20,11.5,38.006,32.468,3.587
GS3.1_180.04,786.3,18,10,38.364,32.965,3.976
GS3.1_180.05,921.3,20,10.5,39.322,33.958,4.176
GS3.1_180.06,996.2,22,10.5,37.77,32.452,5.358
GS3.1_167.01,963.4,15.5,11,39.859,34.299,4.272
GS3.1_167.02,819.8,15.5,10.5,39.673,34.073,4.168
GS3.1_167.03,796.6,16,10.5,37.778,32.521,3.504
GS3.1_167.04,700.8,16,10,40.234,34.436,3.801
GS3.1_167.05,763,16.5,10,39.952,33.699,3.67
GS3.1_167.06,886.6,17,10.5,42.182,37.036,5.384
GS3.1_34.01,847.6,19.5,9,43.06,38.819,7.142
GS3.1_34.02,850.7,19,10,42.131,36.943,5.15
GS3.1_34.03,802.9,20,9.5,41.489,36.47,4.782
GS3.1_34.04,947.4,21,11,40.388,35.076,4.99
GS3.1_34.05,576.6,18.5,9,39.287,34.355,4.226
GS3.1_34.06,764.8,21,10,39.913,34.713,4.777
GS3.1_163.01,988.2,17,10.5,38.026,31.95,3.688
GS3.1_163.02,745.8,18,9.5,36.493,30.693,3.971
GS3.1_163.03,874.4,16.5,10,40.327,33.905,4.29
GS3.1_163.04,768.8,18.5,9.5,38.451,32.107,3.932
GS3.1_163.05,618.4,15,9,37.686,31.714,4.144
GS3.1_163.06,540.4,16,8.5,35.413,29.856,3.639
GS3.1_161.01,657.3,14.5,9,43.563,37.725,5.398
GS3.1_161.02,723.4,15,9,38.598,33.013,4.544
GS3.1_161.03,824.8,15,9.5,41.033,35.009,5.659
GS3.1_161.04,828.6,15,10,38.42,33.104,4.303
GS3.1_161.05,843.5,14.5,10.5,40.299,33.573,4.812
GS3.1_161.06,656.1,13.5,9.5,46.265,40.689,7.082
GS3.1_89.01,1288.8,18,11,44.662,39.234,5.974
GS3.1_89.02,798.6,14,11,42.291,36.755,5.027
GS3.1_89.03,1777.6,19,13,37.757,32.279,3.888
GS3.1_78.01,812.3,14.5,10.5,37.759,32.382,3.941
GS3.1_78.02,926.3,15,11,44.968,39.163,4.595
GS3.1_78.03,748.1,14,10.5,42.29,36.866,4.264
GS3.1_78.04,594,14.5,9.5,39.825,34.778,4.587
GS3.1_78.05,794.3,15.5,9,39.726,33.7,4.021
GS3.1_78.06,822.4,15,10.5,41.974,36.557,4.739
GS3.1_29.01,780.1,22,10,37.685,32.138,3.929
GS3.1_29.02,756.1,21,9.5,39.446,34.403,5.324
GS3.1_29.03,1292.3,25,11,38.717,34.21,5.528
GS3.1_29.04,684.8,20,9,40.404,34.962,5.244
GS3.1_29.05,833.2,20,10,41.074,35.653,4.654
GS3.1_29.06,851.2,22.5,9.5,39.894,34.386,4.891
GS3.1_19.01,1094.8,18,10.5,44.881,39.019,5.217
GS3.1_19.02,899.8,15.5,11,42.994,36.988,6.032
GS3.1_19.03,1007.4,18,10.5,41.197,35.936,4.881
GS3.1_19.04,1059.5,17,11,41.773,35.932,4.411
GS3.1_19.05,1077.7,18,11.5,43.661,38.471,5.666
GS3.1_26.01,643.2,16,9.5,38.475,33.628,4.546
GS3.1_26.02,822.8,16,9.5,42.139,37.071,6.1
GS3.1_26.03,992.6,16,10.5,42.619,37.268,5.49
GS3.1_26.04,771.8,16,9.5,39.221,33.583,3.654
GS3.1_26.05,695.4,15.5,10,37.276,31.998,3.88
GS3.1_26.06,554.6,15.5,8.5,35.679,29.781,3
GS3.1_165.01,808.1,16,10,39.873,34.319,3.922
GS3.1_165.02,734.1,15.5,10,41.145,35.895,4.23
GS3.1_165.03,562.5,14,9.5,43.245,37.114,4.392
GS3.1_165.04,840.2,18,9.5,37.808,32.277,3.788
GS3.1_28.01,588,15.5,8.5,36.465,31.533,4.849
GS3.1_28.02,882.7,16,10,37.471,31.971,3.996
GS3.1_28.03,491.8,14.5,7.5,38.771,33.307,4.762
GS3.1_28.04,549.8,12.5,9.5,38.897,33.884,4.364
GS3.1_28.05,802.5,15,9.5,35.921,30.854,3.925
GS3.1_70.01,1039.4,16,11.5,40.911,33.86,5.488
GS3.1_70.02,644.4,15,10,37.316,31.741,4.071
GS3.1_70.03,604.1,14,10,40.725,34.146,4.673
GS3.1_70.04,651.5,14.5,9.5,43.369,38.139,7.386
GS3.1_70.05,605.7,14,10,39.614,34.36,5.442
GS3.1_70.06,594,14,9.5,42.96,38.192,7.037
GS3.1_150.01,605,15.5,8.5,42.12,36.593,4.035
GS3.1_150.02,731.1,16,9,44.661,39.708,4.534
GS3.1_150.03,859.6,16.5,10,43.493,37.432,4.081
GS3.1_150.04,746,15,9.5,40.692,35.503,4.526
GS3.1_150.05,667.2,15.5,8.5,41.55,36.145,3.944
GS3.1_150.06,580.9,14.5,9,41.922,35.928,3.926
GS3.1_71.01,664.2,15.5,9,41.877,35.239,3.609
GS3.1_71.02,890.3,17,10.5,42.335,35.645,3.622
GS3.1_71.03,579.1,13.5,9,41.618,34.398,3.642
GS3.1_71.04,677.4,16,9,37.256,31.688,3.288
GS3.1_71.05,590,15,9,39.47,32.376,3.295
GS3.1_82.01,789.9,16,10,37.103,31.723,3.493
GS3.1_82.02,814.3,15,11,36.087,30.646,3.453
GS3.1_82.03,928.9,18,10.5,34.004,28.901,3.494
GS3.1_82.04,838.2,17,10,37.998,32.423,3.615
GS3.1_82.05,952.5,16,10.5,38.445,32.968,3.875
GS3.1_82.06,1277.4,19,11.5,39.242,33.964,4.314
GS3.1_146.01,573.2,14.5,9,40.474,35.019,5.366
GS3.1_146.02,603.4,14.5,8.5,39.768,33.838,4.425
GS3.1_146.03,720.3,16,10,40.629,34.839,4.123
GS3.1_146.04,496.2,14.5,8.5,39.053,33.37,4.211
GS3.1_146.05,707.2,15.5,9.5,40.171,34.589,5.006
GS3.1_146.06,853.6,15,10,39.032,33.341,4.131
GS3.1_157.01,1228.6,19.5,11,36.823,30.025,3.471
GS3.1_157.02,1411,20.5,11.5,40.639,34.124,3.91
GS3.1_84.01,779.9,17,10,36.966,31.47,4.185
GS3.1_84.02,969.8,18.5,10.5,38.393,32.615,4.133
GS3.1_84.03,944.8,17.5,10,41.067,35.807,5.513
GS3.1_84.04,769.5,17.5,9.5,43.33,38.23,6.385
GS3.1_84.05,844,17.5,10,41.076,35.197,4.973
GS3.1_84.06,715.1,18,9,37.668,32.107,4.549
GS3.1_52.01,573.2,17.5,10,40.694,35.949,6.114
GS3.1_52.02,596.6,15.5,9.5,42.898,38.628,8.148
GS3.1_52.03,530.7,15.5,9,43.15,38.371,7.079
GS3.1_52.04,902,17.5,10,40.376,35.574,6.479
GS3.1_52.05,627.7,16.5,10,40.583,35.841,5.974
GS3.1_152.01,1324,18,12,41.196,35.285,4.021
GS3.1_152.02,938.1,16.5,11,39.922,33.871,3.859
GS3.1_152.03,1055.3,16.5,11.5,41.061,35.29,4.382
GS3.1_152.04,1125.3,17.5,12,36.761,31.417,3.832
GS3.1_74.01,623.8,14.5,9.5,37.928,31.64,3.174
GS3.1_74.02,583.2,14,9,39.075,33.38,3.878
GS3.1_74.03,962.4,14.5,10.5,37.656,31.847,3.487
GS3.1_74.04,844.9,14.5,10,41.015,35.136,4.098
GS3.1_74.05,854.2,14,10.5,41.26,34.96,3.921
GS3.1_74.06,1062.6,15.5,11,40.381,33.979,3.716
GS3.1_33.01,851.4,17,9.5,34.361,29.174,3.578
GS3.1_33.02,779.3,16.5,9.5,33.582,27.703,3.031
GS3.1_33.03,722.4,16,9,33.104,26.955,2.967
GS3.1_33.04,827.5,16.5,9.5,34.762,29.066,3.777
GS3.1_33.05,663.8,14.5,9.5,37.92,32.043,4.117
GS3.1_33.06,806,15.5,9.5,35.278,29.449,3.482
GS3.1_75.01,854.5,21.5,10,43.459,37.239,4.259
GS3.1_75.02,886.5,19,10.5,42.693,35.638,3.999
GS3.1_75.03,1048.7,21.5,10,40.677,34.064,3.857
GS3.1_75.04,842.6,19,10,39.999,33.475,3.349
GS3.1_75.05,816,18.5,9.5,39.569,33.689,4.138
GS3.1_75.06,1077,21,11,39.242,33.446,3.866
GS3.1_144.01,835.8,15,10.5,43.414,38.309,5.229
GS3.1_144.02,764.7,15,10,39.22,34.607,4.459
GS3.1_144.03,640.3,17,9.5,39.993,34.751,4.624
GS3.1_144.04,906,16.5,10.5,41.788,36.081,4.11
GS3.1_144.05,950.6,16,10.5,43.716,38.462,4.942
GS3.1_144.06,808.3,17,10.5,37.625,32.836,4.031
GS3.1_159.01,736.6,19.5,9.5,38.429,33.274,4.766
GS3.1_159.02,463,16,8,38.349,33.138,5.299
GS3.1_159.03,937,19.5,10,38.356,33.334,4.971
GS3.1_159.04,544.8,17,8,39.235,33.888,5.252
GS3.1_76.01,807.1,19.5,10,39.731,33.422,4.356
GS3.1_76.02,690.8,18,8.5,36.629,30.674,3.442
GS3.1_76.03,733.8,18,9,41.992,35.507,4.097
GS3.1_76.04,623.2,17,8.5,38.059,31.46,3.368
GS3.1_76.05,868.4,19.5,10,38.725,32.254,3.624
GS3.1_76.06,796,20.5,9,37.497,31.616,3.532
GS3.1_22.01,898.3,15.5,10.5,37.297,32.428,4.207
GS3.1_22.02,1077.5,16.5,10.5,39.316,33.639,4.766
GS3.1_22.03,1184.5,15.5,11,39.111,34.486,5.234
GS3.1_22.04,1056.5,16,10,37.021,32.769,5.116
GS3.1_61.01,718.4,16.5,10.5,40.316,35.245,4.246
GS3.1_61.02,1079.6,17.5,10.5,42.643,37.108,4.74
GS3.1_61.03,1041.7,18.5,11,39.472,33.689,3.67
GS3.1_50.01,1041,16.5,11.5,41.721,35.886,4.974
GS3.1_50.02,825.1,14.5,11,41.996,35.995,4.967
GS3.1_50.03,1405.2,17.5,12.5,42.117,36.169,4.853
GS3.1_50.04,930.7,14,11.5,43.25,36.753,4.602
GS3.1_50.05,1163.5,16,12,42.144,37.047,5.786
GS3.1_50.06,1072.4,16.5,11.5,37.445,31.188,3.969
GS3.1_44.01,892.8,19.5,10.5,36.586,32.206,3.823
GS3.1_44.02,680,16.5,10,40.14,34.662,4.205
GS3.1_44.03,716.1,15.5,10,38.447,34.111,5.266
GS3.1_35.01,1143.4,16.5,11,39.335,32.894,3.916
GS3.1_35.02,1311.1,17,12,41.731,35.846,4.677
GS3.1_35.03,1094,15,11.5,43.204,37.776,6.209
GS3.1_35.04,1227.7,16.5,11.5,42.312,35.906,4.841
GS3.1_35.05,591,13.5,9,41.876,35.192,4.618
GS3.1_35.06,1025.1,15,11.5,40.038,34.437,4.601
GS3.1_162.01,830.7,16.5,9.5,37.846,31.887,3.328
GS3.1_162.02,824.7,18,10,37.463,31.067,3.272
GS3.1_162.03,771.7,16,10,42.469,36.79,4.805
GS3.1_162.04,903.3,17,10.5,38.887,32.371,3.507
GS3.1_162.05,899.6,17,10,41.308,34.932,4.208
GS3.1_162.06,884.2,16.5,10.5,34.509,28.725,3.189
GS3.1_91.01,672.2,15.5,10,44.817,39.396,9.116
GS3.1_142.01,863.1,15,10.5,37.573,30.64,3.3
GS3.1_142.02,824.8,14,10.5,37.659,31.947,3.677
GS3.1_142.03,792.1,15,10.5,39.469,33.283,4.102
GS3.1_142.04,809.8,13.5,10.5,38.407,33.178,4.204
GS3.1_142.05,644.9,14.5,9,34.779,28.593,2.802
GS3.1_142.06,814.4,15,10.5,35.57,29.338,3.185
GS3.1_7.01,1194.9,17.5,10.5,41.488,35.692,4.373
GS3.1_7.02,1082.1,18.5,10,37.881,32.579,4.475
GS3.1_7.03,1080.7,17,10.5,41.889,36.42,5.527
GS3.1_132.01,876,16.5,10.5,39.326,33.123,4.176
GS3.1_132.02,868,16,10.5,40.591,33.878,4.078
GS3.1_132.03,1119.9,17.5,11,41.263,34.797,4.422
GS3.1_132.04,1039.9,17.5,11,39.712,33.227,4.077
GS3.1_132.05,755.3,15,10,40.81,34.633,5.092
GS3.1_132.06,933.3,16.5,10.5,37.364,31.501,4.221
GS3.1_175.01,846.3,16,10.5,40.607,34.318,3.767
GS3.1_175.02,669.2,14.5,9.5,41.939,36.42,5.408
GS3.1_175.03,709.8,15.5,9.5,42.67,36.518,4.068
GS3.1_175.04,648.8,15,10,41.933,35.475,4.696
GS3.1_175.05,990.6,16,11,43.966,37.777,4.743
GS3.1_175.06,851.7,15,10,43.233,37.232,4.934
GS3.1_178.01,722.7,15,9,37.166,31.589,3.935
GS3.1_178.02,658.1,14.5,9,37.656,31.594,4.045
GS3.1_178.03,892,15,10,36.283,30.792,4.39
GS3.1_178.04,881.2,14.5,10,38.336,33.045,4.233
GS3.1_178.05,591.3,15,9,39.174,33.308,4.941
GS3.1_178.06,845.8,16,9.5,37.467,31.55,4.568
GS3.1_18.01,925.2,15,10.5,40.066,33.67,4.285
GS3.1_18.02,899.1,16,10.5,39.546,33.587,4.652
GS3.1_18.03,760.3,14,10,38.493,31.85,3.963
GS3.1_18.04,884.7,16,10,39.847,33.284,3.724
GS3.1_18.05,772.6,14,10.5,39.901,34.181,5.049
GS3.1_18.06,918.3,15,10.5,37.302,30.308,3.216
GS3.1_92.01,932.4,17.5,10,41.383,36.757,7.356
GS3.1_92.02,746.2,17,9.5,43.049,38.14,7.694
GS3.1_92.03,1037.5,18.5,11,37.604,32.736,5.042
GS3.1_92.04,975.5,17,10.5,37.828,32.738,4.337
GS3.1_92.05,590.5,15,9.5,40.575,35.687,6.845
GS3.1_92.06,575.4,15.5,9,41.589,35.961,5.195
GS3.1_151.01,504.3,14.5,9,41.351,34.862,4.641
GS3.1_151.02,858.1,15.5,10,38.36,33.629,4.961
GS3.1_151.03,865.3,18,10,39.346,33.443,4.731
GS3.1_151.04,908.5,17,10,40.473,34.163,4.714
GS3.1_151.05,829.8,16,10.5,33.988,28.841,2.799
GS3.1_151.06,766.2,16,10,41.132,36.351,5.66
GS3.1_103.01,934,18,10.5,44.579,40.569,10.51
GS3.1_103.02,605.9,15.5,10,45.083,40.573,9.556
GS3.1_85.01,895.2,16.5,10,39.489,33.601,4.296
GS3.1_85.02,943.3,15,11,42.704,37.83,6.145
GS3.1_85.03,1174.2,18,11,38.074,32.682,4.102
GS3.1_85.04,545.8,12.5,9,44.014,38.367,6.737
GS3.1_85.05,897.6,14.5,11,44.548,39.524,7.649
GS3.1_85.06,989.8,16,10.5,39.698,34.618,5.114
GS3.1_177.01,763.7,18,9.5,34.941,29.153,3.521
GS3.1_177.02,679.1,18,9,35.929,30.07,4.014
GS3.1_177.03,752.1,17,9.5,35.662,29.699,3.507
GS3.1_177.04,871.5,19.5,9.5,36.068,30.743,3.93
GS3.1_177.05,949.3,20,10,37.42,31.993,4.258
GS3.1_177.06,854.1,18.5,9.5,34.993,30.128,4.29
GS3.1_153.01,677.4,16.5,9,41.482,35.861,5.044
GS3.1_153.02,432.6,16.5,8,37.156,31.402,3.979
GS3.1_153.03,453.4,15.5,7.5,37.936,32.343,4.688
GS3.1_153.04,600.8,16,8,33.446,28.021,3.203
GS3.1_153.05,563.1,15.5,8.5,36.265,30.732,3.548
GS3.1_153.06,652.1,17.5,9.5,35.471,30.565,3.911
GS3.1_32.01,1075.4,16,11,40.647,34.378,3.955
GS3.1_32.02,1115.4,17,11,34.78,28.834,3.688
GS3.1_32.03,1098.8,15,11,40.641,33.993,3.957
GS3.1_32.04,1078.9,16.5,11,39.777,33.059,4.195
GS3.1_32.05,861.9,15,10.5,39.047,32.494,3.392
GS3.1_32.06,1224.2,16.5,12,39.221,32.702,3.674
GS3.1_40.01,640.7,14.5,10,41.275,35.401,5.196
GS3.1_40.02,1007,16,11.5,41.336,36.401,5.544
GS3.1_40.03,997.1,16,11,41.974,36.337,5.547
GS3.1_121.01,642.4,16.5,10.5,38.31,31.92,4.365
GS3.1_121.02,740.3,18.5,10,37.617,31.162,3.692
GS3.1_121.03,737,16,9.5,37.471,31.588,3.764
GS3.1_121.04,487.8,15.5,9.5,37.786,31.031,3.228
GS3.1_189.01,1020.9,19,10,39.185,32.846,3.773
GS3.1_189.02,1514.4,19,12,40.772,34.393,3.609
GS3.1_189.03,735.8,18,9.5,38.766,30.888,4.1
GS3.1_189.04,995.4,18,10.5,40.96,34.336,3.681
GS3.1_189.05,601.8,16,9,41.116,34.773,3.593
GS3.1_179.01,968.1,17.5,11,38.539,32.881,4.316
GS3.1_179.02,1071.3,18.5,11,37.098,30.475,4.003
GS3.1_179.03,874.3,17,10,38.273,31.723,4.118
GS3.1_179.04,875.7,18,10.5,37.686,31.733,4.748
GS3.1_179.05,822.1,17,9.5,38.195,32.094,4.05
GS3.1_179.06,1118,17.5,11.5,39.566,33.114,4.276
GS3.1_140.01,958,16.5,10,40.948,34.023,3.479
GS3.1_140.02,578.6,15,9,37.507,31.397,3.466
GS3.1_140.03,854.8,15.5,10,39.266,33.722,4.303
GS3.1_140.04,751.3,17.5,10,38.71,32.452,4.332
GS3.1_140.05,755.7,16,9.5,37.792,31.789,3.724
GS3.1_140.06,564.6,15.5,8.5,35.16,29.887,3.851
GS3.1_126.01,642,16,9,36.484,30.551,3.283
GS3.1_126.02,726.3,16,10,40.247,35.148,5.036
GS3.1_126.03,940,16.5,11,40.695,35.121,5.045
GS3.1_126.04,614.6,16,9,39.38,33.839,4.13
GS3.1_126.05,847.4,16,10,42.386,37.043,5.289
GS3.1_126.06,683,15,10,37.384,32.304,4.128
GS3.1_137.01,917.3,20,10.5,40.4,34.01,4.125
GS3.1_137.02,1357.6,20.5,11.5,39.936,34.109,4.409
GS3.1_137.03,787.3,17,10,39.63,33.632,4.336
GS3.1_137.04,1161.3,21,10.5,39.829,33.052,3.371
GS3.1_97.01,568.6,13.5,9.5,38.339,32.008,3.415
GS3.1_97.02,911.7,17,10.5,42.621,36.544,4.528
GS3.1_97.03,771.8,15.5,9.5,40.816,34.526,3.529
GS3.1_97.04,1174.9,17.5,9.5,39.008,33.513,3.936
GS3.1_97.05,820,15.5,10,38.423,32.783,3.977
GS3.1_97.06,1032.8,18.5,10,41.177,35.155,4.079
GS3.1_123.01,410.2,13,8.5,41.51,35.573,5.591
GS3.1_123.02,574.3,15,10,40.614,34.075,5.224
GS3.1_123.03,771.3,16.5,10,39.464,33.645,4.815
GS3.1_53.01,442.4,13.5,9,45.65,39.911,7.955
GS3.1_25.02,557.5,14,8.5,42.485,36.352,5.855
GS3.1_25.03,505,13,8.5,41.497,35.642,5.424
GS3.1_25.04,813.4,16.5,9.5,42.101,37.079,7.433
GS3.1_25.05,848.5,15.5,9,44.653,40.662,9.125
GS3.1_25.06,567.4,14.5,9,45.412,40.158,8.508
GS3.1_115.01,758.9,14.5,9.5,36.661,30.592,3.308
GS3.1_115.02,1056.3,15,10,38.449,32.388,3.652
GS3.1_115.03,891.8,15.5,10.5,37.979,31.704,3.397
GS3.1_115.04,801.8,14,10,39.728,33.429,3.612
GS3.1_115.05,852.6,13.5,10,38.759,32.675,3.666
GS3.1_128.01,729.5,16.5,9,36.86,30.86,3.476
GS3.1_128.02,623.3,17.5,9,39.721,34.013,4.141
GS3.1_128.03,666.7,17.5,9,38.147,32.176,3.722
GS3.1_128.04,938,18.5,10,40.215,33.687,3.808
GS3.1_79.01,919.3,17.5,9.5,42.324,36.474,5.477
GS3.1_79.02,709.9,14.5,9.5,41.234,35.188,4.917
GS3.1_79.03,982.2,17.5,10.5,42.04,36.231,5.333
GS3.1_79.04,938.3,16.5,9.5,43.287,37.707,6.078
GS3.1_185.01,862.8,14.5,9,40.962,35.098,3.848
GS3.1_185.02,1169.1,16,10.5,39.83,33.869,3.541
GS3.1_185.03,999.3,15,10,41.21,35.65,3.908
GS3.1_185.04,864.6,14.5,9,39.815,33.955,3.633
GS3.1_185.05,873.8,15,9.5,36.614,31.279,3.462
GS3.1_185.06,596.1,15,8,37.894,31.734,3.505
GS3.1_11.01,945.8,15.5,10,34.943,28.967,3.507
GS3.1_11.02,673.6,16.5,8,35.281,29.823,3.934
GS3.1_11.03,713.8,14.5,9.5,35.467,28.666,3.06
GS3.1_11.04,676.4,15,9,34.601,29.107,4.05
GS3.1_11.05,1053.6,16.5,9.5,38.396,31.952,3.855
GS3.1_11.06,892.4,16,9,35.388,29.14,3.158
GS3.1_8.01,1254.8,20.5,10.5,40.173,33.412,3.555
GS3.1_8.02,862.3,18.5,10,38.545,31.32,3.05
GS3.1_8.03,989.3,20.5,10.5,37.095,30.93,3.534
GS3.1_8.04,1074.6,19.5,10.5,39.866,33.322,3.579
GS3.1_8.05,1067.3,20.5,10.5,40.728,33.607,3.584
GS3.1_8.06,975.9,19,10.5,39.804,32.999,3.661
GS3.1_67.01,871.3,17.5,11,37.747,30.267,4.099
GS3.1_67.02,760.4,15.5,10.5,42.515,35.389,3.914
GS3.1_67.03,899.1,15,11,43.773,36.557,5.065
GS3.1_67.04,1071.3,18,10.5,41.917,34.992,3.911
GS3.1_67.05,832.9,15.5,10,42.342,35.106,4.045
GS3.1_67.06,892.1,16,11,40.929,34.042,3.961
GS3.1_176.01,848,13.5,10.5,37.956,32.101,3.696
GS3.1_176.02,717.6,15,9.5,39.25,33.464,3.953
GS3.1_176.03,782.2,13,9.5,43.36,37.162,5.048
GS3.1_176.04,688.4,13,9.5,39.184,33.427,4.102
GS3.1_176.05,609.3,12.5,9.5,38.721,32.442,3.658
GS3.1_176.06,971.8,13.5,11,40.689,34.051,4.126
GS3.1_14.01,762.4,19,8.5,35.65,29.099,3.185
GS3.1_14.02,576.1,18,8,32.134,26.429,3.038
GS3.1_14.03,752.7,18,9,34.744,28.519,2.783
GS3.1_14.04,880.1,20,8.5,37.647,31.192,3.852
GS3.1_14.05,883,19,9,35.18,28.849,2.817
GS3.1_56.01,1055.5,17.5,10.5,40.291,33.953,4.028
GS3.1_56.02,1175.6,19.5,10.5,35.497,30.024,3.705
GS3.1_56.03,814.8,16,10,39.494,32.877,3.672
GS3.1_56.04,1177.2,18,10.5,38.451,31.982,3.411
GS3.1_56.05,1072.5,17,10.5,39.427,33.235,3.333
GS3.1_56.06,675.4,15.5,9.5,38.049,31.278,3.636
GS3.1_130.01,833.6,15.5,10,41.37,33.851,3.953
GS3.1_130.02,717,15,9.5,41.096,34.046,4.378
GS3.1_130.03,698.6,15,9.5,39.74,32.683,3.542
GS3.1_130.04,701.7,15,10,40.23,31.719,4.204
GS3.1_130.05,693.6,14.5,10,40.149,33.057,3.862
GS3.1_130.06,771.5,16.5,10,39.07,32.279,3.721
GS3.1_181.01,1086,17,11,39.993,33.84,4.271
GS3.1_181.02,908.9,15.5,10.5,40.111,34.267,4.216
GS3.1_181.03,882.7,16,10,42.123,35.963,5.766
GS3.1_181.04,866.3,16.5,10.5,36.409,30.22,3.499
GS3.1_181.05,876.8,16,10,40.799,34.518,4.341
GS3.1_181.06,822.3,15,10,39.64,33.332,4.34
GS3.1_125.01,534.2,13,8.5,39.78,33.268,3.69
GS3.1_125.02,668,13,9,37.948,31.869,3.6
GS3.1_125.03,853.4,15.5,10,39.464,32.721,3.341
GS3.1_125.04,849.5,14,10,40.85,33.966,3.598
GS3.1_125.05,633.1,14,9,40.147,33.677,3.504
GS3.1_125.06,665.9,14,9,41.561,34.674,3.455
GS3.1_87.01,585.5,17,9.5,40.52,34.823,6.857
GS3.1_87.02,633.2,16.5,9.5,39.334,32.96,5.29
GS3.1_87.03,601.4,17,9.5,40.01,34.457,6.294
GS3.1_129.01,629.6,16,9,39.467,34.479,6.301
GS3.1_129.02,626.4,16,9,35.03,30.517,4.246
GS3.1_108.01,544.8,13,9,38.766,32.14,3.366
GS3.1_108.02,583.6,14,9.5,37.134,30.774,3.695
GS3.1_108.03,780,14.5,11,39.74,33.883,4.218
GS3.1_108.04,762.6,15.5,10,39.466,32.902,4.016
GS3.1_108.05,625.9,15,9,37.579,31.121,3.393
GS3.1_108.06,998.7,14.5,10.5,41.097,34.539,3.923
GS3.1_10.01,671,15.5,9.5,38.244,30.057,4.735
GS3.1_10.02,786.5,16,9.5,38.016,31.616,4.609
GS3.1_10.03,544.1,16,9,39.418,33.355,4.862
GS3.1_10.04,920.8,18,10.5,39.319,34.109,5.253
GS3.1_10.05,926,17,10.5,38.985,33.523,5.002
GS3.1_10.06,782.5,17,9.5,39.483,33.668,4.748
GS3.1_59.01,818.7,18,10,38.701,32.538,3.985
GS3.1_59.02,878.5,17.5,10.5,40.556,34.106,4.943
GS3.1_59.03,815.7,16,10,37.031,30.733,3.401
GS3.1_59.04,709.8,16.5,10,37.173,30.886,4.233
GS3.1_59.05,811.2,18,10.5,39.241,32.784,3.717
GS3.1_59.06,552.4,15.5,9,37.612,31.028,3.71
GS3.1_96.01,778.1,14.5,9.5,40.4,34.102,4.047
GS3.1_96.02,450.9,13,8,35.843,29.829,3.478
GS3.1_96.03,700.7,14.5,9,37.529,30.954,3.319
GS3.1_96.04,671.8,15,9,35.733,29.397,3.388
GS3.1_96.05,989.4,15,10,38.702,32.013,3.816
GS3.1_96.06,711,14,9.5,38.787,32.301,3.981
GS3.1_171.01,714.3,20,9,35.866,30.475,4.073
GS3.1_171.02,798,19.5,10,35.888,30.583,3.579
GS3.1_171.03,939.5,20,10,39.814,33.94,4.37
GS3.1_171.04,869.8,20.5,9.5,39.546,33.387,3.975
GS3.1_171.05,1013.8,21,10,37.031,32.152,4.63
GS3.1_171.06,722.4,20.5,9.5,37.381,31.928,4.119
GS3.1_141.01,799,16,10,36.227,29.963,3.128
GS3.1_141.02,780.2,15,10,38.912,32.464,3.123
GS3.1_141.03,1091.8,15,11,38.267,32.988,3.956
GS3.1_141.04,979,16.5,11,37.668,30.359,3.352
GS3.1_141.05,957.5,15.5,11,39.183,32.098,2.957
GS3.1_141.06,743.2,14,10.5,39.752,33.297,3.401
GS3.1_191.01,819.4,16.5,10,37.37,30.015,3.68
GS3.1_191.02,1223.9,17.5,11.5,39.809,33.231,3.576
GS3.1_191.03,1317.8,17.5,11.5,40.168,33.371,3.645
GS3.1_191.04,977.6,18.5,11,37.213,30.604,3.314
GS3.1_191.05,1292.3,19.5,11,36.604,29.767,3.238
GS3.1_191.06,1397.2,19.5,11.5,37.547,30.736,3.304
GS3.1_111.02,690,16,9.5,39.852,32.979,6.086
GS3.1_111.03,691.2,18,9.5,38.107,31.682,5.781
GS3.1_111.04,700.5,17,9.5,41.216,34.011,6.364
GS3.1_138.01,701.8,13,10,34.945,29.23,3.349
GS3.1_138.02,783.6,14,10,34.202,28.811,3.591
GS3.1_138.03,663.2,13,9.5,37.152,30.533,3.704
GS3.1_138.04,898.3,15.5,10.5,40.559,33.509,4.021
GS3.1_138.05,844.9,13.5,10.5,37.57,31.446,4.048
GS3.1_138.06,728.2,13,10.5,37.892,31.86,3.721
GS3.1_117.01,1018.3,16.5,10.5,39.816,34.365,4.58
GS3.1_117.02,751.6,14.5,10,40.177,34.322,5.146
GS3.1_117.03,1161,16,11,41.092,35.62,4.924
GS3.1_117.04,752.6,15,9.5,39.361,33.394,5.29
GS3.1_117.05,949.1,15.5,9.5,41.101,35.476,4.927
GS3.1_117.06,823.5,16,9.5,37.366,32.085,4.356
GS3.1_105.01,744.4,15,9.5,43.474,37.631,7.708
GS3.1_105.02,1045.5,18,10.5,44.803,39.346,8.537
GS3.1_105.03,602.3,15,9,43.691,37.628,7.176
GS3.1_105.04,798.6,16.5,9.5,44.711,38.598,7.132
GS3.1_105.05,858.5,16.5,10,44.927,38.949,8.307
GS3.1_105.06,616.9,15,10,43.136,37.402,7.359
GS3.1_20.01,795.3,15.5,10,40.634,34.072,4.188
GS3.1_20.02,732.7,14.5,9.5,40.148,33.022,4.403
GS3.1_20.03,849,15.5,10,39.784,33.221,4.784
GS3.1_20.04,810.8,16,10,39.12,32.141,4.743
GS3.1_20.05,804.5,15,9.5,40.174,33.987,4.26
GS3.1_20.06,724.4,14,9.5,39.547,33.112,4.293
GS3.1_5.01,891.9,17,10,35.78,30.047,4.091
GS3.1_5.02,678.2,15.5,9.5,36.405,30.442,3.571
GS3.1_5.03,853.9,16,10,38.607,32.753,5.155
GS3.1_5.04,667.8,15.5,10,37.203,31.981,5.477
GS3.1_5.05,795.7,15.5,10,36.058,30.647,4.459
GS3.1_5.06,692.7,15,9,34.911,29.358,3.685
GS3.1_60.01,819.5,13.5,10,40.249,32.653,3.823
GS3.1_60.02,739.5,14,9,40.106,33.35,4.274
GS3.1_60.03,879.4,14.5,10,41.152,33.792,3.649
GS3.1_60.04,653,13.5,9,38.898,31.99,4.303
GS3.1_60.05,957.9,15.5,10,40.211,33.186,3.698
GS3.1_15.01,798.6,15,9.5,40.419,33.706,5.164
GS3.1_15.02,845.4,16,10,37.865,30.635,4.54
GS3.1_15.03,829.1,15,10.5,39.117,31.818,3.518
GS3.1_15.04,818.5,15,10,38.079,30.212,4.07
GS3.1_15.05,927.9,14,11,41.992,35.853,5.55
GS3.1_15.06,597.4,14,9,39.577,32.728,4.762
GS3.1_172.1,880.3,15.5,9.5,41.927,35.796,5.6
GS3.1_172.2,743.5,16.5,9.5,39.741,34.209,5.073
GS3.1_172.3,710.8,14,9.5,39.295,33.634,4.381
GS3.1_172.4,886.8,16.5,9,40.706,35.54,5.804
GS3.1_172.5,883.9,15.5,10,42.313,37.176,6.042
GS3.1_172.6,771.7,15,10.5,40.106,34.787,4.68
GS3.1_106.01,735.2,16.5,10.5,47.201,42.259,10.327
GS3.1_106.02,551.5,14.5,9,46.363,40.744,8.743
GS3.1_93.1,806.9,14.5,10,42.796,35.953,4.79
GS3.1_93.2,918.8,15,11,39.328,32.532,4.536
GS3.1_93.3,600.3,13.5,9,38.663,31.864,3.708
GS3.1_93.4,605.9,15.5,9.5,35.471,28.2,3.481
GS3.1_93.5,782.9,14.5,10,40.521,34.019,3.932
GS3.1_93.6,784.7,13.5,10,38.697,31.881,4.092
GS3.1_187.1,1102.1,17.5,13,40.435,34.629,5.812
GS3.1_187.2,725.6,15.5,9.5,38.51,32.274,4.928
GS3.1_187.3,1347.6,17.5,12,40.611,34.842,4.775
GS3.1_187.4,790.7,15.5,10.5,40.285,34.005,5.185
GS3.1_187.5,997.2,16.5,10.5,40.721,34.764,5.464
GS3.1_187.6,746.2,16,9.5,40.585,34.955,5.685
GS3.1_64.1,631.2,14.5,10.5,39.049,33.564,4.989
GS3.1_64.2,1185.9,17.5,17.5,42.75,37.085,6.491
GS3.1_64.3,918.2,18,10.5,39.585,33.874,5.061
GS3.1_64.4,898.2,16,10.5,39.768,34.162,4.911
GS3.1_64.5,849.7,16,10.5,38.051,32.127,3.964
GS3.1_64.6,1023.4,17.5,11.5,40.165,34.389,5.212
GS3.1_118.1,839.7,14,10,43.61,36.885,4.817
GS3.1_118.2,804.7,14,10,40.959,34.432,4.653
GS3.1_118.3,971,14,11,41.262,35.104,5.065
GS3.1_118.4,780.5,14,9.5,40.926,34.775,4.705
GS3.1_118.5,1208.1,15,10.5,40.927,34.586,5.05
GS3.1_118.6,834.4,14,11,39.868,33.729,4.913
GS3.1_124.1,821.9,19,10.5,35.268,30.397,4.862
GS3.1_124.2,639,19,9.5,39.695,34.517,5.671
GS3.1_124.3,777.2,18.5,10,39.865,33.992,5.464
GS3.1_124.4,595.3,18,9.5,39.833,34.073,4.845
GS3.1_124.5,782.7,17.5,10.5,41.437,35.002,5.091
GS3.1_131.1,802.5,18,10,44.844,39.602,9.588
GS3.1_131.2,754.7,17,9.5,44.668,39.702,10.303
GS3.1_131.3,504.4,15.5,8.5,45.698,40.484,9.236
GS3.1_131.4,746.2,15.5,9.5,44.868,38.981,9.028
GS3.1_131.5,849.5,17.5,10.5,45.136,40.081,9.559
GS3.1_131.6,627.1,15,9.5,47.014,41.572,10.793
GS3.1_114.1,928.3,7,10,36.757,30.032,4.319
GS3.1_114.2,1036.4,17,11,40.552,33.772,4.689
GS3.1_114.3,852.1,16.5,10,39.232,32.398,5.711
GS3.1_114.4,1023.8,17.5,11,38.416,31.552,4.286
GS3.1_114.5,1051,7.5,10.5,38.264,31.576,4.379
GS3.1_114.6,943.7,16.5,11,39.212,32.836,4.702
GS3.1_168.1,1251.5,16.5,11,42.203,37.423,6.038
GS3.1_168.2,567.6,14,9.5,39.951,34.52,6.1
GS3.1_168.3,568.9,13.5,9,38.552,33.623,5.591
GS3.1_168.4,605.6,13.5,9.5,40.062,34.941,6.156
GS3.1_168.5,1156.3,16,11,38.506,33.561,5.606
GS3.1_168.6,1262.6,5.5,12,39.621,34.442,6.536
GS3.1_107.1,839.8,19,10,36.123,31.149,6.388
GS3.1_107.2,685.1,19,9.5,38.673,32.219,3.386
GS3.1_107.3,750.9,18,10.5,38.764,32.347,3.579
GS3.1_107.4,906.9,20,10,40.729,34.205,4.456
GS3.1_135.2,768.1,18.5,9.5,46.363,40.828,9.249
GS3.1_135.3,574.8,16,9.5,45.298,39.554,7.917
GS3.1_135.4,545,16.5,9,43.102,37.988,7.688
GS3.1_135.5,673.2,17,10,45.103,39.657,9.281
GS3.1_135.6,553.3,16,9.5,43.068,37.419,7.781
GS3.1_66.1,831.8,16.5,10.5,46.043,40.665,9.83
GS3.1_66.2,521.8,15.5,9,43.887,38.217,7.204
GS3.1_66.3,828.3,17,10,43.96,39.03,9.527
GS3.1_66.4,827.7,17,10,46.738,41.635,10.069
GS3.1_169.1,499.6,12.5,8.5,43.912,36.99,4.773
GS3.1_169.2,719.2,15,9.5,45.267,39.402,4.698
GS3.1_169.3,744.3,15.5,9.5,41.526,35.017,4.067
GS3.1_169.4,782.6,16,9.5,43.973,38.403,4.798
GS3.1_169.5,717.6,15,9.5,44.037,37.47,4.43
GS3.1_169.6,663,15,9.5,42.955,36.95,4.883
GS3.1_133.1,781,16.5,10,40.11,34.428,5.356
GS3.1_133.2,585.4,15,9.5,38.293,32.623,4.668
GS3.1_133.3,801,17,10.5,41.423,35.506,4.783
GS3.1_133.4,741.4,15.5,9.5,39.924,33.373,3.987
GS3.1_133.5,809.7,16,10,39.477,33.496,4.184
GS3.1_133.6,783,17.5,10.5,39.115,33.629,4.902
GS3.1_183.1,507.2,15,8,44.918,39.496,7.145
GS3.1_183.2,521.3,13.5,8.5,44.3,39.064,6.302
GS3.1_183.3,602.9,15,8.5,42.895,37.426,5.51
GS3.1_183.4,473.7,14,8.5,43.448,38.462,6.784
GS3.1_183.5,541.9,13,9.5,34.511,29.095,4.842
GS3.1_183.6,591.6,14.5,9,43.666,38.401,6.986
GS3.1_192.1,1102.1,17,10.5,43.224,36.674,5.751
GS3.1_192.2,1219.6,17.5,11,41.791,35.072,4.786
GS3.1_192.3,1190.9,17.5,11,41.619,34.329,4.18
GS3.1_192.4,1244.6,19,11,42.02,35.113,4.455
GS3.1_192.5,570,14,9.5,39.932,33.05,4.591
GS3.1_192.6,1002.2,15.5,10.5,41.98,35.263,4.584
GS3.1_119.1,900.8,17.5,10,43.992,37.82,5.198
GS3.1_119.2,760.9,17,9.5,41.535,35.269,4.16
GS3.1_119.3,586.6,13.5,9.5,39.338,32.712,3.387
GS3.1_119.4,852.3,15.5,10,40.352,34.349,4.703
GS3.1_119.5,899,17.5,10,40.704,33.54,3.416
GS3.1_119.6,841.8,17.5,10,39.641,32.802,4.356
GS3.1_147.1,745.8,17.5,9,39.706,32.227,3.664
GS3.1_147.2,797,19.5,10.5,38.327,30.546,3.242
GS3.1_147.3,923.3,18,10.5,39.712,32.327,4.051
GS3.1_116.1,639.2,17,9,41.231,36.291,7.279
GS3.1_116.2,553.5,15.5,8.5,42.567,38.353,9.201
GS3.1_116.3,514.4,15.5,8,40.91,34.446,5.801
GS3.1_57.1,848.9,18,9.5,43.069,38.113,6.948
GS3.1_57.2,521.7,14.5,8.5,41.087,35.899,5.734
GS3.1_57.3,568.2,15.5,9,36.24,31.204,5.197
GS3.1_57.4,821.9,19.5,9.5,43.708,39.549,8.262
GS3.1_57.5,724.6,18.5,9.5,41.949,36.512,6.571
GS3.1_57.6,714.7,17,9.5,39.351,33.487,4.631
GS3.1_16.1,725.4,15,9.5,38.523,33.447,4.931
GS3.1_16.2,804.7,16,9.5,40.254,35.359,6.282
GS3.1_16.3,829,17,10,44.211,38.143,5.781
GS3.1_16.4,716.6,14.5,9.5,41.506,35.272,4.953
GS3.1_16.5,776.7,16.5,10,40.321,34.981,5.047
GS3.1_16.6,847.4,15,10,41.022,35.363,5.288
GS3.1_27.1,530.9,13,8.5,36.502,30.702,3.485
GS3.1_27.2,734.4,14,9.5,40.527,34.797,4.81
GS3.1_27.3,769.9,13.5,10,43.13,37.258,5.014
GS3.1_27.4,665.2,13.5,10,39.234,33.571,4.535
GS3.1_27.5,728,14,10,42.45,36.741,5.08
GS3.1_27.6,575.8,12,9,39.956,34.752,5.488
GS3.1_98.1,743.9,14.5,9,38.549,32.283,4.293
GS3.1_98.2,466.7,14,8,38.787,32.559,4.279
GS3.1_98.3,650,14,9,39.21,32.332,4.126
GS3.1_98.4,591.8,13.5,9,37.641,31.651,4.79
GS3.1_98.5,771.6,13.5,9.5,42.5,35.838,5.512
GS3.1_98.6,1017.9,16.5,10,44.151,37.657,6.423
GS3.1_109.1,795.2,17.5,10,42.596,36.287,5.88
GS3.1_109.2,1257.8,20,11,40.815,34.392,4.693
GS3.1_109.3,619,17.5,9,40.218,33.84,4.558
GS3.1_109.4,1058.6,19.5,10,41.792,35.22,4.427
GS3.1_109.5,1192.7,21,10.5,43.942,36.967,6.239
GS3.1_109.6,654.5,17,9.5,41.389,35.288,5.652
GS3.1_80.01,1055.5,18,10.5,37.382,32.177,5.572
GS3.1_80.02,1077,17,10.5,39.226,33.367,4.998
GS3.1_80.03,1174.7,17,10.5,39.146,33.299,5.766
GS3.1_80.04,691.2,15.5,9,39.901,33.667,4.557
GS3.1_80.05,964.3,18,9.5,39.769,34.332,5.498
GS3.1_80.06,726.8,15.5,9,40.236,34.096,5.017
GS3.1_160.01,905.9,19,9,37.193,29.77,3.47
GS3.1_160.02,930.9,18,10,38.982,31.482,3.387
GS3.1_160.03,686.4,16.5,9,37.85,30.757,3.616
GS3.1_160.04,1096.9,18.5,10.5,36.759,29.817,3.662
GS3.1_160.05,899.9,16.5,10,36.546,29.574,3.485
GS3.1_160.06,1198.1,20,10,38.515,31.356,3.538
GS3.1_31.01,726.6,18,8,42.219,36.788,5.648
GS3.1_31.02,893.1,19,9.5,40.531,34.916,5.246
GS3.1_31.03,765.9,17.5,9.5,40.582,35.037,4.887
GS3.1_31.04,779.4,19,9.5,40.126,34.498,4.468
GS3.1_31.05,754.7,18,9.5,38.585,33.486,4.853
GS3.1_31.06,1046.4,19.5,10.5,40.551,34.848,4.635
GS3.1_158.01,635.1,15,9,39.139,33.822,4.624
GS3.1_158.02,866.3,17.5,9.5,39.958,34.371,4.586
GS3.1_158.03,907.3,19,10,40.13,34.685,4.837
GS3.1_158.04,531.1,15.5,8.5,37.129,32.05,4.441
GS3.1_158.05,941.3,17,10.5,38.325,33.083,4.236
GS3.1_158.06,1100.8,17,11,40.732,35.537,4.96
GS3.1_48.01,1157.5,18.5,12,38.869,32.86,4.283
GS3.1_48.02,635.7,16.5,10,45.516,39.996,8.349
GS3.1_48.03,491,14.5,9.5,45.963,40.231,9.388
GS3.1_73.01,732.9,15,10.5,45.33,39.81,7.502
GS3.1_73.02,518.5,14,9,47.528,42.323,10.161
GS3.1_73.03,569.7,14.5,9.5,45.37,40.428,8.987
GS3.1_73.04,899,14,10.5,44.141,38.039,5.914
GS3.1_73.05,447.8,13.5,9,44.766,38.921,8.143
GS3.1_58.01,557.2,14.5,8.5,42.808,36.751,6.013
GS3.1_58.02,596.9,13.5,9,45.855,39.879,8.055
GS3.1_58.03,695.4,14.5,10,43.222,37.675,7.121
GS3.1_23.01,676.4,17.5,9,41.182,35.131,5.219
GS3.1_23.02,487.4,15.5,9,37.267,32.156,4.655
GS3.1_55.01,753,17,10,44.844,40.214,9.349
GS3.1_55.02,933.1,17.5,11,45.609,40.563,10.228
NA,NA,NA,NA,NA,NA,NA
GS3.1_166.01,804.6,15.5,9,40.858,33.969,3.518
GS3.1_166.02,926.7,17,9.5,41.004,34.25,3.484
GS3.1_166.03,812.7,15.5,10.5,40.735,33.775,3.451
GS3.1_166.04,843.9,17,10,40.27,33.1,3.231
GS3.1_166.05,657.9,15.5,8.5,39.79,32.65,3.269
GS3.1_166.06,1042.8,16,11,41.465,34.452,3.669
GS3.1_156.01,1302,18.5,11,37.517,31.289,3.364
GS3.1_156.02,1078,18.5,11,37.843,31.132,3.302
GS3.1_156.03,725.5,17.5,9.5,36.489,28.892,3.47
GS3.1_156.04,994.2,17.5,10.5,37.648,31.102,3.201
GS3.1_156.05,615.5,15,9,37.53,30.304,3.849
GS3.1_156.06,870.7,20.5,10.5,34.593,27.197,3.338
GS3.1_81.01,992.8,17,11,39.043,32.634,3.77
GS3.1_81.02,777,17,11,38.134,31.663,3.746
GS3.1_81.03,736.1,16,11,37.024,29.595,3.994
GS3.1_81.04,839.8,19,10,35.763,30.636,3.957
GS3.1_81.05,860,17,10.5,35.688,30.29,3.587
GS3.1_170.01,851.6,16,11,36.051,30.179,2.975
GS3.1_170.02,596.9,14.5,10,36.309,29.319,2.995
GS3.1_170.03,654.1,14,10,38.059,31.229,3.197
GS3.1_170.04,955.3,15,11,38.197,31.303,3.306
GS3.1_170.05,620.5,14,10.5,40.403,33.858,3.776
GS3.1_170.06,1072.3,17,11,38.194,31.589,3.312
GS3.1_154.01,515,15.5,8.5,47.1,42.779,8.853
GS3.1_154.02,544.2,14.5,9,46.255,41.108,7.67
GS3.1_154.03,697.1,15.5,8.5,46.29,42.048,7.988
GS3.1_154.04,873.1,15.5,11,45.209,40.931,7.829
GS3.1_21.01,709.4,16.5,10,36.875,30.486,3.433
GS3.1_21.02,613,15.5,9,35.728,29.806,3.657
GS3.1_21.03,557.2,17,8.5,37.498,30.965,3.652
GS3.1_21.04,706.5,17,10,36.656,29.989,3.537
GS3.1_21.05,764.6,17.5,9.5,37.194,30.967,3.783
GS3.1_21.06,604.8,15,9.5,38.574,31.737,3.178
GS3.1_102.01,638.9,16,9.5,42.398,36.654,6.557
GS3.1_102.02,435.1,16,7.5,37.336,31.649,4.775
GS3.1_102.03,620.5,16.5,8.5,39.614,32.806,3.693
GS3.1_102.04,587.7,16.5,8.5,40.315,33.739,4.424
GS3.1_102.05,540.1,17.5,8.5,39.13,32.788,4.606
GS3.1_51.01,593.7,14.5,9.5,38.868,33.23,5.097
GS3.1_51.02,845.1,17.5,9.5,40.436,34.516,5.566
GS3.1_51.03,560.5,16,9,41.036,35.097,5.487
GS3.1_164.01,811.9,14.5,10.5,40.009,34.48,5.035
GS3.1_164.02,479.3,13,8.5,40.684,34.379,4.785
GS3.1_164.03,1009.1,15,11,40.755,34.897,4.996
GS3.1_164.06,818.4,16,10,39.972,34.645,5.259
GS3.1_164.04,878,14.5,10,40.88,35.48,6
GS3.1_164.05,552.9,11.5,9.5,39.692,33.02,4.649
GS3.1_24.01,1012.4,18.5,10,38.929,32.892,4.082
GS3.1_24.02,915.7,17,10,37.42,31.477,3.711
GS3.1_24.03,820.3,16.5,10,38.795,32.423,4.175
GS3.1_24.04,939.9,20,10,36.75,30.395,3.473
GS3.1_24.05,1093.1,17,9.5,39.051,32.567,3.385
GS3.1_24.06,623.9,17,9,36.377,29.741,3.261
GS3.1_77.01,1083.6,16.5,11,37.599,30.426,3.341
GS3.1_77.02,857,16,10.5,36.542,28.695,3.148
GS3.1_77.03,1070.9,16.5,10.5,37.868,31.183,3.152
GS3.1_77.04,873,16.5,10.5,37.596,30.36,2.931
GS3.1_77.05,921.8,15.5,10.5,36.299,29.333,3.599
GS3.1_77.06,1154.8,17.5,11.5,37.368,30.201,3.351
GS3.1_86.01,729.2,17,9.5,38.623,32.486,4.767
GS3.1_86.02,706,17,9,37.872,31.197,4.935
GS3.1_86.03,468.4,15,8.5,35.351,28.943,3.34
GS3.1_86.04,717.9,15.5,9.5,40.436,33.937,4.131
GS3.1_86.05,815.8,17,9,40.241,33.64,4.023
GS3.1_62.01,1041.4,16.5,10.5,41.119,34.14,4.073
GS3.1_62.02,815.3,15.5,9.5,36.264,30.527,3.65
GS3.1_62.03,1029,16.5,10,37.777,30.632,3.225
GS3.1_62.04,1009.9,16,11,36.253,29.724,3.943
GS3.1_62.05,1131.4,16.5,10,38.162,31.199,3.531
GS3.1_62.06,906.5,12.5,11,40.766,35.034,5.443
GS3.1_155.01,1180.4,18,10.5,39.405,32.673,3.554
GS3.1_155.02,659.1,17,9.5,39.513,31.047,4.056
GS3.1_155.03,617.1,16,9.5,37.892,29.414,4.097
GS3.1_155.04,654.5,16,9,37.906,29.739,4.195
GS3.1_155.05,997.8,17,10,37.261,30.228,3.536
GS3.1_155.06,634.9,16,9.5,38.618,30.741,3.75
GS3.1_17.01,505.5,15,8.5,38.801,33.021,4.555
GS3.1_17.02,640.5,16,8.5,38.537,32.602,4.13
GS3.1_17.03,502.6,15,8,38.445,32.749,4.174
GS3.1_17.04,577.1,15.5,8.5,39.674,33.239,3.811
GS3.1_17.05,536.9,14.5,8.5,38.732,32.663,4.093
GS3.1_17.06,531.4,15,8.5,36.892,31.112,3.612
GS3.1_46.01,675,16.5,9.5,36.3,30.648,3.872
GS3.1_46.02,707,17,9.5,37.887,31.883,3.887
GS3.1_46.03,587.6,14.5,9.5,35.587,29.919,3.775
GS3.1_46.04,725.3,15.5,9.5,40.03,33.855,4.117
GS3.1_46.05,484.1,15,8.5,37.696,31.571,3.986
GS3.1_46.06,452.6,14.5,7.5,35.501,29.841,4.019
GS3.1_83.01,957.2,14,10.5,39.886,32.788,3.285
GS3.1_83.02,844.9,13,10,39.604,33.322,4.224
GS3.1_83.03,1065.7,15,10.5,40.622,33.582,3.652
GS3.1_83.04,934.8,13.5,10,39.616,32.669,3.867
GS3.1_83.05,828.4,13,9,39.689,33.251,4.115
GS3.1_83.06,798.2,12.5,9.5,39.125,32.32,4.177
GS3.1_30.01,1301.8,19.5,11.5,38.952,32.558,3.555
GS3.1_30.02,969.6,19.5,10.5,38.792,32.266,3.807
GS3.1_30.03,1245.4,21.5,11.5,38.946,32.276,3.708
GS3.1_30.04,1001.7,19.5,10,38.76,32.558,3.989
GS3.1_30.05,1118,20,10.5,38.557,31.897,3.949
GS3.1_30.06,892.7,18,10,37.629,30.555,3.567
GS3.1_69.01,503.2,14,8.5,37.791,31.34,3.974
GS3.1_69.02,684.1,15,9.5,39.621,32.785,3.254
GS3.1_69.03,675.8,16.5,8.5,37.982,31.899,3.319
GS3.1_69.04,647.4,16,9,38.382,31.53,3.428
GS3.1_69.05,763.9,16.5,9.5,36.418,30.08,3.79
GS3.1_69.06,535.2,15.5,8.5,39.479,33.117,3.424
GS3.1_100.01,599,17,8.5,39.572,34.274,4.836
GS3.1_100.02,801.9,19.5,9,40.207,34,4.878
GS3.1_100.03,838.7,19,9,41.365,35.951,5.451
GS3.1_100.04,516.6,17.5,9,37.582,32.274,4.379
