EntryID,Weight,Length,Width,X,Y,Z
18-3727_Rep2_4.1,454.6,14.5,8,45.516,42.491,9.896
18-3727_Rep2_1.2,756.4,16,8.5,48.297,42.81,7.157
18-3727_Rep2_1.1,363.8,13.5,8,57.94,57.362,17.786
18-3727_Rep2_3.1,871,17,9,44.955,38.747,4.991
18-3727_Rep2_3.2,488.4,16,8,47.643,42.692,9.884
18-3727_Rep2_3.3,591.9,15,8.5,49.169,45.493,9.692
18-3727_Rep2_2.1,619,16.5,8,52.259,48.823,11.801
18-3727_Rep2_2.2,447.7,14.5,8,49.025,46.916,12.025
18-3723_Rep1_17.1,698.3,14.5,9.5,44.112,38.139,5.753
18-3723_Rep1_17.2,626.8,15,10,44.086,38.644,4.648
18-3723_Rep1_17.3,712.7,14,10.5,40.814,35.215,4.909
18-3723_Rep1_17.4,601.4,13.5,9,42.488,36.632,5.343
18-3723_Rep1_17.5,604,14,8.5,42.269,36.119,5.084
18-3723_Rep1_17.6,619.4,13.5,9,43.662,38.337,6.298
18-3723_Rep1_16.1,918.1,17,9.5,46.357,40.207,6.552
18-3723_Rep1_16.2,1047.2,16,11,42.18,35.925,4.908
18-3723_Rep1_16.3,837.4,17,10,45.523,39.969,7.903
18-3723_Rep1_16.4,928.9,16.5,10,44.783,38.979,6.83
18-3723_Rep1_16.5,882.8,19,9.5,42.783,37.352,4.789
18-3723_Rep1_18.1,459.7,16.5,8,42.115,35.883,5.446
18-3723_Rep1_18.2,281.6,14,6.5,44.098,37.741,6.333
18-3723_Rep1_18.3,430,14,9,40.945,34.722,5.299
18-3723_Rep1_18.4,801.7,16.5,10.5,43.827,36.623,6.086
18-3723_Rep1_18.5,640.9,14.5,9.5,48.081,41.962,7.679
18-3723_Rep1_13.1,603.6,14.5,9.5,43.243,37.761,5.445
18-3723_Rep1_14.4,710.7,15,11,42.068,36.177,5.205
18-3723_Rep1_14.5,675.8,14.5,10.5,43.52,37.923,6.164
18-3723_Rep1_14.6,557.4,16,8.5,48.534,42.504,9.777
18-3723_Rep1_15.1,1136.7,17.5,10,41.849,35.543,4.893
18-3723_Rep1_15.2,1033.4,18,10.5,45.415,40.747,9.164
18-3723_Rep1_15.3,886.6,16.5,11,45.681,39.349,6.293
18-3723_Rep1_15.4,913.9,17,10,43.283,37.175,5.764
18-3725_Rep3_14.1,564.2,14.5,9.5,38.75,32.668,4.355
18-3725_Rep3_14.2,531.4,12.5,9.5,38.997,32.87,3.875
18-3725_Rep3_14.3,668.2,14.5,10,38.117,31.502,3.65
18-3725_Rep3_14.4,556.8,12.5,9.5,39.159,32.569,3.746
18-3725_Rep3_14.5,433.1,13.5,8.5,37.443,30.967,3.882
18-3725_Rep3_14.6,629.8,13.5,9.5,40.191,33.779,3.913
18-3725_Rep3_19.1,560.6,12.5,8.5,39.76,33.573,6.094
18-3725_Rep3_19.2,547.3,13.5,9,38.843,32.178,3.59
18-3725_Rep3_19.3,542.8,13,9.5,37.967,31,3.213
18-3725_Rep3_19.4,378.8,12.5,8,33.698,26.814,2.91
18-3725_Rep3_19.5,480.2,13.5,8.5,40.663,33.653,3.951
18-3725_Rep3_18.1,412.7,12,8,43.753,37.349,5.886
18-3725_Rep3_18.2,380.8,11,8.5,41.834,35.26,4.86
18-3725_Rep3_18.3,336.4,11,7.5,42.029,35.54,5.584
18-3725_Rep3_18.4,430.1,11,8.5,42.641,35.479,4.651
18-3725_Rep3_18.5,512.1,12.5,9.5,46.229,40.159,6.051
18-3725_Rep3_18.6,365.1,12,8,46.348,39.932,6.131
18-3725_Rep3_12.1,668.2,15,9.5,42.105,35.16,4.046
18-3725_Rep3_12.2,715.2,15,10.5,45.232,39.16,6.339
18-3725_Rep3_12.3,479.9,13,8.5,44.171,38.563,5.955
18-3725_Rep3_12.4,351.6,13,7,42.772,35.972,4.438
18-3725_Rep3_12.5,374.2,12.5,7,45.941,39.962,5.028
18-3725_Rep3_12.6,389.1,13.5,7.5,41.982,35.53,4.226
18-3725_Rep3_11.1,664.2,14.5,9.5,44.025,36.215,3.837
18-3725_Rep3_11.2,402.9,12,8.5,41.52,34.389,3.423
18-3725_Rep1_14.1,478.1,15,8,36.563,29.133,2.749
18-3725_Rep1_14.2,490.3,16,8,39.713,32.647,4.016
18-3725_Rep1_14.3,603.8,17,9,40.13,32.735,3.521
18-3725_Rep1_14.4,620.5,14.5,9,40.285,32.79,3.33
18-3725_Rep1_14.5,684.1,18,8.5,40.181,32.94,3.865
18-3725_Rep1_14.6,698,17.5,10,39.645,32.453,3.686
18-3725_Rep1_10.1,505.3,12.5,9,43.113,36.708,5.589
18-3725_Rep1_10.2,461.1,12,9,42.316,35.701,4.111
18-3725_Rep1_10.3,272.6,11.5,7,44.631,38.741,7.779
18-3725_Rep1_10.4,560.5,13.5,9,45.179,39.28,6.788
18-3725_Rep1_10.5,449.6,12,8,43.753,38.108,7.039
18-3725_Rep1_9.1,445.3,13,8,44.412,36.912,4.601
18-3725_Rep1_9.2,680.4,13.5,9.5,44.54,37.755,6.844
18-3725_Rep1_9.3,418.7,13,7.5,44.102,36.322,4.759
18-3725_Rep1_9.4,371.5,12.5,8,41.864,34.99,4.639
18-3725_Rep1_9.5,314.8,11,7.5,45.106,37.954,5.674
18-3725_Rep1_9.6,491.5,13,8,45.634,38.206,5.187
18-3725_Rep1_12.1,607.3,11.5,9.5,39.748,32.386,5.015
18-3725_Rep1_12.2,621.5,12,10,41.609,34.896,4.554
18-3725_Rep1_12.3,585.3,12,9.5,45.557,39.225,5.981
18-3725_Rep1_12.4,664.9,13,9,45.792,38.595,4.601
18-3725_Rep1_12.5,659.1,13,9.5,48.276,42.643,8.761
18-3725_Rep1_12.6,756.5,13.5,10,44.96,38.621,5.804
18-3725_Rep1_13.1,453.3,10,9,41.043,33.926,4.642
18-3725_Rep1_13.2,540.4,11.5,9.5,38.44,31.209,3.239
18-3725_Rep1_13.3,450.2,11,9,42.006,34.319,3.339
18-3725_Rep1_13.4,553.3,11,9,40.949,33.7,4.663
18-3726_Rep3_4.1,303.2,12.5,7,42.987,36.747,6.408
18-3726_Rep3_4.2,404.7,12.5,8,48.003,41.858,8.28
18-3726_Rep3_4.3,452.8,12.5,8.5,46.515,40.721,8.527
18-3726_Rep3_4.4,318.8,11.5,7.5,49.8,43.839,9.598
18-3726_Rep3_4.5,261.7,12,6.5,42.768,36.727,6.746
18-3726_Rep3_3.1,323.8,11.5,7,47.611,41.783,8.48
18-3726_Rep3_3.2,551.9,13.5,8.5,47.487,41.023,7.397
18-3726_Rep3_3.3,229,10,6.5,41.744,36.584,7.939
18-3726_Rep3_3.4,165.3,9,6,43.837,37.551,6.905
18-3726_Rep3_3.5,257.2,11,7,42.696,36.943,6.857
18-3726_Rep3_3.6,201,10.5,6,40.679,34.89,5.252
18-3726_Rep3_5.1,432.9,12.5,8,51.441,45.672,9.612
18-3726_Rep3_5.2,249.8,10,6.5,43.17,36.669,5.885
18-3726_Rep3_5.3,463.6,12,8.5,48.133,41.845,7.772
18-3726_Rep3_1.1,577.3,14,9,49.376,44.067,10.305
18-3726_Rep3_1.2,515.4,14,8.5,47.062,40.825,7.745
18-3726_Rep3_8.1,383.1,12,7.5,51.141,45.481,10.991
18-3726_Rep3_8.2,415.4,13,8,48.331,42.565,7.843
18-3726_Rep3_8.3,432.9,13.5,8,52.102,46.311,9.999
18-3726_Rep3_8.4,272.3,11,7,49.009,42.914,8.835
18-3726_Rep3_8.5,310,12,7.5,41.779,35.742,5.902
18-3724_Rep3_6.1,382.8,14.5,8,42.807,37.331,5.168
18-3724_Rep3_6.2,786.8,17,9,47.166,42.493,9.059
18-3724_Rep3_6.3,610.7,17.5,8.5,42.983,36.878,4.84
18-3724_Rep3_6.4,829.3,16.5,9,44.426,38.725,6.043
18-3724_Rep3_2.1,490.8,16,8.5,42.635,37.585,6.23
18-3724_Rep3_2.2,469.7,14,9,44.82,38.947,5.711
18-3724_Rep3_2.3,629.2,17,9,48.705,42.446,7.605
18-3724_Rep3_2.4,527.5,14,9.5,40.57,35.056,5.596
18-3724_Rep3_2.5,408.4,14.5,7.5,45.091,39.523,6.697
18-3724_Rep3_2.6,697.3,16,10,49.493,44.146,8.914
18-3724_Rep3_5.1,183.6,11.5,6.5,38.882,31.83,3.209
18-3724_Rep3_5.2,302.2,12.5,7.5,40.103,33.237,3.848
18-3724_Rep3_5.3,288.6,11.5,8,40.164,32.308,3.573
18-3724_Rep3_5.4,253,11.5,7,37.941,30.977,3.269
18-3724_Rep3_3.1,875,16.5,10,44.788,38.681,5.776
18-3724_Rep3_3.2,386.2,14.5,7.5,44.4,39.381,5.798
18-3724_Rep3_3.3,789.3,16,10,46.173,40.425,6.529
18-3724_Rep3_3.4,771.1,18.5,9.5,44.762,39.342,6.029
18-3724_Rep3_3.5,767.3,19,8.5,45.645,40.848,6.902
18-3724_Rep3_1.1,1057,20,9.5,47.091,41.39,7.029
18-3724_Rep3_1.2,689.4,17,9.5,48.675,43.538,8.929
18-3724_Rep3_4.1,535.2,15.5,9,41.256,35.77,5.154
18-3724_Rep3_4.2,760.7,16,9.5,49.679,45.069,10.859
18-3724_Rep3_4.3,827.8,16,9.5,49.551,44.93,10.759
18-3724_Rep3_4.4,689.7,15.5,8.5,48.703,44.297,10.961
18-3724_Rep3_4.5,712.2,14.5,10,49.185,44.203,9.773
18-3724_Rep3_4.6,434.9,15,7.5,46.144,40.566,6.604
18-3724_Rep2_12.1,717.9,14,9.5,42.873,36.627,7.213
18-3724_Rep2_12.2,685.8,15.5,9.5,45.811,39.924,7.965
18-3724_Rep2_12.3,617.4,15.5,9,43.747,37.096,6.628
18-3724_Rep2_12.4,629.8,15.5,8.5,39.894,33.328,4.899
18-3724_Rep2_12.5,567.5,14,9,43.487,37.351,6.286
18-3724_Rep2_12.6,718.6,15,9.5,43.47,36.915,6.735
18-3724_Rep2_15.1,968,16.5,10.5,44.347,37.868,5.939
18-3724_Rep2_15.2,1066.8,18,10.5,41.719,35.489,5.258
18-3724_Rep2_15.3,856.7,16.5,10.5,40.955,34.259,4.792
18-3724_Rep2_15.4,579.3,15,8.5,41.389,34.705,4.581
18-3724_Rep2_15.5,596.1,16,9,39.168,32.505,4.297
18-3724_Rep2_15.6,571.4,14.5,9.5,39.984,33.302,3.935
18-3724_Rep2_13.1,530,13.5,9,47.918,41.636,11.487
18-3724_Rep2_13.2,686.7,14,9.5,45.246,38.216,6.982
18-3724_Rep2_13.3,593.7,13,9.5,48.012,41.7,10.3
18-3724_Rep2_13.4,649,14,9,50.981,45.159,13.38
18-3724_Rep2_13.5,600.6,13.5,9.5,44.592,37.98,7.187
18-3724_Rep2_13.6,655.7,14.5,9.5,47.324,40.873,10.142
18-3724_Rep2_14.1,593,13.5,9.5,42.437,35.905,5.871
18-3724_Rep2_14.2,717.2,14,10,46.048,38.965,6.443
18-3724_Rep2_14.3,478.6,11,9,43.55,36.946,5.55
18-3724_Rep2_14.4,502,11.5,9,42.892,36.032,6.114
18-3724_Rep2_14.5,531.4,13.5,9,43.423,36.412,5.673
18-3724_Rep2_14.6,384.6,12,8.5,42.809,35.432,4.947
18-3728_Rep3_2.1,889.1,17,9.5,46.285,39.464,4.709
18-3728_Rep3_2.2,807.5,17.5,9.5,44.84,38.105,5.365
18-3728_Rep3_2.3,640.5,16,9,43.129,36.686,4.895
18-3728_Rep3_2.4,798,17.5,9.5,44.622,37.855,4.704
18-3728_Rep3_9.1,651,16,9,42.35,36.041,6.005
18-3728_Rep3_9.2,724.3,19.5,8.5,46.664,42.261,8.469
18-3728_Rep3_9.3,764.6,16.5,9.5,42.11,35.42,4.75
18-3728_Rep3_9.4,618,17,8.5,44.287,38.314,6.615
18-3728_Rep3_9.5,707.1,16,9,46.506,40.35,7.257
18-3728_Rep3_9.6,540.7,16,9,45.214,40.9,7.776
18-3728_Rep3_1.1,502.3,15,9,42.77,37.448,5.906
18-3728_Rep3_1.2,850,16.5,10,43.774,37.489,5.064
18-3728_Rep3_1.3,978.5,15.5,10.5,48.899,43.159,9.088
18-3728_Rep3_1.4,662.5,17.5,8.5,44.607,39.811,8.579
18-3728_Rep3_1.5,594.8,16,9,41.735,36.228,4.608
18-3728_Rep3_1.6,740,16,9,41.47,34.968,4.691
18-3723_Rep1_10.1,777.7,15,10,47.879,41.678,6.721
18-3723_Rep1_10.2,814.9,14.5,10.5,47.355,41.02,6.929
18-3723_Rep1_10.3,744.4,16.5,8.5,41.486,35.283,4.708
18-3723_Rep1_10.4,834.7,16,10,43.723,37.218,5.39
18-3723_Rep1_10.5,399.6,13,8,45.83,39.331,5.831
18-3723_Rep1_10.6,606.7,14,9.5,47.116,40.529,5.878
18-3723_Rep1_11.1,590.4,14.5,9.5,43.838,38.712,6.114
18-3723_Rep1_11.2,1081.9,17.5,10.5,43.656,38.142,6.541
18-3723_Rep1_11.3,557.9,15.5,8.5,44.258,38.654,7.553
18-3723_Rep1_11.4,568.3,14,9.5,45.341,40.196,7.514
18-3723_Rep1_11.5,757.6,14.5,10,45.669,40.644,8.362
18-3723_Rep1_11.6,822.6,16,10.5,43.361,38.072,7.033
18-3723_Rep1_8.1,535,14.5,9,41.59,34.708,5.087
18-3723_Rep1_8.2,461.3,14.5,8,39.947,33.211,4.972
18-3723_Rep1_8.3,625.7,16,9,35.876,28.965,3.336
18-3723_Rep1_8.4,722.6,17.5,8.5,34.877,28.163,3.422
18-3723_Rep1_12.1,835.7,17.5,9,43.489,37.238,4.868
18-3723_Rep1_12.2,654.2,15.5,9.5,44.731,38.413,5.14
18-3723_Rep1_12.3,794.8,15.5,10,43.211,36.773,4.522
18-3723_Rep1_12.4,672.4,16,9.5,45.526,39.155,4.994
18-3723_Rep1_12.5,800,16.5,9.5,46.507,40.503,7.579
18-3723_Rep1_12.6,797,15.5,10.5,44.485,38.219,5.26
18-3724_Rep2_6.1,954.3,16.5,10.5,44.474,37.549,6.606
18-3724_Rep2_6.2,937.2,17,11,43.34,36.855,7.067
18-3724_Rep2_6.3,721.7,15.5,9.5,42.173,35.786,5.598
18-3724_Rep2_6.4,691.9,15,10,46.657,40.628,6.819
18-3724_Rep2_2.1,492.9,14,9,43.047,36.526,5.788
18-3724_Rep2_2.2,693.2,16,9.5,43.236,37.372,6.792
18-3724_Rep2_2.3,659.6,15.5,9.5,43.651,37.201,5.752
18-3724_Rep2_3.1,295,12,7,38.612,31.457,3.221
18-3724_Rep2_3.2,782.9,14,9.5,41.355,33.824,3.703
18-3724_Rep2_3.3,636.9,14.5,9,42.473,35.644,4.508
18-3724_Rep2_3.4,565.4,14,8,44.445,38.557,6.258
18-3724_Rep2_3.5,497.7,13,7.5,43.954,36.743,4.823
18-3724_Rep2_3.6,629.7,15,9.5,46.567,41.459,5.757
18-3724_Rep2_1.1,946.3,16.5,10,44.376,37.871,5.928
18-3724_Rep2_1.2,654.1,14,9,43.137,36.82,5.989
18-3724_Rep2_1.3,735.7,15,9,45.645,39.722,7.447
18-3724_Rep2_1.4,527.8,15.5,8.5,40.153,33.859,4.543
18-3724_Rep2_5.1,1139.9,18.5,10.5,44.271,38.213,6.412
18-3724_Rep2_5.2,1257,17.5,12,44.367,38.225,5.749
18-3724_Rep2_5.3,973.5,16.5,11,45.042,38.863,6.823
18-3724_Rep2_4.1,855.7,16.5,10,45.455,39.62,6.097
18-3724_Rep2_4.2,514.7,13.5,8,45.105,38.876,7.672
18-3724_Rep2_4.3,926.1,17.5,10,45.09,38.806,6.792
18-3724_Rep2_4.4,900.5,18,9,42.052,35.014,6.862
18-3724_Rep2_4.5,1053,20,10.5,41.639,34.488,5.137
18-3724_Rep2_4.6,728,15.5,10.5,44.302,37.928,5.775
18-3725_Rep3_11.3,473,14.5,8.5,39.984,32.155,3.067
18-3725_Rep3_11.4,385.4,13,8,39.189,32.047,3.403
18-3725_Rep3_11.5,207.9,11.5,7,35.894,29.147,2.768
18-3725_Rep3_11.6,358.2,12.5,7,40.45,33.451,4.346
18-3725_Rep3_13.1,782,16,9.5,40.377,33.065,3.318
18-3725_Rep3_13.2,639.3,14.5,9,46.541,41.436,8.338
18-3725_Rep3_13.3,697.7,16.5,10,41.635,34.77,3.751
18-3725_Rep3_13.4,533.5,15,9,41.732,34.806,4.184
18-3725_Rep3_13.5,403.2,12.5,8,41.688,34.899,4.279
18-3725_Rep3_13.6,435.2,14.5,8,40.551,34.435,4.344
18-3725_Rep3_2.1,452.8,11,8.5,42.488,36.489,5.073
18-3725_Rep3_2.2,324.6,12,8,39.429,33.512,4.153
18-3725_Rep3_2.3,437.5,11,9,42.499,36.466,4.357
18-3725_Rep3_2.4,472,12,8.5,44.056,38.359,5.728
18-3725_Rep3_2.5,364.2,11,8.5,42.136,36.301,4.595
18-3725_Rep3_2.6,329.1,11,7.5,45.017,39.866,9.383
18-3725_Rep3_3.1,659.7,12.5,10,41.138,34.803,3.865
18-3725_Rep3_3.2,558.9,12.5,9.5,45.089,38.651,5.302
18-3725_Rep3_3.3,385.6,11,8.5,45.865,39.463,5.996
18-3725_Rep3_3.4,582,11.5,10,42.673,36.144,4.384
18-3725_Rep3_3.5,637.9,11.5,10,43.804,37.343,4.947
18-3725_Rep3_3.6,292.2,9.5,7.5,42.329,35.556,3.683
18-3725_Rep3_16.1,606.1,12,10,38.235,31.269,4.441
18-3725_Rep3_16.2,573.6,13,7,40.021,32.975,3.214
18-3725_Rep3_16.3,754.3,14,11,39.196,32.162,3.747
18-3725_Rep3_16.4,528.9,12.5,8.5,41.521,34.328,4.319
18-3725_Rep3_16.5,595.9,12.5,9.5,42.687,35.455,4.107
18-3723_Rep2_1.1,651.6,13.5,9,45.692,39.028,6.573
18-3723_Rep2_1.2,412.4,12.5,8,46.374,39.951,8.694
18-3723_Rep2_1.3,553.1,16,8.5,43.452,37.607,5.989
18-3723_Rep2_1.4,521.3,14,8,41.41,34.868,3.706
18-3723_Rep2_1.5,677.2,13.5,10,43.065,36.704,5.109
18-3723_Rep2_4.1,415.9,12,8.5,50.139,47.007,9.451
18-3723_Rep2_4.2,1106.9,16,11,45.336,39.567,6.342
18-3723_Rep2_5.1,628.7,14.5,9,45.485,38.672,5.009
18-3723_Rep2_5.2,608.4,13.5,9.5,44.358,37.087,4.427
18-3723_Rep2_5.3,844.2,15,10,38.746,31.427,3.174
18-3723_Rep2_5.4,833.3,15.5,10,41.235,33.873,3.938
18-3723_Rep2_5.5,659.2,15,9.5,42.604,35.508,4.853
18-3723_Rep2_5.6,550.2,14,8.5,43.239,36.601,4.975
18-3723_Rep2_6.1,518.2,15,8.5,44.299,38.264,6.544
18-3723_Rep2_6.2,551,16,9,42.008,37.31,7.583
18-3723_Rep2_6.3,377.9,13,8.5,39.335,32.885,3.895
18-3723_Rep2_6.4,569.7,15,9,45.356,39.967,7.688
18-3723_Rep2_6.5,184.9,11,6,44.105,37.653,6.795
18-3723_Rep2_6.6,347.5,14,7.5,40.629,35.533,5.479
18-3723_Rep2_3.1,724.8,15.5,9.5,41.298,34.977,4.654
18-3723_Rep2_3.2,713.4,15,8.5,44.371,38.442,7.662
18-3723_Rep2_3.3,731.5,16.5,9,43.029,36.879,4.985
18-3723_Rep2_2.1,727.9,19,9.5,46.453,40.76,5.454
18-3723_Rep2_2.2,879.9,17,9,48.552,42.839,8.004
18-3723_Rep2_2.3,655.3,16.5,10,44.853,38.786,6.201
18-3723_Rep2_2.4,997.8,17.5,9.5,49.627,44.024,10.049
18-3723_Rep1_1.1,239.8,11,7,51.103,46.285,7.543
18-3723_Rep1_1.2,596.6,15,8.5,36.468,29.481,3.196
18-3723_Rep1_1.3,620.8,14.5,8.5,37.991,30.843,3.632
18-3723_Rep1_1.4,343.4,12.5,7,41.129,33.771,3.893
18-3723_Rep1_1.5,731.6,15.5,9,43.014,36.239,5.838
18-3723_Rep1_2.1,694.2,15.5,9,42.915,35.689,4.467
18-3723_Rep1_2.2,841.2,16,10,47.38,41.1,7.019
18-3723_Rep1_2.3,788,16.5,9.5,44.521,38.769,6.949
18-3723_Rep1_2.4,499.9,13.5,8,44.633,37.924,5.747
18-3724_Rep3_10.1,611.8,16.5,9.5,37.744,31.369,3.471
18-3724_Rep3_10.2,951.8,17.5,10,39.754,32.943,4.077
18-3724_Rep3_10.3,836.2,16,10,44.229,38.403,6.828
18-3724_Rep3_10.4,700.2,16,9.5,41.629,35.004,5.011
18-3724_Rep3_11.1,799.9,16,9,40.911,34.096,4.655
18-3724_Rep3_11.2,937.4,16.5,9.5,47.368,41.521,8.057
18-3724_Rep3_11.3,593,15,8.5,44.074,37.103,4.776
18-3724_Rep3_11.4,586.9,14,8.5,44.923,38.526,5.621
18-3724_Rep3_9.1,785.4,14.5,10,42.352,37.601,7.245
18-3724_Rep3_9.2,831.4,15,10,40.175,34.569,5.592
18-3724_Rep3_9.3,624.8,13.5,9,42.794,36.128,4.682
18-3724_Rep3_9.4,548.4,13,8.5,40.53,34.679,4.346
18-3724_Rep3_9.5,611.4,13,9,38.456,32.812,4.289
18-3724_Rep3_9.6,517.2,13,8.5,38.824,33.078,4.515
18-3724_Rep3_8.1,510.2,14.5,9,44.482,38.193,6.17
18-3724_Rep3_8.2,322.8,11,8,43.002,36.733,5.416
18-3724_Rep3_8.3,573,15,9,44.698,37.985,5.042
18-3724_Rep3_8.4,271.6,11,7.5,46.39,40.216,6.829
18-3724_Rep3_8.5,310.6,13,7.5,43.054,36.731,5.517
18-3724_Rep3_8.6,538.1,15.5,8.5,46.548,40.298,7.343
18-3724_Rep3_7.1,710.5,15,10,45.372,39.307,7.295
18-3724_Rep3_7.2,749.2,14,9.5,42.804,35.794,4.947
18-3724_Rep3_7.3,704.8,14,8.5,44.176,37.321,5.947
18-3724_Rep3_7.4,926.2,15,10,44.06,37.662,6.498
18-3724_Rep3_7.5,661.4,13,9.5,45.1,38.34,6.846
18-3724_Rep3_7.6,184.5,9.5,6,37.794,30.689,3.577
18-3725_Rep1_15.1,513.8,12,9.5,39.912,33.592,4.445
18-3725_Rep1_15.2,503,13,9,39.227,32.581,4.386
18-3725_Rep1_15.3,520.4,13,9.5,41.823,35.41,4.746
18-3725_Rep1_18.1,882.3,15,10,41.207,33.534,3.871
18-3725_Rep1_18.2,587.5,13,8.5,43.247,35.786,4.441
18-3725_Rep1_18.3,484,12.5,8.5,36.744,28.806,3.224
18-3725_Rep1_18.4,715,14,10,40.925,33.507,3.985
18-3725_Rep1_18.5,561.2,12.5,8.5,40.55,33.592,4.059
18-3725_Rep1_18.6,398.3,13,8,42.557,35.521,4.906
18-3725_Rep1_20.1,736.1,13.5,9.5,43.62,37.33,5.902
18-3725_Rep1_20.2,705.2,13.5,9,44.205,37.975,6.42
18-3725_Rep1_16.1,560.5,16,9,38.746,31.399,3.14
18-3725_Rep1_16.2,464.4,13.5,9,36.303,29.077,2.741
18-3725_Rep1_16.3,525.7,14.5,10,38.962,32.563,4.645
18-3725_Rep1_16.4,775.3,15.5,10.5,38.177,31.218,3.428
18-3725_Rep1_16.5,642.2,15.5,9.5,42.369,36.295,5.789
18-3725_Rep1_19.1,693.8,15,9,40.758,33.29,4.65
18-3725_Rep1_19.2,496.6,11.5,8.5,43.797,36.258,5.463
18-3725_Rep1_19.3,465,14.5,7.5,41.103,33.803,4.829
18-3725_Rep1_19.4,620.6,12.5,9,41.815,34.134,3.611
18-3727_Rep3_3.1,466.1,13,9,43.249,37.521,4.169
18-3727_Rep3_3.2,819.8,17,9,46.877,41.193,5.431
18-3727_Rep3_3.3,856.2,17,9.5,48.015,42.967,6.872
18-3727_Rep3_3.4,604.2,17,9,43.803,37.595,4.281
18-3727_Rep3_1.1,673.1,15,9,48.758,45.265,8.47
18-3727_Rep3_5.1,890.6,17,9.5,48.053,43.59,6.902
18-3727_Rep3_5.2,517.9,15,7.5,49.45,45.93,10.369
18-3727_Rep3_5.3,583.4,16,9,50.356,46.547,9.339
18-3727_Rep3_2.1,617.2,16,8.5,47.822,42.045,7.605
18-3727_Rep3_4.1,491.5,13,9.5,46.708,42.502,7.483
18-3727_Rep3_4.2,753.7,16.5,9,48.602,43.495,8.033
18-3727_Rep3_4.3,814.5,17,10,48.947,44.549,9.047
18-3723_Rep1_5.1,983.5,16.5,10.5,46.323,41.201,9.285
18-3723_Rep1_5.2,1002.6,17.5,10.5,47.373,40.925,7.16
18-3723_Rep1_5.3,771.4,15,10.5,45.197,40.422,7.278
18-3723_Rep1_5.4,858.8,15,10.5,47.34,42.099,9.193
18-3723_Rep1_5.5,588.9,13,9,43.527,38.595,6.262
18-3723_Rep1_5.6,824.3,15.5,10,47.615,41.268,6.576
18-3723_Rep1_4.1,378.3,15,7.5,44.954,38.238,7.676
18-3723_Rep1_4.2,487.8,15.5,8.5,45.412,40.678,8.277
18-3723_Rep1_4.3,468,15.5,9,43.737,38.315,6.545
18-3723_Rep1_4.4,273,15,7,15.233,13.855,3.45
18-3723_Rep1_4.5,445.2,16,7.5,43.99,37.076,5.932
18-3723_Rep1_4.6,581.4,17,9.5,24.169,20.675,3.672
18-3723_Rep1_3.1,963.8,14.5,10.5,45.053,39.824,8.312
18-3723_Rep1_3.2,888.1,15,10.5,42.299,36.277,5.797
18-3723_Rep1_3.3,618.3,13,9,42.986,36.704,5.665
18-3723_Rep1_6.1,532.4,15,8.5,40.553,33.237,5.05
18-3723_Rep1_6.2,577.7,15,9,40.944,33.591,5.989
18-3723_Rep1_6.3,459.4,16,8.5,41.884,34.692,6.447
18-3723_Rep1_6.4,710,16.5,9,38.351,31.469,6.302
18-3723_Rep1_6.5,561.9,13,9,42.38,35.161,6.308
18-3723_Rep1_9.1,1279.2,19.5,10.5,43.152,37.378,7.402
18-3723_Rep1_9.2,1193.1,19.5,11,43.786,38.006,7.665
18-3723_Rep1_9.3,921,18,10.5,42.546,36.628,5.627
18-3723_Rep1_7.1,1099.2,16,11,41.581,34.875,4.562
18-3723_Rep1_7.2,983.3,15.5,10.5,36.87,31.189,4.613
18-3723_Rep1_7.3,1036,16,11,42.353,35.952,5.708
18-3723_Rep1_7.4,724.6,14.5,9,40.68,33.624,3.79
18-3723_Rep1_7.5,686.5,14,9,41.858,35.55,6.131
18-3724_Rep3_12.1,732.7,15,9.5,48.697,44.006,10.693
18-3724_Rep3_12.2,501.6,14.5,8,45.292,39.897,7.112
18-3724_Rep3_12.3,653.1,17,8.5,43.491,36.894,5.045
18-3724_Rep3_12.4,754.8,14,10,48.731,43.506,9.715
18-3724_Rep3_12.5,402.2,13,8.5,46.069,41.135,6.058
18-3724_Rep3_12.6,548.9,14,9,46.87,41.367,7.481
18-3724_Rep3_13.1,727,16.5,10,47.254,42.629,9.669
18-3724_Rep3_13.2,993.5,17,10.5,52.349,48.258,14.187
18-3724_Rep3_13.3,325.3,14.5,8.5,43.274,37.482,4.564
18-3724_Rep3_13.4,849.3,17.5,10.5,47.709,42.416,8.843
18-3724_Rep3_13.5,811,15.5,10,46.725,40.985,8.129
18-3724_Rep3_13.6,845.7,17,10,49.636,44.999,11.435
18-3724_Rep3_14.1,486.2,16,8.5,42.925,36.998,7.004
18-3724_Rep3_14.2,684.3,16,9.5,44.833,38.031,5.937
18-3724_Rep3_14.3,482.2,14,8.5,47.659,41.411,8.766
18-3724_Rep3_14.4,460.2,15,8.5,41.628,34.985,4.499
18-3724_Rep3_14.5,592.1,15,9,45.501,39.468,6.772
18-3724_Rep3_14.6,740.8,16.5,9.5,45.2,38.778,6.339
18-3724_Rep3_15.1,711.7,16.5,9.5,45.562,40.284,6.901
18-3724_Rep3_15.2,675.3,16,10,46.583,41.325,7.643
18-3724_Rep3_15.3,439.4,12.5,8.5,40.97,35.861,5.697
18-3724_Rep3_15.4,719.2,16.5,10,43.446,38.662,6.538
18-3724_Rep3_15.5,588.6,15.5,9.5,44.325,39.482,7.415
18-3725_Rep1_6.1,279.3,12,6.5,40.563,32.719,3.655
18-3725_Rep1_6.2,318.8,12,7,39.378,32.551,4.068
18-3725_Rep1_6.3,390.8,12.5,8,40.414,33.102,4.039
18-3725_Rep1_6.4,461,13,8,39.646,32.947,4.441
18-3725_Rep1_6.5,397.8,12,7.5,42.052,35.294,4.83
18-3725_Rep1_6.6,426.3,12,7.5,47.05,39.859,6.438
18-3725_Rep1_2.1,561.6,12.5,9,41.063,34.438,4.64
18-3725_Rep1_2.2,508.7,12,8.5,40.639,34.599,4.584
18-3725_Rep1_1.1,481,11,9,40.401,33.34,4.958
18-3725_Rep1_1.2,634.1,12.5,9.5,40.968,33.722,4.042
18-3725_Rep1_1.3,587.8,10.5,10,37.927,30.698,3.644
18-3725_Rep1_1.4,396.4,9.5,8.5,40.568,33.005,4.035
18-3725_Rep1_1.5,455.5,10,9,42.69,35.702,5.887
18-3725_Rep1_8.1,415.4,14,8,41.158,34.277,4.214
18-3725_Rep1_8.2,419.7,16,8,39.033,32.392,3.399
18-3725_Rep1_8.3,414.1,14,7.5,43.025,36.382,4.546
18-3725_Rep1_8.4,305.2,11,7,41.477,34.721,4.38
18-3725_Rep1_8.5,192.2,11.5,5.5,41.828,35.22,3.905
18-3725_Rep1_7.1,612.4,14,9.5,45.818,39.677,5.314
18-3725_Rep1_7.2,515.6,13.5,9.5,41.469,34.881,4.288
18-3725_Rep1_7.3,655.3,16,10,43.952,37.675,5.593
18-3725_Rep1_7.4,516.5,13.5,9.5,42.531,37.469,7.155
18-3725_Rep1_3.2,714.2,14,10,47.948,42.392,7.462
18-3725_Rep1_3.3,427.2,13,8.5,43.07,36.955,5.437
18-3725_Rep1_3.4,460.1,12.5,8.5,42.157,36.345,4.95
18-3725_Rep1_3.5,648.8,12.5,9.5,43.335,37.337,5.476
18-3725_Rep1_3.6,551.5,13.5,9,42.375,35.742,4.056
18-3725_Rep1_4.1,383.8,11,8,39.353,32.168,4.527
18-3725_Rep1_4.2,303.6,11.5,7.5,39.187,31.528,3.691
18-3725_Rep1_4.3,418.9,12,8.5,39.106,32.197,3.995
18-3725_Rep1_4.4,444.2,13,9,39.702,32.373,3.622
18-3725_Rep1_4.5,396.8,12.5,8,39.301,32.105,4.026
18-3725_Rep1_4.6,485.1,14,8.5,39.482,32.264,3.42
18-3724_Rep2_8.1,926.1,14.5,10.5,43.59,37.8,5.269
18-3724_Rep2_8.2,537,12.5,9,43.228,36.779,4.759
18-3724_Rep2_8.3,811.1,13,10.5,43.937,38.135,6.383
18-3724_Rep2_8.4,600.8,13,8.5,42.944,37.129,5.439
18-3724_Rep2_11.1,759.6,17,9,45.072,38.673,7.566
18-3724_Rep2_11.2,922.5,15,11,42.675,35.346,4.803
18-3724_Rep2_11.3,711.9,15.5,9,45.607,39.162,7.422
18-3724_Rep2_11.4,581.8,14,9.5,45.197,38.204,5.812
18-3724_Rep2_11.5,1064,15.5,11.5,44.505,37.915,7.426
18-3724_Rep2_9.1,696.1,14.5,9,49.156,43.757,10.148
18-3724_Rep2_9.2,571.4,14,8.5,46.326,40.318,7.902
18-3724_Rep2_9.3,850.6,15,10.5,41.412,34.866,4.731
18-3724_Rep2_9.4,697.9,15,10.5,47.994,42.729,9.444
18-3724_Rep2_9.5,750.3,15.5,9,43.965,38.207,7
18-3724_Rep2_9.6,604.9,13.5,9.5,45.264,39.606,7.831
18-3724_Rep2_7.1,1082,16,11,45.353,38.856,6.23
18-3724_Rep2_7.2,1048.6,16.5,10,44.142,37.865,6.054
18-3724_Rep2_7.3,761.9,15.5,10,43.412,37.989,6.334
18-3724_Rep2_7.4,802.8,15,9.5,47.488,41.886,8.679
18-3724_Rep2_10.1,750.6,17.5,10,41.247,35.628,4.983
18-3724_Rep2_10.2,1126.7,18,11.5,43.866,38.233,6.325
18-3724_Rep2_10.3,817.7,15.5,11,42.88,36.614,5.555
18-3724_Rep2_10.4,605.2,15,9.5,42.357,37.004,4.518
18-3724_Rep2_10.5,682.9,14.5,9.5,46.74,40.699,6.64
18-3724_Rep2_10.6,860.7,16.5,10.5,44.238,38.625,5.59
18-3728_Rep2_5.1,634.3,17,8.5,39.563,33.499,4.089
18-3728_Rep2_5.2,772.4,18,10.5,43.382,38.128,7.7
18-3728_Rep2_5.3,662.8,16,9,41.419,36.033,5.966
18-3728_Rep2_2.1,800.2,16.5,9,45.021,38.968,6.563
18-3728_Rep2_2.2,564.8,15,8,44.408,37.245,4.834
18-3728_Rep2_2.3,937.2,17,11,43.897,37.909,5.773
18-3728_Rep2_2.4,837.7,18,9.5,41.532,35.136,5.003
18-3728_Rep2_2.5,678.8,16.5,9,43.671,36.79,5.784
18-3728_Rep2_2.6,605.5,15.5,8.5,42.476,36.212,4.967
18-3728_Rep2_4.1,761.2,16.5,9,43.647,37.977,7.283
18-3728_Rep2_4.2,641.5,15.5,9,41.956,36.296,7.429
18-3728_Rep2_4.3,579.2,15,8,41.192,34.908,4.753
18-3728_Rep2_4.4,727.5,16,9,45.863,39.564,6.775
18-3728_Rep2_1.1,1011.1,20.5,9.5,47.266,41.401,6.541
18-3728_Rep2_1.2,859,19,10,43.38,37.503,6.365
18-3728_Rep2_3.1,805.4,15.5,9.5,42.372,36.098,4.702
18-3728_Rep2_3.2,690.9,16,9,42.243,35.911,5.457
18-3728_Rep2_3.3,675.8,15.5,9.5,42.525,36.427,5.014
18-3728_Rep2_3.4,848,16,10,41.193,33.968,3.902
18-3728_Rep2_3.5,657.1,15,9.5,41.36,34.999,4.58
18-3726_Rep2_5.1,342,13,8,41.178,35.264,6.744
18-3726_Rep2_5.2,361.3,12,8.5,44.995,39.183,8.676
18-3726_Rep2_3.1,512.8,12.5,9,42.559,36.521,5.356
18-3726_Rep2_3.2,528.8,15,9,38.984,33.559,4.955
18-3726_Rep2_3.3,524.4,13,9.5,45.203,40.461,9.678
18-3726_Rep2_3.4,469,13,8.5,42.676,36.392,6.244
18-3726_Rep2_3.5,509.2,12,9,47.401,42.322,9.199
18-3726_Rep2_3.6,534.6,13,9.5,47.096,40.725,6.396
18-3726_Rep2_4.1,236.7,10.5,7.5,40.672,35.214,6.604
18-3726_Rep2_4.2,432.1,13,8,42.937,36.642,5.911
18-3726_Rep2_4.3,329.4,12.5,7,35.866,30.146,4.751
18-3726_Rep2_4.4,213.9,12,6,45.414,39.936,8.757
18-3726_Rep2_1.1,418.9,13,8.5,49.043,44.461,12.725
18-3726_Rep2_1.2,292.9,11,7.5,47.541,42.27,10.2
18-3726_Rep2_1.3,368.7,12,9,52.538,47.917,12.945
18-3726_Rep2_1.4,261.3,11,7.5,49.795,43.215,9.947
18-3726_Rep2_2.1,531,13,10,48.215,42.189,7.472
18-3726_Rep2_2.2,406.9,13,8.5,43.804,38.347,7.448
18-3726_Rep2_2.3,291.6,12.5,8.5,45.714,39.28,6.341
18-3726_Rep2_2.4,438,13.5,9,45.583,39.683,7.145
18-3727_Rep1_4.1,735.5,18,9,44.549,38.749,6.142
18-3727_Rep1_4.2,469.3,14,8.5,48.267,43.215,5.871
18-3727_Rep1_5.1,617.2,17,9,43.299,38.148,5.128
18-3727_Rep1_5.2,644.7,15.5,9.5,41.94,35.649,4.882
18-3727_Rep1_5.3,459.9,16,7.5,46.145,40.065,7.048
18-3727_Rep1_5.4,737.7,18,9,43.258,37.071,4.583
18-3727_Rep1_3.1,469.7,13,9.5,50.041,46.186,7.329
18-3727_Rep1_3.2,851.4,18.5,9.5,45.927,39.211,5.714
18-3727_Rep1_3.3,959.3,18,10.5,46.058,40.093,6.132
18-3727_Rep1_3.4,997.2,17,10.5,47.512,41.41,6.781
18-3727_Rep1_3.5,689.9,16,9.5,46.731,41.131,7.027
18-3727_Rep1_3.6,600.2,15.5,8.5,45.585,38.874,6.239
18-3727_Rep1_2,542,13,8.5,45.933,40.318,5.526
18-3727_Rep1_1.1,743.6,16.5,10,43.865,38.161,5.774
18-3727_Rep1_1.2,1195.8,20.5,11,42.127,36.065,4.378
18-3727_Rep1_1.3,680.5,16,10,44.873,39.572,5.756
18-3727_Rep1_1.4,1080.5,19.5,10.5,45.52,40.066,5.568
18-3723_Rep3_7.1,627.6,16.5,10.5,44.121,39.118,5.728
18-3723_Rep3_7.2,858.5,18.5,11.5,42.397,36.996,4.759
18-3723_Rep3_7.3,602.1,14,10.5,42.151,37.471,5.994
18-3723_Rep3_7.4,352.9,14,8,41.204,36.079,5.751
18-3723_Rep3_7.5,850.2,19.5,10.5,43.562,38.155,4.556
18-3723_Rep3_7.6,556.7,17,10,42.841,37.391,5.656
18-3723_Rep3_6.5,866.4,17,9.5,43.008,36.552,5.996
18-3723_Rep3_6.6,655.4,16,9,44.177,37.57,5.488
18-3723_Rep3_1,437.7,12.5,10,49.128,45.523,13.953
18-3723_Rep3_4.1,498.7,16,9.5,45.754,39.504,6.132
18-3723_Rep3_4.2,542.6,17.5,9,41.709,35.264,4.603
18-3723_Rep3_4.3,555.2,16,9,44.971,39.298,7.875
18-3723_Rep3_4.4,567,16.5,10,46.86,41.722,7.922
18-3723_Rep3_4.5,590.9,16.5,9,48.432,41.759,7.111
18-3724_Rep1_10.1,666.6,15,9.5,42.501,36.39,5.246
18-3724_Rep1_10.2,820,15,10,39.444,33.469,4.331
18-3724_Rep1_10.3,569.1,14.5,9,40.366,34.211,4.616
18-3724_Rep1_10.4,519.8,14,9,38.471,32.061,3.69
18-3724_Rep1_10.5,574.5,14.5,9,45.177,38.736,6.199
18-3724_Rep1_5.1,677.7,17.5,9.5,47.435,42.812,6.624
18-3724_Rep1_5.2,677.6,16,9,46.31,40.301,7.685
18-3724_Rep1_5.3,663.7,15.5,10,41.989,36.201,5.914
18-3724_Rep1_5.4,655.7,16.5,9.5,40.315,33.785,3.704
18-3724_Rep1_5.5,748.6,17,10.5,42.54,36.425,5.283
18-3724_Rep1_5.6,728.1,17,9,42.03,36.036,5.194
18-3724_Rep1_3,535.9,14,9.5,40.731,34.751,4.852
18-3724_Rep1_7.1,460.8,12,8,43.374,36.546,7.371
18-3724_Rep1_7.2,466.9,13,9,40.485,32.882,4.793
18-3724_Rep1_7.3,506.9,12.5,9,42.76,35.638,8.175
18-3724_Rep1_7.4,607.3,13.5,9,44.156,37.174,7.539
18-3724_Rep1_7.5,491.8,14,9,44.59,36.871,6.879
18-3724_Rep1_7.6,780,14.5,10.5,46.839,40.643,9.554
18-3728_Rep3_5.1,1147.2,19,11,46.624,40.535,6.812
18-3728_Rep3_5.2,690.9,17,9.5,45.397,38.697,5.7
18-3728_Rep3_5.3,1062,18,10,44.545,37.93,5.606
18-3728_Rep3_5.4,789.7,17,10,44.197,37.74,4.983
18-3728_Rep3_5.5,958.7,21,10.5,43.312,37.417,4.568
18-3728_Rep3_5.6,964.1,20.5,10.5,43.392,37.315,4.264
18-3725_Rep2_7.1,484.2,13,9,42.715,35.563,5.272
18-3725_Rep2_7.2,556,14.5,9,42.47,35.685,5.713
18-3725_Rep2_7.3,934.7,15.5,11,39.505,32.54,3.899
18-3725_Rep2_7.4,440.3,12,9,42.304,35.592,6.063
18-3725_Rep2_7.5,732.2,15,10,39.13,31.84,3.509
18-3725_Rep2_7.6,380.2,12.5,8,39.694,32.095,3.938
18-3725_Rep2_5.1,438.1,12.5,8,38.706,31.031,3.726
18-3725_Rep2_5.2,472.2,15,8,38.499,30.638,3.553
18-3725_Rep2_5.3,469.5,13,8,37.238,29.841,3.565
18-3725_Rep2_5.4,575.3,14.5,8.5,40.675,33.27,3.827
18-3725_Rep2_5.5,334.1,12,8,35.536,28.147,2.973
18-3725_Rep2_5.6,235.1,10.5,7,41.274,33.353,4.62
18-3725_Rep2_4.1,571.5,13,9,38.281,30.46,3.194
18-3725_Rep2_4.2,513.5,13.5,9,36.778,29.049,3.007
18-3725_Rep2_4.3,609,14,9.5,37.607,29.775,2.964
18-3725_Rep2_4.4,591.1,13.5,9,36.489,29.423,3.25
18-3725_Rep2_4.5,442.2,13,8.5,39.733,32.247,3.987
18-3725_Rep2_4.6,409.8,12,8,35.187,27.169,2.84
18-3725_Rep2_3.1,715.6,14,9.5,35.717,28.595,2.922
18-3725_Rep2_3.2,532.1,12.5,8,42.135,35.494,5.166
18-3725_Rep2_3.3,447.9,11.5,8.5,37.768,30.428,3.132
18-3725_Rep2_3.4,387,12,8.5,34.6,27.37,3.527
18-3723_Rep2_18.1,802.2,16,10.5,40.646,34.589,4.493
18-3723_Rep2_18.2,696.7,16,10.5,39.992,33.158,3.724
18-3723_Rep2_18.3,632.3,16,9.5,41.051,35.223,4.617
18-3723_Rep2_18.4,914.7,18,10,38.333,32.166,3.895
18-3723_Rep2_18.5,873,16,11,43.135,38.266,6.508
18-3723_Rep2_18.6,765.7,16,10,41.812,37.414,7.901
18-3723_Rep2_10.1,805.2,18,10,43.954,37.167,6.143
18-3723_Rep2_10.2,755.5,16,10,42.799,35.785,5.27
18-3723_Rep2_10.3,800.5,17.5,10,46.429,39.856,7.994
18-3723_Rep2_10.4,778.9,19,10,42.547,35.718,4.721
18-3723_Rep2_10.5,751.4,19,10,41.007,34.178,5.05
18-3723_Rep2_10.6,789.9,17.5,10,40.699,34.101,5.244
18-3723_Rep2_15.1,721.3,18,9.5,41.694,34.764,4.968
18-3723_Rep2_15.2,738.2,18,10,42.526,35.905,5.12
18-3723_Rep2_15.3,944.7,18,10.5,40.759,34.402,5.093
18-3723_Rep2_15.4,771.3,16.5,9,41.789,34.822,4.974
18-3723_Rep2_15.5,523.7,17.5,9.5,43.788,37.08,4.93
18-3723_Rep2_15.6,565,19.5,8.5,39.505,32.636,4.407
18-3723_Rep3_14.1,498.7,13,9,42.284,36.922,6.359
18-3723_Rep3_14.2,543.7,12.5,9,44.98,40.39,9.536
18-3723_Rep3_14.3,558,14,9,41.768,37.026,7.23
18-3723_Rep3_14.4,490.2,12.5,8.5,46.009,41.365,9.787
18-3723_Rep3_14.5,514.9,11.5,8.5,47.713,42.861,9.095
18-3723_Rep3_14.6,475,14.5,8,40.284,34.64,4.844
18-3723_Rep3_13.1,789.7,18,10,40.322,34.519,4.304
18-3723_Rep3_13.2,793.2,16,10,41.468,34.838,4.06
18-3723_Rep3_13.3,984.4,18,10,39.634,33.255,4.075
18-3723_Rep3_13.4,926.9,17.5,10,39.945,33.544,4.061
18-3723_Rep3_11.2,584.8,15,8,48.825,43.451,8.573
18-3723_Rep3_11.3,772.5,15.5,10,47.791,42.225,7.842
18-3723_Rep3_11.4,640.4,14,9,48.621,43.567,8.053
18-3723_Rep3_11.5,621.8,15.5,8.5,49.372,43.415,6.945
18-3723_Rep3_11.1,640.6,14.5,9,47.223,41.632,6.496
18-3723_Rep3_12.1,903.1,17,10,42.252,35.007,4.499
18-3723_Rep3_12.2,1274.8,17,11.5,47.205,40.504,6.817
18-3723_Rep3_10.1,728.7,16,10,45.499,38.613,4.623
18-3723_Rep3_10.2,756,15,10,46.247,39.62,5.96
18-3723_Rep3_10.3,1068.8,17,10.5,47.103,40.396,6.001
18-3723_Rep3_8.1,550,14,9,44.706,38.095,6.01
18-3723_Rep3_8.2,704.9,15.5,9.5,46.513,40.099,6.572
18-3723_Rep3_8.3,668.1,15,9.5,45.789,39.186,5.991
18-3723_Rep3_8.4,855.4,18.5,9.5,39.872,32.805,3.837
18-3723_Rep3_8.5,484.6,14,9,40.688,33.934,3.73
18-3723_Rep3_8.6,512,14.5,8,42.608,35.885,4.556
18-3723_Rep3_2.1,824.4,16.5,10,46.058,40.24,7.695
18-3723_Rep3_2.2,906.3,16.5,10.5,45.478,39.354,7.506
18-3723_Rep3_2.3,948.9,18,10,46.725,41.168,7.759
18-3723_Rep3_5.1,611.2,16.5,8.5,45.455,38.164,5.066
18-3723_Rep3_5.2,646.6,15,9.5,46.937,40.498,6.745
18-3723_Rep3_5.3,493.5,14,8.5,43.806,37.88,6.506
18-3723_Rep3_5.4,646.9,15,9.5,47.799,40.849,6.56
18-3723_Rep3_5.5,671.7,17,9.5,43.732,37.784,5.536
18-3723_Rep3_5.6,576.4,14.5,9,45.629,39.82,6.764
18-3723_Rep3_3.1,814.4,17,9,45.642,39.603,7.422
18-3723_Rep3_3.2,703.2,15.5,9,45.039,39.013,6.086
18-3723_Rep3_3.3,749,16,9.5,45.465,39.881,7.081
18-3723_Rep3_3.4,596.9,17,9,42.015,36.146,5.134
18-3723_Rep3_3.5,657.8,15.5,10.5,42.039,36.113,5.192
18-3723_Rep3_3.6,801.2,15.5,10.5,45.436,39.121,5.141
18-3724_Rep1_6.1,559.1,13,10,43.478,37.33,4.369
18-3724_Rep1_6.2,803.6,15,10,45.148,38.071,4.152
18-3724_Rep1_6.3,457,12.5,9,42.934,36.264,4.814
18-3724_Rep1_6.4,568.7,14.5,8.5,42.788,35.623,3.769
18-3724_Rep1_6.5,575,15,9.5,44.663,38.071,4.608
18-3724_Rep1_6.6,566.6,15.5,8.5,42.449,35.898,4.183
18-3724_Rep1_1.1,706.2,16,9.5,45.999,40.275,6.393
18-3724_Rep1_1.2,411.4,13.5,8,31.837,28.809,7.914
18-3724_Rep1_4.1,688.3,15.5,10,43.012,36.621,4.204
18-3724_Rep1_4.2,543.6,14.5,9.5,41.967,35.509,4.486
18-3724_Rep1_4.3,340.9,14,7,38.947,31.877,3.256
18-3724_Rep1_4.4,552,14.5,9.5,41.156,34.424,4.206
18-3724_Rep1_2.1,620.7,16,9,46.011,39.884,6.431
18-3724_Rep1_2.2,535,16,9,45.023,38.837,5.98
18-3724_Rep1_2.3,346.7,14.5,8,41.195,34.22,3.871
18-3724_Rep1_2.4,564,16.5,9,44.615,37.824,4.422
18-3724_Rep1_2.5,535.3,16.5,8.5,48.125,42.425,9.327
18-3724_Rep1_2.6,407.3,15.5,8,38.952,31.929,3.323
18-3724_Rep1_3.1,282.9,14,7,41.92,36.228,6.353
18-3724_Rep1_3.2,519.7,17,8.5,43.894,37.131,5.679
18-3724_Rep1_3.3,403.7,14.5,7.5,41.427,34.348,5.93
18-3724_Rep1_3.4,475,14,8.5,47.424,41.262,8.116
18-3724_Rep1_3.5,427.9,14.5,8.5,50.07,44.724,9.335
18-3724_Rep1_3.6,436.1,14.5,8.5,43.246,36.569,6.348
18-3725_Rep2_09.1,554.4,14,9.5,36.303,29.968,3.253
18-3725_Rep2_09.2,556.4,11.5,10,39.147,32.978,3.754
18-3725_Rep2_13.1,547.4,15,9,35.999,28.707,3.054
18-3725_Rep2_13.2,412.7,13,7.5,36.703,28.938,2.836
18-3725_Rep2_13.3,402.8,14.5,8,35.254,27.324,2.892
18-3725_Rep2_11.1,405.2,11.5,8.5,39.472,32.849,3.597
18-3725_Rep2_11.2,597,13,9,41.684,35.296,4.612
18-3725_Rep2_11.3,558.3,13,9,38.071,31.622,3.787
18-3725_Rep2_11.4,424.2,12,8,41.039,34.111,3.641
18-3725_Rep2_11.5,597.5,12,9,40.927,34.556,4.038
18-3725_Rep2_11.6,461.5,11.5,9,38.946,32.54,3.763
18-3725_Rep2_14.1,286.1,14.5,6,40.357,33.413,3.524
18-3725_Rep2_14.2,405.7,13,8,41.224,34.412,3.534
18-3725_Rep2_14.3,448.4,14.5,8,41.615,34.279,3.449
18-3725_Rep2_14.4,388.3,13.5,8,40.862,33.791,3.605
18-3725_Rep2_14.5,318.2,12,8,39.271,32.63,3.209
18-3725_Rep2_14.6,430.6,13,8.5,41.19,34.049,3.52
18-3725_Rep2_16.1,366,12,7,40.4,33.476,4.866
18-3725_Rep2_16.2,285.3,11.5,6.5,37.031,30.358,3.135
18-3725_Rep2_16.3,449.7,13.5,7.5,38.072,30.636,3.375
18-3725_Rep2_16.4,410.2,13.5,7,39.938,33.828,5.194
18-3725_Rep2_17.1,463.1,12.5,9,37.925,31.35,3.898
18-3725_Rep2_17.2,426.9,12,9,39.525,32.311,3.424
18-3725_Rep2_18.1,310.2,10.5,7.5,40.61,33.018,3.753
18-3725_Rep2_18.2,553.7,15.5,8,37.083,29.588,3.095
18-3725_Rep2_18.3,620.8,14,9,37.41,30.702,5.678
18-3725_Rep2_19.1,501.2,13.5,9,37.957,30.993,3.578
18-3725_Rep2_19.2,587.7,13,9.5,37.544,30.982,4.169
18-3725_Rep2_19.3,496.4,12,9,38.435,31.924,3.731
18-3725_Rep2_19.4,372.4,11,7.5,38.327,31.401,3.856
18-3725_Rep2_19.5,497,13.5,8.5,39.012,32.523,3.781
18-3725_Rep2_19.6,349.9,11.5,7.5,39.305,32.063,3.662
18-3725_Rep2_20.1,709.9,15,9.5,39.651,32.154,3.465
18-3725_Rep2_20.2,559.5,13,9,38.748,31.657,3.342
18-3725_Rep2_20.3,511,13,9,37.353,30.341,3.181
18-3725_Rep2_1.1,503.8,12.5,9,37.979,31.07,2.965
18-3725_Rep2_1.2,349.7,12.5,7.5,34.349,26.519,2.937
18-3725_Rep2_1.3,520.8,13.5,8.5,37.674,30.951,3.571
18-3725_Rep2_1.4,392,12.5,7.5,41.017,34.209,3.992
18-3725_Rep2_2.1,358.9,13,7.5,38.012,31.418,3.797
18-3725_Rep2_2.2,347.2,11,7.5,35.846,28.62,3.233
18-3725_Rep2_2.3,472.8,14.5,8,35.817,28.771,2.951
18-3725_Rep2_2.4,298.2,12.5,6.5,34.503,26.787,2.52
18-3725_Rep2_10.1,534.5,14,8.5,35.595,29.066,3.186
18-3725_Rep2_10.2,525.1,14,9,37.212,30.819,3.757
18-3725_Rep2_10.3,822,16,9.5,40.349,33.142,3.618
18-3725_Rep2_10.4,630.6,15,9.5,38.252,31.799,3.859
18-3725_Rep2_10.5,768.5,15.5,9.5,39.061,32.013,3.708
18-3725_Rep2_10.6,609.4,14.5,8,41.07,34.298,5.056
18-3725_Rep2_6.1,590.5,14.5,9.5,36.245,29.825,3.426
18-3725_Rep2_6.2,437.6,12.5,8.5,36.796,29.93,3.348
18-3725_Rep2_6.3,613.2,14.5,9.5,38.489,31.415,3.474
18-3725_Rep2_6.4,379.3,13,8.5,35.629,29.141,3.388
18-3725_Rep2_6.5,645.5,15.5,10,40.477,33.582,3.43
18-3725_Rep2_6.6,517.1,14,9,38.896,31.752,3.163
18-3725_Rep2_12.1,610.2,12.5,9,44.367,37.834,6.341
18-3725_Rep2_12.2,432.9,12.5,8.5,37.092,30.279,3.373
18-3725_Rep2_12.3,421.8,11.5,9,38.988,32.708,4.441
18-3725_Rep2_12.4,651.2,13.5,9.5,37.553,30.661,3.235
18-3725_Rep2_12.5,610.1,13.5,9.5,42.738,36.7,6.235
18-3725_Rep2_12.6,529.4,12.5,9.5,36.661,31.185,4.385
18-3725_Rep2_8.1,659.6,13.5,9.5,37.897,31.179,3.417
18-3725_Rep2_8.2,426.4,12.5,8.5,38.086,30.966,3.571
18-3725_Rep2_8.3,471.5,13,8.5,38.022,31.053,3.549
18-3725_Rep2_8.4,477.9,13,8.5,37.684,30.473,3.15
18-3725_Rep2_8.5,584.2,13.5,9,40.543,33.729,3.859
18-3723_Rep2_12.1,604.6,16,9,37.81,31.332,3.824
18-3723_Rep2_12.2,643.2,16,9,36.969,30.54,3.524
18-3723_Rep2_12.3,598.6,17,9,37.994,31.572,3.819
18-3723_Rep2_12.4,278.2,12.5,6.5,34.644,28.45,3.187
18-3723_Rep2_12.5,330.4,14,7,35.906,28.948,3.996
18-3723_Rep2_12.6,626.8,15.5,9.5,40.686,34.586,4.174
18-3723_Rep2_13.1,493.1,15,8.5,36.559,29.741,3.266
18-3723_Rep2_13.2,550.2,15.5,9,39.441,32.743,3.752
18-3723_Rep2_13.3,643.3,15.5,9,39.019,32.538,3.9
18-3723_Rep2_13.4,694.9,16.5,10.5,38.085,32.706,4.652
18-3723_Rep2_14.1,779.6,14.5,10,40.209,32.927,3.666
18-3723_Rep2_14.2,898.1,15.5,11,38.521,31.741,3.895
18-3723_Rep2_14.3,720.6,15,9.5,38.866,32.018,3.757
18-3723_Rep2_14.4,835.6,14.5,10,35.881,29.526,3.731
18-3723_Rep2_14.5,525.1,13.5,9,39.324,32.699,4.203
18-3723_Rep2_14.6,680.7,14.5,9,38.005,31.086,3.484
18-3723_Rep2_16.1,868.3,17,9.5,37.603,30.083,2.833
18-3723_Rep2_16.2,746.4,15,10,38.2,31.122,3.347
18-3723_Rep2_16.3,651.5,16,9,38.211,30.846,3.062
18-3723_Rep2_16.4,640.8,16.5,9.5,39.051,31.894,3.446
18-3723_Rep2_17.1,825.4,17.5,10.5,36.238,28.814,3.61
18-3723_Rep2_17.2,490.3,13.5,8.5,38.123,30.516,3.491
18-3723_Rep2_17.3,1054.2,17.5,10.5,41.137,33.816,3.974
18-3723_Rep2_17.4,534.6,16,9,36.905,29.61,3.202
18-3723_Rep2_17.5,776.8,18,9,40.779,33.382,3.739
18-3723_Rep2_17.6,782.3,18,9.5,37.528,30.283,3.86
18-3723_Rep3_15.1,499.9,14,8.5,38.746,33.041,3.887
18-3723_Rep3_15.2,588.3,15.5,7,40.489,35.333,5.219
18-3723_Rep3_15.3,542.2,16,8,39.766,33.951,4.428
18-3723_Rep3_15.4,489.7,15,8,37.667,32.7,4.848
18-3723_Rep3_15.5,635.5,14.5,9,38.857,33.993,5.012
18-3723_Rep3_15.6,401.9,11,7.5,38.723,32.963,4.28
18-3723_Rep3_16.1,802,14.5,10,40.776,35.594,6.18
18-3723_Rep3_16.2,760.3,14.5,10,39.688,34.118,5.239
18-3723_Rep3_16.3,801.5,15.5,10,41.5,35.761,5.906
18-3723_Rep3_16.4,572.1,14.5,9,39.709,34.103,4.144
18-3723_Rep3_16.5,479.8,15,8.5,38.479,32.794,4.458
18-3723_Rep3_17.1,885.7,15.5,10.5,37.136,30.754,3.354
18-3723_Rep3_17.2,696.6,15,10,39.119,31.946,3.774
18-3723_Rep3_17.3,705.9,13.5,10.5,36.651,29.924,3.315
18-3723_Rep3_17.4,716.5,14,10,39.189,32.63,4.027
18-3723_Rep3_18.1,430,13.5,7.5,40.321,34.468,3.689
18-3723_Rep3_18.2,651.7,15.5,9,38.951,32.952,4.335
18-3723_Rep3_18.3,533.6,14,8.5,39.606,33.635,4.285
18-3723_Rep3_18.4,613.4,16.5,8,37.839,31.877,3.907
18-3723_Rep3_18.5,499.5,16,7,37.362,31.272,3.822
18-3723_Rep3_18.6,512.5,15,8.5,36.997,31.083,3.76
18-3723_Rep3_19.1,690.6,14,9,46.607,39.44,5.431
18-3723_Rep3_19.2,283.2,11.5,6,40.052,33.877,4.24
18-3723_Rep3_19.3,632.1,13.5,9,40.605,34.501,4.586
18-3723_Rep3_19.4,342.4,11,8,38.796,33.042,4.145
18-3723_Rep3_19.5,438.8,12,8.5,39.346,33.343,3.988
18-3723_Rep3_19.6,479.5,13.5,8.5,38.201,32.556,4.321
18-3723_Rep2_7.1,645.3,13.5,9.5,38.998,32.653,3.959
18-3723_Rep2_7.2,749,14.5,10,37.485,31.393,4.203
18-3723_Rep2_7.3,821.9,15,10.5,36.402,30.461,3.594
18-3723_Rep2_7.4,908.4,16.5,10,39.86,33.811,4.58
18-3723_Rep2_7.5,868.5,16,9.5,38.27,31.903,4.114
18-3723_Rep2_7.6,685.9,14,9.5,37.422,31.489,3.498
18-3723_Rep2_8.1,662.4,14,10,39.479,33.624,4.43
18-3723_Rep2_8.2,465.6,13.5,9,34.761,28.944,3.359
18-3723_Rep2_8.3,559.7,13.5,9,37.781,32.032,4.136
18-3723_Rep2_8.4,582.8,14.5,9,37.69,32.181,3.991
18-3723_Rep2_9.1,698.4,14,10,40.23,34.453,5.439
18-3723_Rep2_9.2,679.9,14.5,10,39.42,33.724,4.595
18-3723_Rep2_9.3,669.7,13,10.5,39.496,34.103,4.906
18-3723_Rep2_9.4,575.9,12.5,10,39.379,33.852,4.606
18-3723_Rep2_11.1,499.5,17,8,36.435,30.03,3.651
18-3723_Rep2_11.2,505.6,16,8.5,40.078,33.385,4.446
18-3723_Rep2_11.3,537.4,16.5,8.5,45.98,39.5,7.257
18-3723_Rep2_11.4,500.1,16,8,37.588,30.703,3.775
18-3723_Rep2_11.5,525,16.5,8.5,44.293,37.119,5.757
18-3723_Rep2_11.6,486.9,16.5,8.5,38.655,31.999,4.027
18-3725_Rep3_1.1,463.6,13.5,8,35.058,28.002,3.022
18-3725_Rep3_4.1,398.5,12.5,8,40.235,33.464,3.645
18-3725_Rep3_4.2,417.9,13.5,8,37.654,31.055,3.399
18-3725_Rep3_4.3,510.4,12.5,9,36.252,30.037,3.393
18-3725_Rep3_4.4,437.5,13.5,8,37.136,30.571,3.212
18-3725_Rep3_4.5,568.4,13.5,9,37.359,30.796,3.423
18-3725_Rep3_4.6,442.4,13.5,8,38.486,31.605,3.347
18-3725_Rep3_5.1,568.6,15.5,9,34.224,28.427,3.243
18-3725_Rep3_5.2,363.4,14,8,33.954,27.09,2.982
18-3725_Rep3_5.3,318.9,13,7.5,34.141,27.333,2.818
18-3725_Rep3_5.4,482.3,15.5,8,35.766,28.901,3.271
18-3725_Rep3_5.5,463.4,14.5,8.5,36.098,29.297,3.004
18-3725_Rep3_6.1,394.1,13.5,7,33.789,26.83,2.741
18-3725_Rep3_6.2,470.6,11.5,8.5,39.645,33.096,3.657
18-3725_Rep3_6.3,393.7,10.5,8.5,36.598,30.437,3.424
18-3725_Rep3_6.4,365.3,11,8,37.171,30.563,3.383
18-3725_Rep3_7.1,432.5,11,8.5,38.191,31.625,3.705
18-3725_Rep3_7.2,304.9,11.5,7.5,40.716,34.659,4.425
18-3725_Rep3_7.3,397.7,11.5,8.5,38.485,31.557,3.69
18-3725_Rep3_7.4,284.1,9.5,7,37.024,30.573,3.449
18-3725_Rep3_8.1,653.1,14,8.5,39.749,32.196,3.446
18-3725_Rep3_8.2,627.8,12,9.5,42.057,35.617,5.555
18-3725_Rep3_8.3,316.4,11,6.5,37.026,29.939,3.758
18-3725_Rep3_8.4,296.2,10.5,7.5,39.346,32.892,3.13
18-3725_Rep3_8.5,167.1,9,6,39.193,32.213,3.152
18-3725_Rep3_8.6,489.9,13,8,42.787,35.464,4.918
18-3725_Rep3_9.1,465.6,12,9,40.94,34.076,4.014
18-3725_Rep3_9.2,734.4,15,10.5,39.692,32.874,3.539
18-3725_Rep3_9.3,617.2,12.5,9.5,41.369,34.688,3.981
18-3725_Rep3_9.4,562.3,13,9.5,39.975,32.955,3.526
18-3725_Rep3_9.5,555.4,12.5,10,40.039,33.014,3.395
18-3725_Rep3_10.1,425.5,13,7.5,36.435,30.561,4.764
18-3725_Rep3_10.2,439.2,12,8.5,38.55,31.978,4.07
18-3725_Rep3_10.3,535.2,13,9,39.838,32.38,4.169
18-3725_Rep3_10.4,510.8,11,9,39.616,33.349,3.949
18-3725_Rep3_10.5,529.9,12.5,9,38.795,32.593,3.887
18-3725_Rep3_10.6,273,11,7,38.591,32.172,4.197
18-3724_Rep1_9.1,786.9,17,10,37.969,31.422,3.712
18-3724_Rep1_9.2,486.7,14.5,8.5,38.644,31.492,3.163
18-3724_Rep1_9.3,626.9,15,9,41.117,34.914,4.144
18-3724_Rep1_9.4,834,15,10,44.052,37.823,5.029
18-3724_Rep1_11.1,539.7,14.5,9,39.078,31.26,3.088
18-3724_Rep1_11.2,594.7,14.5,9,41.481,33.281,3.646
18-3724_Rep1_11.3,624.7,14,9.5,40.306,32.815,3.664
18-3724_Rep1_11.4,651.9,13,9.5,41.028,33.884,4.198
18-3724_Rep1_12.1,368,15.5,7.5,41.185,34.514,4.548
18-3724_Rep1_12.2,355.2,14.5,7.5,41.801,36.88,4.757
18-3724_Rep1_12.3,770.1,18.5,9,40.466,34.235,5.012
18-3724_Rep1_12.4,193.1,11.5,5.5,41.496,35.346,5.83
18-3724_Rep1_13.1,421.5,14,8,40.611,33.5,3.751
18-3724_Rep1_13.2,301.5,10.5,7,43.649,37.079,4.846
18-3724_Rep1_13.3,542.9,13,8.5,42.032,35.991,4.576
18-3724_Rep1_13.4,758.7,13,10.5,44.141,39.193,7.614
18-3724_Rep1_13.5,500.7,12.5,9,39.667,34.136,4.553
18-3724_Rep1_13.6,716.3,13.5,9.5,42.807,36.852,5.118
18-3724_Rep1_14.1,521.7,16,8,37.271,30.786,3.581
18-3724_Rep1_14.2,479.5,15.5,8.5,37.843,31.993,4.074
18-3724_Rep1_14.3,495.7,15.5,8,38.652,32.699,3.843
18-3724_Rep1_14.4,291.8,14,7,36.753,31.131,4.381
18-3728_Rep1_1.1,766,17,9.5,39.88,33.189,3.752
18-3728_Rep1_1.2,646,17,9,42.777,37.24,6.951
18-3728_Rep1_1.3,883.9,16.5,10,40.873,34.167,3.947
18-3728_Rep1_1.4,723.1,17,9.5,41.532,35.229,4.365
18-3728_Rep1_2.1,650.6,14,9.5,38.297,31.444,3.727
18-3728_Rep1_2.2,587,14,9,39.307,32.468,4.07
18-3728_Rep1_3.1,789.9,17.5,9.5,38.647,31.703,3.695
18-3728_Rep1_3.2,556.2,14.5,8.5,33.549,27.328,3.163
18-3728_Rep1_3.3,587.5,15.5,8.5,37.431,30.35,3.269
18-3728_Rep1_3.4,867.6,17.5,10,36.667,29.868,3.428
18-3728_Rep1_3.5,882.3,17,10,36.77,29.843,3.481
18-3728_Rep1_3.6,777.8,16,10,37.895,31.562,3.589
18-3728_Rep1_4.1,790.3,17.5,9.5,46.928,40.51,7.542
18-3728_Rep1_4.2,900.6,17.5,10,43.449,35.956,5.131
18-3728_Rep1_4.3,867.3,17,10.5,43.558,37.29,5.534
18-3728_Rep1_4.4,676.5,17,9,45.404,39.129,7.67
18-3728_Rep1_4.5,853.7,17,10,43.778,37.083,5.092
18-3728_Rep1_4.6,855.8,18.5,9.5,42.856,35.762,5.002
18-3728_Rep1_5.1,879.5,16,10.5,45.982,39.386,5.931
18-3728_Rep1_5.2,775.9,16.5,10,47.138,40.673,7.192
18-3728_Rep1_5.3,899.4,17,10.5,48.433,42.502,8.594
18-3728_Rep1_5.4,876.6,16.5,10.5,46.546,40.515,7.094
18-3728_Rep1_5.5,731.9,16,9.5,43.251,37.237,6.702
18-3728_Rep1_5.6,719.1,17,10,43.323,36.711,5.706
18-3726_Rep1_1.1,338.9,11,8.5,50.332,44.955,10.004
18-3726_Rep1_1.2,372.5,11.5,8.5,41.694,36.586,7.495
18-3726_Rep1_2.1,285.7,11,8,40.76,36.188,7.685
18-3726_Rep1_2.2,355,12,7,40.84,35.297,6.353
18-3726_Rep1_2.3,582.6,13,9.5,42.771,36.76,5.494
18-3726_Rep1_2.4,613.6,12.5,9.5,39.505,33.459,4.423
18-3726_Rep1_2.5,324.7,11,8,42.603,37.29,7.032
18-3726_Rep1_2.6,635.9,13,10,47.462,42.091,8.94
18-3726_Rep1_3.1,541.6,12.5,8.5,47.005,41.478,8.564
18-3726_Rep1_3.2,489.4,12.5,8,42.884,36.84,5.701
18-3726_Rep1_3.3,390.2,12,7.5,39.185,33.316,4.989
18-3726_Rep1_4.1,428.9,14,8,43.694,38.222,6.574
18-3726_Rep1_4.2,531.6,13.5,8.5,34.766,29.202,3.917
18-3726_Rep1_4.3,392.4,13,8,40.053,33.849,5.009
18-3726_Rep1_4.4,362.5,11,8,42.422,36.947,6.595
18-3726_Rep1_4.5,416,11.5,8,44.634,38.861,7.153
18-3726_Rep1_4.6,187.7,11,5,39.392,32.877,4.644
18-3726_Rep1_5.1,660.3,14.5,9,42.936,37.196,6.105
18-3726_Rep1_5.2,357,12.5,7.5,39.529,33.278,4.751
