FruitID,Gid,Weight,Length,Width,Brix,DM,L,a,b
GS3.1_9.01,GS3.1_9,1046.8,16,10.5,10.5,14,64.9,26.3,71.4
GS3.1_9.02,GS3.1_9,940.6,15.5,10,10.3,14.7,63.8,24,69.9
GS3.1_9.03,GS3.1_9,849,14.5,9.5,11.3,15,64.7,24.7,68.4
GS3.1_9.04,GS3.1_9,818.3,15.5,9.5,10.7,15.6,63.6,21.3,68.4
GS3.1_174.01,GS3.1_174,727,17,9.5,11,16.2,63.1,23.4,73.3
GS3.1_174.02,GS3.1_174,849.4,18,10.5,10.8,12.2,63.4,23.3,71.5
GS3.1_174.03,GS3.1_174,874.9,17,10,10,14.8,63.2,24.6,72.2
GS3.1_174.04,GS3.1_174,595.6,17,9.5,11.1,15.5,62.3,24.9,72.7
GS3.1_174.05,GS3.1_174,726.3,17,9,10.5,14.2,63.4,24.2,74.1
GS3.1_41.01,GS3.1_41,870.6,15,10.5,9.7,11.4,66,23.5,66.8
GS3.1_41.02,GS3.1_41,982.7,16.5,11,8.6,10.5,65.7,23.7,70.3
GS3.1_41.03,GS3.1_41,1094.3,17.5,11,9.4,11.1,67.5,23.4,68.1
GS3.1_41.04,GS3.1_41,835.4,14.5,10.5,9.1,10.8,67.2,22.4,66.6
GS3.1_120.01,GS3.1_120,840.9,17.5,9.5,13.3,15.9,65.1,21.1,62.8
GS3.1_120.02,GS3.1_120,936.8,18.5,10,11.4,16.2,66.5,20.8,69
GS3.1_120.03,GS3.1_120,1039.6,19,11,11.7,15.8,63.8,24.5,71.4
GS3.1_120.04,GS3.1_120,627.3,15,9,12.4,15.3,65.7,22.9,70.2
GS3.1_120.05,GS3.1_120,865.5,16.5,9.5,11.3,18.7,67.4,23.8,74.2
GS3.1_120.06,GS3.1_120,1028.5,20.5,10.5,8.7,16,63,23.8,71.5
GS3.1_65.01,GS3.1_65,585.6,15,9,7.3,10.3,70.5,18.8,64.4
GS3.1_65.02,GS3.1_65,574.4,16,8.5,10,14.2,68.7,17.8,65.4
GS3.1_65.03,GS3.1_65,513.9,14,8,10.5,15.6,69.6,18.6,68.1
GS3.1_65.04,GS3.1_65,713.7,16,9,9.2,12.1,70.2,16.3,64.2
GS3.1_65.05,GS3.1_65,548.5,15,9,10,15.4,68.5,17,66.8
GS3.1_65.06,GS3.1_65,568.8,14,8.5,12.3,15.6,68.4,20.3,67.8
GS3.1_122.01,GS3.1_122,653.8,13.5,9,12.1,14.4,66.8,24.1,72.8
GS3.1_122.02,GS3.1_122,781.6,14,10,10.5,13,65.7,24.2,73.8
GS3.1_122.03,GS3.1_122,603.9,13.5,9,11.2,12.8,66.4,21,69.3
GS3.1_122.04,GS3.1_122,764.3,12,10,11.6,15.9,66.9,21.1,70.5
GS3.1_122.05,GS3.1_122,855.8,14,10,11,16.1,66.5,24.3,74.2
GS3.1_122.06,GS3.1_122,803.3,15.5,9.5,10.3,14.8,64.8,21.7,68.8
GS3.1_4.01,GS3.1_4,732.4,15.5,8.5,11.7,15,63.9,27,74.6
GS3.1_4.02,GS3.1_4,704.7,15,9.5,12,13.3,62.2,26.5,73.9
GS3.1_4.03,GS3.1_4,849.2,15.5,9.5,12.9,15.6,66.5,25.2,72.2
GS3.1_4.04,GS3.1_4,879.1,15.5,9.5,11.4,13.4,65,24.7,73.2
GS3.1_4.05,GS3.1_4,726.7,15,9,11.2,14,63,25.2,74.2
GS3.1_4.06,GS3.1_4,883.9,16,10,10.6,13.6,64.1,25.2,73.6
GS3.1_136.01,GS3.1_136,849.4,15,10.5,10.2,12.1,67.8,23.6,67.2
GS3.1_136.02,GS3.1_136,900.4,14,10.5,10.6,12.8,68.9,22.6,70
GS3.1_136.03,GS3.1_136,942.9,14,10.5,10.3,10.9,70.4,21.7,62.6
GS3.1_136.04,GS3.1_136,682.1,13.5,10,12.1,14,68.3,22.7,63.9
GS3.1_136.05,GS3.1_136,853.1,14.5,9.5,10.8,12.7,67.5,22.3,67.9
GS3.1_136.06,GS3.1_136,688.6,13,10,10.3,11.8,68.2,21.9,61.2
GS3.1_42.01,GS3.1_42,850.9,14,10.5,11,14.5,68.3,21.2,67
GS3.1_42.02,GS3.1_42,1097.1,15.5,11,10.4,13.6,67,21.9,71.6
GS3.1_42.03,GS3.1_42,1250.4,15.5,11,11.4,12.4,65.5,22.8,71.2
GS3.1_42.04,GS3.1_42,1213.1,15.5,11,12.1,14.5,65.5,24,70.3
GS3.1_42.05,GS3.1_42,926.7,15,10.5,10.1,12.8,67.4,21.9,74.5
GS3.1_42.06,GS3.1_42,743.5,13,10.5,10.2,13.2,68.4,18.4,67.3
GS3.1_139.01,GS3.1_139,471.7,13.5,9,10.8,12.1,67.3,20.3,70.1
GS3.1_139.02,GS3.1_139,752.8,17,9.5,11.1,12.7,67.5,20.6,70.2
GS3.1_139.03,GS3.1_139,665.6,15,8.5,10.9,12.7,68.1,20.2,67.5
GS3.1_139.04,GS3.1_139,814.8,18.5,10,11.1,11.9,69.4,20.5,69.2
GS3.1_139.05,GS3.1_139,607.7,15,9,11.6,12.8,66.1,21.6,70.9
GS3.1_182.01,GS3.1_182,827.3,16.5,10,9.9,14.4,67.8,23,74.6
GS3.1_182.02,GS3.1_182,1111.2,16.5,11.5,7.6,14.6,66.2,23.1,72.5
GS3.1_182.03,GS3.1_182,896.7,15.5,11,10.9,16.1,67.1,20.6,73.1
GS3.1_182.04,GS3.1_182,927,16,10.5,12.4,18.9,67.3,23.9,74.8
GS3.1_182.05,GS3.1_182,835.1,16.5,10.5,8.3,12.4,65.3,21,71.8
GS3.1_182.06,GS3.1_182,883.6,16,10.5,9.7,13.8,67.4,21.8,72.9
GS3.1_63.01,GS3.1_63,1085.6,19.5,10.5,11.2,15.2,66.2,22.1,70.9
GS3.1_63.02,GS3.1_63,1005,19,10.5,10.8,14.5,67.2,24.2,73.3
GS3.1_63.03,GS3.1_63,1012.6,18.5,11,10.1,17.5,68.8,22,76.4
GS3.1_63.04,GS3.1_63,1160.7,18.5,11,10.4,17,71.1,19.2,72.1
GS3.1_63.05,GS3.1_63,556.3,16.5,9.5,11.5,19.2,70.2,22,72.9
GS3.1_63.06,GS3.1_63,981.6,20.5,10,10.4,15.7,67.4,23.4,75.8
GS3.1_47.01,GS3.1_47,900.1,16,9.5,9.4,11,69,18.6,61.1
GS3.1_47.02,GS3.1_47,733.7,16,10,8.8,10.9,68,18.8,60.1
GS3.1_47.03,GS3.1_47,819.2,16,9.5,9.7,11.2,68.3,17.6,60.3
GS3.1_6.01,GS3.1_6,772.4,17.5,9,10.4,11.2,65.8,23.4,68
GS3.1_6.02,GS3.1_6,877,18,10,9.9,11.9,65.2,22.7,68.5
GS3.1_6.03,GS3.1_6,1035,20,10.5,10.5,12.5,64.2,24.5,70.3
GS3.1_6.04,GS3.1_6,1294.6,19,11,8.7,9.9,66.4,22.2,65.9
GS3.1_6.05,GS3.1_6,1167.3,18.5,10.5,10.3,11.4,64.5,24,71
GS3.1_6.06,GS3.1_6,724.4,15,9.5,9.5,12,66,23.7,67.9
GS3.1_148.01,GS3.1_148,471.2,16,8.5,7,7.3,71.4,17.2,52.6
GS3.1_148.02,GS3.1_148,565.3,15,9.5,8.5,8.7,67.1,20.6,66.6
GS3.1_148.03,GS3.1_148,441.4,14.5,8,7.2,8.3,67.1,21.9,62.4
GS3.1_148.04,GS3.1_148,577.4,17,9,6.4,7.1,70.7,17.4,56.1
GS3.1_148.05,GS3.1_148,747.5,16.5,9.5,6.7,7.8,70.3,17.8,62.3
GS3.1_148.06,GS3.1_148,391.4,13.5,8,6.7,7.1,70.8,18.1,55.3
GS3.1_99.01,GS3.1_99,813.1,13.5,10.5,11,13.1,66.8,23.2,77.1
GS3.1_99.02,GS3.1_99,964.8,14.5,10,12.7,15.5,66.3,23.5,75.2
GS3.1_99.03,GS3.1_99,828.1,12.5,10.5,9.7,12.9,68.2,22.9,76.1
GS3.1_99.04,GS3.1_99,933.6,13.5,10.5,10.5,12.8,67.3,22,75.3
GS3.1_134.01,GS3.1_134,820.1,15.5,9,10.5,12.8,65.7,21.7,75.2
GS3.1_134.02,GS3.1_134,976.3,15.5,10.5,10.6,12.3,67.5,21.3,72
GS3.1_134.03,GS3.1_134,1222.8,18,11,10.9,14.3,66,19.8,73.5
GS3.1_134.04,GS3.1_134,787.5,16,10,11.5,15,65.9,21.1,71.8
GS3.1_39.01,GS3.1_39,769.3,14,10.5,9.6,10.6,67.3,22,68
GS3.1_39.02,GS3.1_39,849.3,16,10,8.8,8.5,68.7,21.8,65.9
GS3.1_39.03,GS3.1_39,623,17,9,10.1,11.1,64.7,24,71.4
GS3.1_39.04,GS3.1_39,535.9,13.5,8,11.7,12.5,63,27.1,72.5
GS3.1_38.01,GS3.1_38,1444.9,17.5,11.5,12.3,14.8,67.7,24.4,74
GS3.1_38.02,GS3.1_38,870.1,15.5,10,12.4,14.1,67.6,22.1,74.3
GS3.1_38.03,GS3.1_38,825.6,14,10.5,12.1,14.3,69.8,21.1,73.5
GS3.1_38.04,GS3.1_38,608.7,12.5,9.5,12.4,15.7,69.7,20.3,73.9
GS3.1_43.03,GS3.1_43,653.2,15.5,9,9.5,10.5,66.1,22.8,69.9
GS3.1_43.02,GS3.1_43,976.3,19,10,9.8,10.2,66.6,23.7,68.5
GS3.1_43.01,GS3.1_43,978.8,18.5,9.5,10.7,11.2,66.4,23.4,66.3
GS3.1_127.01,GS3.1_127,900.5,18,10.5,11.9,15.4,65.3,25.3,69.7
GS3.1_127.02,GS3.1_127,850.3,16.5,10.5,11.5,13.6,67,22.5,67.6
GS3.1_127.03,GS3.1_127,1186.2,18,11.5,11.1,13.4,69.6,23,69.7
GS3.1_112.01,GS3.1_112,750.3,15,9.5,9.9,14.2,67.9,21.4,71.8
GS3.1_112.02,GS3.1_112,808,14.5,9.5,11.6,12.5,69.1,20.8,64.9
GS3.1_112.03,GS3.1_112,707.2,14.5,10,9.4,13.1,68.4,17.6,65.5
GS3.1_112.04,GS3.1_112,723.7,14,9,11.7,14.7,68.5,19.9,66.8
GS3.1_112.05,GS3.1_112,514.3,15,8.5,11.9,14.9,65.6,23.6,71.6
GS3.1_112.06,GS3.1_112,768.9,15,9,11,12.3,67.9,21.5,67.7
GS3.1_90.01,GS3.1_90,672.8,15,10,10.1,14,67.2,20.3,65.3
GS3.1_90.02,GS3.1_90,585.2,15.5,9,9.2,13.5,69.3,21.4,65.3
GS3.1_36.01,GS3.1_36,632.9,14.5,9.5,12.1,17.9,62.5,24.5,71
GS3.1_36.02,GS3.1_36,800.4,14.5,10.5,12,16.5,63.4,22,69.5
GS3.1_36.03,GS3.1_36,795.5,14.5,9.5,11.4,14.1,63.8,25.6,68.8
GS3.1_36.04,GS3.1_36,691.4,14.5,9,12.7,16.9,63.9,25.7,72.6
GS3.1_36.05,GS3.1_36,798.9,14.5,9.5,11.9,14.2,61.8,24.5,69.5
GS3.1_36.06,GS3.1_36,897,15,11,11.6,15.6,65.3,24.5,72
GS3.1_1.01,GS3.1_1,962.3,21,10,9.7,10.7,64,24.3,72.4
GS3.1_1.02,GS3.1_1,621.9,19,9,10.8,14.3,66,24.7,73.1
GS3.1_1.03,GS3.1_1,719,16.5,9,9.2,11.6,65.5,23.7,72.4
GS3.1_1.04,GS3.1_1,928.2,19,10,9.7,12,66.2,22.6,69.3
GS3.1_3.01,GS3.1_3,983.9,15.5,11,9.7,14,68.1,20.8,70.8
GS3.1_3.02,GS3.1_3,739.8,14.5,10,8.4,11.4,70.1,19.4,66.4
GS3.1_3.03,GS3.1_3,826.6,15.5,10.5,10.2,12.3,68.7,18.3,65.4
GS3.1_3.04,GS3.1_3,554.2,13.5,8.5,10.1,12.4,66.9,20.6,70.5
GS3.1_3.05,GS3.1_3,857.3,16,10,9.5,10.5,68,19.6,68.4
GS3.1_3.06,GS3.1_3,735.9,16.5,9.5,10,11.6,69.5,18.6,63.3
GS3.1_113.01,GS3.1_113,970.9,16.5,11,10.7,14.1,65.7,22.9,70.3
GS3.1_113.02,GS3.1_113,1100.1,16,11.5,10.9,15.8,68.9,22.3,73.5
GS3.1_113.03,GS3.1_113,707.5,16,9.5,11.7,12.5,67,23.5,70.8
GS3.1_113.04,GS3.1_113,728,15,10,11.5,16.6,70.5,20.5,68.2
GS3.1_113.05,GS3.1_113,624.9,14.5,9,10.9,14.9,66.8,22.9,68.7
GS3.1_113.06,GS3.1_113,576,14,9.5,11.4,14.9,69,21.5,66.4
GS3.1_95.01,GS3.1_95,678.6,15.5,9,10.6,12.5,70.2,18.7,66.4
GS3.1_95.02,GS3.1_95,1088.6,17.5,11,10.6,11.7,69.2,18,65.5
GS3.1_145.01,GS3.1_145,975.1,15.5,10.5,8.8,9.1,70.3,20.2,63.3
GS3.1_145.02,GS3.1_145,566,13,9,10.9,13.8,67.3,21.5,68.9
GS3.1_145.03,GS3.1_145,611.8,15,9,8.4,10.6,67.4,22.2,69.7
GS3.1_145.04,GS3.1_145,704.1,16,9.5,11.5,15.3,65.8,22.2,72.5
GS3.1_145.05,GS3.1_145,422.9,12.5,8.5,10.2,12.3,67.3,20.3,69.7
GS3.1_145.06,GS3.1_145,681.6,14.5,10,10,10.3,66.2,21.7,65.8
GS3.1_88.01,GS3.1_88,861.7,16,11,11.7,15.8,64.3,23,73.9
GS3.1_88.02,GS3.1_88,1275.7,16.5,11.5,10.9,14.6,66.7,22.5,73.7
GS3.1_88.03,GS3.1_88,623,14,9.5,11.3,15.3,60.8,21.8,69.7
GS3.1_88.04,GS3.1_88,839,14.5,10.5,11.5,14.7,64.5,23.4,69.7
GS3.1_88.05,GS3.1_88,709.3,14.5,9.5,11.8,15.8,65.7,21.3,71.2
GS3.1_88.06,GS3.1_88,889.5,15,11,11,16.5,65.5,23.3,73.5
GS3.1_37.01,GS3.1_37,1379.2,18,12,9.8,11.3,66.3,23.7,71.5
GS3.1_37.02,GS3.1_37,1229.2,18.5,12,9.9,12.1,66.9,22.7,73.4
GS3.1_37.03,GS3.1_37,1276.2,18,12,10.2,13.1,67.2,22,74.4
GS3.1_94.01,GS3.1_94,734.2,16.5,10,10.9,12,69.9,21.2,63
GS3.1_94.02,GS3.1_94,606.7,15,9,9.8,10.5,69.5,21.8,62.3
GS3.1_94.03,GS3.1_94,434.7,14,8.5,10.3,11.7,65.5,24.4,68.2
GS3.1_45.01,GS3.1_45,1112.8,17.5,10.5,12.9,16.5,69.1,24,71
GS3.1_45.02,GS3.1_45,1061.1,16,11,11.7,13.8,64.4,26.5,74.3
GS3.1_45.03,GS3.1_45,897,15.5,10,13.7,15.6,68.2,24.5,68.6
GS3.1_45.04,GS3.1_45,885.9,15.5,9.5,12.1,17,67.8,22.5,69.6
GS3.1_45.05,GS3.1_45,936.6,16,9.5,12.5,15.6,67.1,22.3,65.1
GS3.1_149.01,GS3.1_149,894.5,18.5,10,12.5,17.6,66.1,24.9,72.1
GS3.1_149.02,GS3.1_149,584.9,18.5,9,13.1,15.3,61.7,28.3,73.7
GS3.1_149.03,GS3.1_149,929.2,19,10.5,12,16.5,65.9,27,74
GS3.1_149.04,GS3.1_149,912.2,19,9.5,11.2,16.6,65.7,24.7,76
GS3.1_149.05,GS3.1_149,737.6,18,9,12,17.1,65.1,26.4,75.2
GS3.1_149.06,GS3.1_149,1020.8,19.5,10.5,12,15.6,65.1,26,74.1
GS3.1_54.01,GS3.1_54,737.7,12.5,10,11.1,15,68.9,19.9,73.4
GS3.1_54.02,GS3.1_54,574.6,13,9,12.3,13.6,67.1,21.3,73
GS3.1_54.03,GS3.1_54,589.9,12,10,11,11.3,67.4,20.6,67.7
GS3.1_54.05,GS3.1_54,637.2,14,7.5,11.7,12.8,67.5,20.1,67.2
GS3.1_54.06,GS3.1_54,645,12.5,9,10.9,14.9,67.9,21.1,75.8
GS3.1_13.01,GS3.1_13,750.8,14.5,9.5,10.8,12.7,65.3,23.9,69.3
GS3.1_13.02,GS3.1_13,980.7,15.5,9.5,12.5,15.1,65.1,23.7,73.3
GS3.1_13.03,GS3.1_13,776.3,14,10.5,12.5,15.4,67.1,26.2,68
GS3.1_13.04,GS3.1_13,600.6,12.5,9.5,13.4,18.5,66.6,25,71.9
GS3.1_13.05,GS3.1_13,918.7,15.5,10,12.9,15.5,67.1,26.5,66.3
GS3.1_13.06,GS3.1_13,600.4,13.5,8.5,13.8,15.2,66.9,25.2,67.5
GS3.1_190.1,GS3.1_190,987,16,10.5,11.6,15.8,64.4,25.2,74.4
GS3.1_190.2,GS3.1_190,761.4,16.5,10,11.6,15.4,66.8,24.2,76.1
GS3.1_190.3,GS3.1_190,1391.8,18,11,11.2,14.8,69.6,24.7,78.2
GS3.1_190.4,GS3.1_190,1116.5,18,11,11.8,15.5,65.4,27,76.1
GS3.1_12.01,GS3.1_12,380.9,14.5,7,7.8,9.4,65.4,27,63.3
GS3.1_12.02,GS3.1_12,421.2,13.5,8.5,9.5,11.1,68.2,25.6,60.3
GS3.1_12.03,GS3.1_12,583,15.5,8.5,9.2,10.1,67.1,26,65.4
GS3.1_12.04,GS3.1_12,430.1,13,8.5,8.4,10.1,68.1,24.7,64.1
GS3.1_101.01,GS3.1_101,1030.3,16,11,10.4,11.1,70.4,20,71.9
GS3.1_101.02,GS3.1_101,700.3,15,9.5,9.7,12,68.9,20.2,74.9
GS3.1_101.03,GS3.1_101,869.3,16.5,9.5,10.3,11.5,67.6,22,73.3
GS3.1_101.04,GS3.1_101,847.6,14.5,10,10.9,13.5,68.9,20.6,75.1
GS3.1_101.05,GS3.1_101,745.1,15.5,9.5,11,13.3,68.3,21.7,76.8
GS3.1_101.06,GS3.1_101,1013.5,16.5,11,8.7,11.3,70.4,19.6,71.8
GS3.1_2.01,GS3.1_2,1110.9,17.5,11,10.5,12.7,64.3,24,73.7
GS3.1_2.02,GS3.1_2,1055.3,16.5,10.5,12.1,13.4,66.5,22.6,73.8
GS3.1_2.03,GS3.1_2,848.3,13.5,10.5,12.1,15.3,65.2,22.8,74
GS3.1_2.04,GS3.1_2,723.7,14,10,11,14.5,62.2,22.6,67.8
GS3.1_2.05,GS3.1_2,1011.9,14.5,10.5,10.7,13.3,65.9,23.4,74
GS3.1_2.06,GS3.1_2,727.2,15,9.5,11.8,14.6,63.7,21.8,70.7
GS3.1_186.01,GS3.1_186,1046.7,16.5,11,9.4,10.4,71.1,20.5,67.5
GS3.1_186.02,GS3.1_186,881.4,15.5,10.5,9.2,10,68.9,22.3,70.2
GS3.1_186.03,GS3.1_186,975.1,14,11.5,10.1,13.1,68.3,23.5,72.5
GS3.1_186.04,GS3.1_186,909.4,16,10.5,9.9,12.7,66.7,26,68.7
GS3.1_186.05,GS3.1_186,868.9,16.5,11,11.3,11.8,68,20.9,69.9
GS3.1_186.06,GS3.1_186,786.2,16,9.5,10.3,11.8,68.6,23.1,71.1
GS3.1_188.01,GS3.1_188,1031.3,18.5,10.5,9.5,10.5,63.8,21,66.9
GS3.1_188.02,GS3.1_188,856.6,16,10.5,10.1,12,64.8,22.9,69.6
GS3.1_188.03,GS3.1_188,741.2,14.5,9.5,10.7,12.8,66.3,25.7,70.9
GS3.1_188.04,GS3.1_188,660.2,16,9.5,10.3,11.3,65.6,23.6,70.7
GS3.1_188.05,GS3.1_188,1009.6,16.5,10.5,8.5,10.5,66.6,19.7,68.9
GS3.1_188.06,GS3.1_188,777.2,15.5,9.5,8.9,9.9,70.6,19.4,62.1
GS3.1_184.01,GS3.1_184,981,21,10,12.4,13.5,62.2,25.3,64.1
GS3.1_184.02,GS3.1_184,1213.2,24,10,12.2,14.5,65.2,25.6,68.5
GS3.1_184.03,GS3.1_184,767.7,17.5,9.5,12.7,13.9,64.2,24.7,64.5
GS3.1_184.04,GS3.1_184,1160.4,22,10.5,11.3,14.9,67.3,25.3,66.4
GS3.1_184.05,GS3.1_184,976.7,21,10,12,16.4,63.1,25.6,71
GS3.1_184.06,GS3.1_184,778.4,19.5,9.5,13.2,14.3,64.9,27.3,69.3
GS3.1_104.01,GS3.1_104,884.9,15.5,10,12.2,15.1,65,24.7,71
GS3.1_104.02,GS3.1_104,679.1,15.5,9,12.4,16.4,66.9,25.7,79.9
GS3.1_104.03,GS3.1_104,864.8,15.5,9,15.6,13.3,65.8,24,74.4
GS3.1_104.04,GS3.1_104,942.6,15.5,10.5,11.3,18,68.6,21.6,75.4
GS3.1_104.05,GS3.1_104,1002.2,17,10,11.1,13.6,65.3,25.2,73.6
GS3.1_104.06,GS3.1_104,807.1,15,9.5,13.3,NA,65.4,23.6,75.9
GS3.1_110.01,GS3.1_110,827,14.5,10,11.5,13.8,63.5,26.2,72.9
GS3.1_110.02,GS3.1_110,775.3,12.5,10.5,13.6,17.2,67.1,24.9,73.3
GS3.1_110.03,GS3.1_110,938.3,16,10.5,11.7,15.6,64.9,22.1,73
GS3.1_110.04,GS3.1_110,706.9,14,9.5,11.9,15.1,65.7,22,69.4
GS3.1_110.05,GS3.1_110,925.2,14,11,11.1,13.3,65.8,21.6,71.9
GS3.1_110.06,GS3.1_110,880.2,14.5,10,11.8,15.6,67.2,21.7,71.2
GS3.1_49.01,GS3.1_49,643.7,13,10.5,10,11.6,71.3,17.8,64.9
GS3.1_49.02,GS3.1_49,826.5,15.5,9.5,9.6,10,71,18.3,62
GS3.1_49.03,GS3.1_49,759.2,15,10.5,9.5,10.1,71.4,19.4,61.6
GS3.1_49.04,GS3.1_49,568.6,14,9.5,4.4,10.5,66,23.6,71.2
GS3.1_180.01,GS3.1_180,883.2,19.5,10.5,10.8,12.6,64.3,23.5,69.2
GS3.1_180.02,GS3.1_180,846.6,20,10,11.2,14.2,62.4,26.7,71.9
GS3.1_180.03,GS3.1_180,1174.5,20,11.5,11.9,17.2,63.7,24.7,73.3
GS3.1_180.04,GS3.1_180,786.3,18,10,11.6,15.7,64.1,24.1,71.8
GS3.1_180.05,GS3.1_180,921.3,20,10.5,11.1,15.3,64.9,23.7,72.1
GS3.1_180.06,GS3.1_180,996.2,22,10.5,11.5,13.6,63.7,24,64.2
GS3.1_167.01,GS3.1_167,963.4,15.5,11,10.2,12.3,65.2,24.3,72
GS3.1_167.02,GS3.1_167,819.8,15.5,10.5,11,13.2,65,24.4,72.3
GS3.1_167.03,GS3.1_167,796.6,16,10.5,10,12.5,63.8,23.8,73.9
GS3.1_167.04,GS3.1_167,700.8,16,10,11.1,13.5,65.3,25,74.8
GS3.1_167.05,GS3.1_167,763,16.5,10,11,14.4,64.7,26.6,74.6
GS3.1_167.06,GS3.1_167,886.6,17,10.5,11.3,13.8,67.3,22.3,70.2
GS3.1_34.01,GS3.1_34,847.6,19.5,9,8.5,9.4,68.6,19.3,65.2
GS3.1_34.02,GS3.1_34,850.7,19,10,9.4,13.5,67.2,22.5,71.2
GS3.1_34.03,GS3.1_34,802.9,20,9.5,8.7,11.6,66.9,22.1,72.3
GS3.1_34.04,GS3.1_34,947.4,21,11,8.7,10.9,65.8,23.3,69.5
GS3.1_34.05,GS3.1_34,576.6,18.5,9,10.4,12.1,65.2,22.3,72.4
GS3.1_34.06,GS3.1_34,764.8,21,10,10.5,13.2,65.5,23,70
GS3.1_163.01,GS3.1_163,988.2,17,10.5,11,14.5,63.3,26.6,72
GS3.1_163.02,GS3.1_163,745.8,18,9.5,12.2,13.8,62.2,26.1,68.6
GS3.1_163.03,GS3.1_163,874.4,16.5,10,12.4,14.5,64.9,27.1,71.4
GS3.1_163.04,GS3.1_163,768.8,18.5,9.5,12.2,15.6,63.4,27.4,70.8
GS3.1_163.05,GS3.1_163,618.4,15,9,12,15.4,63.1,26.4,69.1
GS3.1_163.06,GS3.1_163,540.4,16,8.5,11.2,15.2,61.5,25.6,69.3
GS3.1_161.01,GS3.1_161,657.3,14.5,9,11.1,13.6,67.8,24.2,71
GS3.1_161.02,GS3.1_161,723.4,15,9,11,12.1,64.2,24.7,68.9
GS3.1_161.03,GS3.1_161,824.8,15,9.5,11.9,13.6,65.8,25.5,66.3
GS3.1_161.04,GS3.1_161,828.6,15,10,10,11.3,64.2,23.8,70.2
GS3.1_161.05,GS3.1_161,843.5,14.5,10.5,11.8,12.9,64.6,28.1,68.3
GS3.1_161.06,GS3.1_161,656.1,13.5,9.5,11.1,14.8,70,22.8,67.8
GS3.1_89.01,GS3.1_89,1288.8,18,11,11.7,13.3,68.9,22.7,70.4
GS3.1_89.02,GS3.1_89,798.6,14,11,12.1,15.1,67.1,23.6,71.5
GS3.1_89.03,GS3.1_89,1777.6,19,13,9.8,11.2,63.6,24.6,71.3
GS3.1_78.01,GS3.1_78,812.3,14.5,10.5,10.6,11.7,63.7,24.2,71.2
GS3.1_78.02,GS3.1_78,926.3,15,11,11.7,14.2,68.9,23.8,76.7
GS3.1_78.03,GS3.1_78,748.1,14,10.5,11,13.4,67.2,23.2,75.5
GS3.1_78.04,GS3.1_78,594,14.5,9.5,10.6,11.7,65.6,22.5,71.1
GS3.1_78.05,GS3.1_78,794.3,15.5,9,10.6,12.3,64.7,25.9,72.6
GS3.1_78.06,GS3.1_78,822.4,15,10.5,9.3,12.1,66.9,23.3,72.7
GS3.1_29.01,GS3.1_29,780.1,22,10,9.5,11.1,63.5,24.8,70.9
GS3.1_29.02,GS3.1_29,756.1,21,9.5,8.8,10.1,65.3,22.6,67
GS3.1_29.03,GS3.1_29,1292.3,25,11,7.1,8.5,65.1,21,65.8
GS3.1_29.04,GS3.1_29,684.8,20,9,8.9,11.2,65.7,23.7,68.1
GS3.1_29.05,GS3.1_29,833.2,20,10,10.3,14.6,66.3,23.5,71.9
GS3.1_29.06,GS3.1_29,851.2,22.5,9.5,8.5,11.1,65.3,24.1,69
GS3.1_19.01,GS3.1_19,1094.8,18,10.5,11.9,24.2,68.8,24,73.5
GS3.1_19.02,GS3.1_19,899.8,15.5,11,11.7,13.9,67.3,24.9,67.3
GS3.1_19.03,GS3.1_19,1007.4,18,10.5,9.3,9.7,66.5,22.9,71.1
GS3.1_19.04,GS3.1_19,1059.5,17,11,11.2,12.6,66.5,24.7,73.5
GS3.1_19.05,GS3.1_19,1077.7,18,11.5,11.3,14.4,68.4,22.2,70.8
GS3.1_26.01,GS3.1_26,643.2,16,9.5,10.5,11.8,64.7,22.2,69.7
GS3.1_26.02,GS3.1_26,822.8,16,9.5,10.8,13.2,67.3,22.1,67.1
GS3.1_26.03,GS3.1_26,992.6,16,10.5,9.5,12.9,67.5,22.9,70
GS3.1_26.04,GS3.1_26,771.8,16,9.5,10.7,13.7,64.6,24.7,74.5
GS3.1_26.05,GS3.1_26,695.4,15.5,10,11,13.3,63.3,24,71
GS3.1_26.06,GS3.1_26,554.6,15.5,8.5,10.7,13.3,61.5,26.8,73.2
GS3.1_165.01,GS3.1_165,808.1,16,10,10.2,14.2,65.2,24.2,74
GS3.1_165.02,GS3.1_165,734.1,15.5,10,10.1,13.1,66.4,22.9,74.4
GS3.1_165.03,GS3.1_165,562.5,14,9.5,10.9,15.8,67.4,25.2,75.1
GS3.1_165.04,GS3.1_165,840.2,18,9.5,11.1,14.3,63.6,24.7,71.9
GS3.1_28.01,GS3.1_28,588,15.5,8.5,10.7,11.9,63,23,65.2
GS3.1_28.02,GS3.1_28,882.7,16,10,11.8,4.7,63.3,24.7,70.3
GS3.1_28.03,GS3.1_28,491.8,14.5,7.5,12.4,13.4,64.4,24.2,68.2
GS3.1_28.04,GS3.1_28,549.8,12.5,9.5,12.5,15.7,64.9,22.6,71
GS3.1_28.05,GS3.1_28,802.5,15,9.5,11.5,13.7,62.4,23.6,69.1
GS3.1_70.01,GS3.1_70,1039.4,16,11.5,10.3,12.4,64.9,29,65.5
GS3.1_70.02,GS3.1_70,644.4,15,10,9.1,10,63.1,25.1,69.6
GS3.1_70.03,GS3.1_70,604.1,14,10,10.6,13.9,65.1,27.5,69.8
GS3.1_70.04,GS3.1_70,651.5,14.5,9.5,7.4,8.1,68.1,22.3,63.5
GS3.1_70.05,GS3.1_70,605.7,14,10,9,9.6,65.2,23.3,66.4
GS3.1_70.06,GS3.1_70,594,14,9.5,8.6,9.1,68.2,21,64.8
GS3.1_150.01,GS3.1_150,605,15.5,8.5,12,14.2,67,23.6,76.4
GS3.1_150.02,GS3.1_150,731.1,16,9,8.9,17,69.3,21.2,77.7
GS3.1_150.03,GS3.1_150,859.6,16.5,10,10,14.3,67.6,25,77.2
GS3.1_150.04,GS3.1_150,746,15,9.5,11.6,15,66.1,22.8,72.3
GS3.1_150.05,GS3.1_150,667.2,15.5,8.5,11.7,14,66.6,23.3,76.3
GS3.1_150.06,GS3.1_150,580.9,14.5,9,12.5,15.5,66.5,25.2,76.1
GS3.1_71.01,GS3.1_71,664.2,15.5,9,13,20.1,65.9,27.3,77
GS3.1_71.02,GS3.1_71,890.3,17,10.5,12.9,17.9,66.2,27.3,77.5
GS3.1_71.03,GS3.1_71,579.1,13.5,9,14.2,18.8,65.3,29.4,75.7
GS3.1_71.04,GS3.1_71,677.4,16,9,13.5,16.5,63.1,25,74.1
GS3.1_71.05,GS3.1_71,590,15,9,14.4,17,63.7,29.7,75
GS3.1_82.01,GS3.1_82,789.9,16,10,10.9,15.3,63.1,24.4,72.9
GS3.1_82.02,GS3.1_82,814.3,15,11,12,15.5,62.2,25,71.5
GS3.1_82.03,GS3.1_82,928.9,18,10.5,11.9,14.3,60.7,24.4,68.7
GS3.1_82.04,GS3.1_82,838.2,17,10,11.2,16.7,63.7,24.8,73.1
GS3.1_82.05,GS3.1_82,952.5,16,10.5,11,14.1,64.1,24.4,72.4
GS3.1_82.06,GS3.1_82,1277.4,19,11.5,9.9,12,64.9,23.5,71.4
GS3.1_146.01,GS3.1_146,573.2,14.5,9,12.6,14,65.8,23.7,67.6
GS3.1_146.02,GS3.1_146,603.4,14.5,8.5,NA,14,64.8,25.6,70.6
GS3.1_146.03,GS3.1_146,720.3,16,10,12.3,15.1,65.6,24.8,73.6
GS3.1_146.04,GS3.1_146,496.2,14.5,8.5,11.1,15.2,64.5,24.9,71.1
GS3.1_146.05,GS3.1_146,707.2,15.5,9.5,12.2,14.1,65.4,24.3,68.7
GS3.1_146.06,GS3.1_146,853.6,15,10,11.7,16.2,64.4,24.9,71.5
GS3.1_157.01,GS3.1_157,1228.6,19.5,11,12.1,15.2,61.7,29.7,70.5
GS3.1_157.02,GS3.1_157,1411,20.5,11.5,11.6,16,65.1,27.3,73.8
GS3.1_84.01,GS3.1_84,779.9,17,10,10,12.1,62.9,24.9,68.5
GS3.1_84.02,GS3.1_84,969.8,18.5,10.5,9.9,12.4,63.8,25.4,70.5
GS3.1_84.03,GS3.1_84,944.8,17.5,10,10.1,11.1,66.4,22.9,68
GS3.1_84.04,GS3.1_84,769.5,17.5,9.5,10.5,12.7,68.2,21.9,67.5
GS3.1_84.05,GS3.1_84,844,17.5,10,11.2,14.6,65.9,25,69.7
GS3.1_84.06,GS3.1_84,715.1,18,9,10.5,12.1,63.4,24.9,67.6
GS3.1_52.01,GS3.1_52,573.2,17.5,10,10.7,13.4,66.5,21.3,65.6
GS3.1_52.02,GS3.1_52,596.6,15.5,9.5,10.5,11.9,68.5,19.4,61.4
GS3.1_52.03,GS3.1_52,530.7,15.5,9,11.2,12.5,68.3,21,64.9
GS3.1_52.04,GS3.1_52,902,17.5,10,10.6,13.3,66.2,21.6,63.6
GS3.1_52.05,GS3.1_52,627.7,16.5,10,10.8,12.6,66.4,21.3,66.1
GS3.1_152.01,GS3.1_152,1324,18,12,11.1,14.2,66,25.1,74.7
GS3.1_152.02,GS3.1_152,938.1,16.5,11,11.3,15.4,64.9,25.9,73.7
GS3.1_152.03,GS3.1_152,1055.3,16.5,11.5,11.7,14,66,24.6,72.8
GS3.1_152.04,GS3.1_152,1125.3,17.5,12,10,11.9,62.9,24.4,70.4
GS3.1_74.01,GS3.1_74,623.8,14.5,9.5,11.9,14.3,63,27.4,74.7
GS3.1_74.02,GS3.1_74,583.2,14,9,11.6,13.9,64.5,24.9,72.9
GS3.1_74.03,GS3.1_74,962.4,14.5,10.5,12,14.6,63.2,25.8,73.1
GS3.1_74.04,GS3.1_74,844.9,14.5,10,11.1,13.5,65.9,25,74.1
GS3.1_74.05,GS3.1_74,854.2,14,10.5,12.3,14.1,65.7,26.4,74.8
GS3.1_74.06,GS3.1_74,1062.6,15.5,11,10.8,13.9,64.9,27,74.7
GS3.1_33.01,GS3.1_33,851.4,17,9.5,11.8,13.3,60.9,24.6,68.6
GS3.1_33.02,GS3.1_33,779.3,16.5,9.5,12.2,14.2,59.6,27.5,69.8
GS3.1_33.03,GS3.1_33,722.4,16,9,11.2,12.7,58.9,28.8,69
GS3.1_33.04,GS3.1_33,827.5,16.5,9.5,11.1,12.4,60.8,26.4,67.3
GS3.1_33.05,GS3.1_33,663.8,14.5,9.5,10.6,10.6,63.4,25.9,69.7
GS3.1_33.06,GS3.1_33,806,15.5,9.5,NA,14.9,61.2,26.7,69.6
GS3.1_75.01,GS3.1_75,854.5,21.5,10,10.7,18.2,67.5,25.5,76
GS3.1_75.02,GS3.1_75,886.5,19,10.5,10.4,14.7,66.2,28.4,75.3
GS3.1_75.03,GS3.1_75,1048.7,21.5,10,10.1,14.6,65,27.6,74
GS3.1_75.04,GS3.1_75,842.6,19,10,11.7,14.3,64.5,27.5,76.2
GS3.1_75.05,GS3.1_75,816,18.5,9.5,11.1,13.5,64.7,25.4,71.9
GS3.1_75.06,GS3.1_75,1077,21,11,11.4,15,64.5,25.2,73.1
GS3.1_144.01,GS3.1_144,835.8,15,10.5,10.3,15.8,68.2,21.9,72.6
GS3.1_144.02,GS3.1_144,764.7,15,10,11.2,14.9,65.4,21.2,71.5
GS3.1_144.03,GS3.1_144,640.3,17,9.5,11.7,16,65.6,23.2,70.8
GS3.1_144.04,GS3.1_144,906,16.5,10.5,11.2,15.1,66.6,24.2,75.3
GS3.1_144.05,GS3.1_144,950.6,16,10.5,12.2,15.4,68.4,22.3,74.1
GS3.1_144.06,GS3.1_144,808.3,17,10.5,11.6,15,64,22.2,71.3
GS3.1_159.01,GS3.1_159,736.6,19.5,9.5,7.8,8.9,64.4,23.3,68.1
GS3.1_159.02,GS3.1_159,463,16,8,9.5,11.5,64.3,23.5,65.4
GS3.1_159.03,GS3.1_159,937,19.5,10,9.5,9.1,64.4,22.8,67.2
GS3.1_159.04,GS3.1_159,544.8,17,8,9.7,10.4,64.9,23.7,66.6
GS3.1_76.01,GS3.1_76,807.1,19.5,10,11.7,15.1,64.5,26.9,70.4
GS3.1_76.02,GS3.1_76,690.8,18,8.5,11.6,13.2,62.2,26.7,71.6
GS3.1_76.03,GS3.1_76,733.8,18,9,11.4,15.8,66.1,26.8,74.6
GS3.1_76.04,GS3.1_76,623.2,17,8.5,11.3,15.3,62.9,28.5,73.2
GS3.1_76.05,GS3.1_76,868.4,19.5,10,10.7,13.3,63.6,27.8,72.8
GS3.1_76.06,GS3.1_76,796,20.5,9,11.1,13.6,63,26.1,72.5
GS3.1_22.01,GS3.1_22,898.3,15.5,10.5,10.8,12.5,63.7,22.5,69.8
GS3.1_22.02,GS3.1_22,1077.5,16.5,10.5,11.2,12.8,64.7,24.8,68.6
GS3.1_22.03,GS3.1_22,1184.5,15.5,11,11.7,11.6,65.3,21.3,67.5
GS3.1_22.04,GS3.1_22,1056.5,16,10,10.7,12.2,64,20.4,65.7
GS3.1_61.01,GS3.1_61,718.4,16.5,10.5,12.5,15.9,65.9,22.5,73.5
GS3.1_61.02,GS3.1_61,1079.6,17.5,10.5,12.5,15.1,67.4,23.5,73.4
GS3.1_61.03,GS3.1_61,1041.7,18.5,11,13.6,15.6,64.7,25.1,74.6
GS3.1_50.01,GS3.1_50,1041,16.5,11.5,11.9,16.1,66.4,24.7,70.6
GS3.1_50.02,GS3.1_50,825.1,14.5,11,12.5,15,66.5,25.2,70.8
GS3.1_50.03,GS3.1_50,1405.2,17.5,12.5,11.6,12.9,66.6,25,71.6
GS3.1_50.04,GS3.1_50,930.7,14,11.5,12.5,13.8,67.1,26.4,73.6
GS3.1_50.05,GS3.1_50,1163.5,16,12,11.2,12,67.3,22.2,68.5
GS3.1_50.06,GS3.1_50,1072.4,16.5,11.5,12.7,13.8,62.7,27.5,69.3
GS3.1_44.01,GS3.1_44,892.8,19.5,10.5,10.1,11.7,63.5,21,71.6
GS3.1_44.02,GS3.1_44,680,16.5,10,12.1,15.4,65.5,23.9,72.9
GS3.1_44.03,GS3.1_44,716.1,15.5,10,10.6,10.7,65.1,20.4,66.9
GS3.1_35.01,GS3.1_35,1143.4,16.5,11,10,11.7,64.1,27.5,72
GS3.1_35.02,GS3.1_35,1311.1,17,12,10.5,11.6,66.4,24.8,72
GS3.1_35.03,GS3.1_35,1094,15,11.5,10.3,11,67.9,23,67.6
GS3.1_35.04,GS3.1_35,1227.7,16.5,11.5,8.9,10.4,66.4,26.4,71.3
GS3.1_35.05,GS3.1_35,591,13.5,9,13.3,16.5,65.9,27.5,71.5
GS3.1_35.06,GS3.1_35,1025.1,15,11.5,10.6,12.2,65.3,24.4,70.5
GS3.1_162.01,GS3.1_162,830.7,16.5,9.5,10.8,13.7,63.2,26.3,74.1
GS3.1_162.02,GS3.1_162,824.7,18,10,11.3,16.6,62.6,28,73.3
GS3.1_162.03,GS3.1_162,771.7,16,10,10.3,14.6,67.1,24,72.6
GS3.1_162.04,GS3.1_162,903.3,17,10.5,11.2,15.1,63.6,27.9,73.7
GS3.1_162.05,GS3.1_162,899.6,17,10,NA,14.4,65.7,26.6,73.2
GS3.1_162.06,GS3.1_162,884.2,16.5,10.5,10.2,13.1,60.5,26.8,70.3
GS3.1_91.01,GS3.1_91,672.2,15.5,10,9.5,9.6,69,22.6,59.1
GS3.1_142.01,GS3.1_142,863.1,15,10.5,12.7,17.9,62.2,29.9,72.5
GS3.1_142.02,GS3.1_142,824.8,14,10.5,12.2,15.7,63.3,25.4,72.1
GS3.1_142.03,GS3.1_142,792.1,15,10.5,13.7,15.7,64.4,26.5,71.6
GS3.1_142.04,GS3.1_142,809.8,13.5,10.5,12.9,14.2,64.3,23.5,70.9
GS3.1_142.05,GS3.1_142,644.9,14.5,9,13.1,17,60.4,28.2,72.7
GS3.1_142.06,GS3.1_142,814.4,15,10.5,13,16.1,61.1,28.1,71.3
GS3.1_7.01,GS3.1_7,1194.9,17.5,10.5,9.3,10.1,66.3,24.6,73.4
GS3.1_7.02,GS3.1_7,1082.1,18.5,10,9.6,9.6,63.8,23.9,68.6
GS3.1_7.03,GS3.1_7,1080.7,17,10.5,10.1,11.1,66.8,23.4,68.8
GS3.1_132.01,GS3.1_132,876,16.5,10.5,10.7,9.1,64.3,26.6,70.9
GS3.1_132.02,GS3.1_132,868,16,10.5,10,12,64.9,28,72.5
GS3.1_132.03,GS3.1_132,1119.9,17.5,11,9.8,10.8,65.6,26.9,71.9
GS3.1_132.04,GS3.1_132,1039.9,17.5,11,10.3,11.9,64.3,27.5,71.6
GS3.1_132.05,GS3.1_132,755.3,15,10,10.4,11.7,65.5,26.1,68.4
GS3.1_132.06,GS3.1_132,933.3,16.5,10.5,10,11.7,62.9,26.1,68.4
GS3.1_175.01,GS3.1_175,846.3,16,10.5,10.9,13.8,65.2,26.5,74.9
GS3.1_175.02,GS3.1_175,669.2,14.5,9.5,10,13.1,66.8,23.6,69.3
GS3.1_175.03,GS3.1_175,709.8,15.5,9.5,11.5,14,66.9,25.5,76.1
GS3.1_175.04,GS3.1_175,648.8,15,10,11.3,13.3,66.1,26.7,71.4
GS3.1_175.05,GS3.1_175,990.6,16,11,10.7,12.8,67.9,25.2,74.2
GS3.1_175.06,GS3.1_175,851.7,15,10,11.8,13.7,67.5,24.8,72.6
GS3.1_178.01,GS3.1_178,722.7,15,9,11.3,12.5,63,25.1,70.1
GS3.1_178.02,GS3.1_178,658.1,14.5,9,11.5,15,63,26.7,69.5
GS3.1_178.03,GS3.1_178,892,15,10,11.1,10.9,62.3,25.1,66.5
GS3.1_178.04,GS3.1_178,881.2,14.5,10,11,12.6,64.2,23.8,70.5
GS3.1_178.05,GS3.1_178,591.3,15,9,11.4,14.8,64.4,25.5,67.3
GS3.1_178.06,GS3.1_178,845.8,16,9.5,11.1,11.8,63,26.2,66.7
GS3.1_18.01,GS3.1_18,925.2,15,10.5,12.7,15.1,64.7,27.1,71.1
GS3.1_18.02,GS3.1_18,899.1,16,10.5,12.6,14.3,64.6,25.7,69.1
GS3.1_18.03,GS3.1_18,760.3,14,10,11.6,13.8,63.2,28.5,70.3
GS3.1_18.04,GS3.1_18,884.7,16,10,11.4,14.3,64.4,27.7,73.7
GS3.1_18.05,GS3.1_18,772.6,14,10.5,11.5,12.9,65.1,24.8,68
GS3.1_18.06,GS3.1_18,918.3,15,10.5,12.7,15.9,61.9,30.2,72.5
GS3.1_92.01,GS3.1_92,932.4,17.5,10,8.8,8.9,67.1,20.8,61.8
GS3.1_92.02,GS3.1_92,746.2,17,9.5,8.7,10,68.1,21.4,62.4
GS3.1_92.03,GS3.1_92,1037.5,18.5,11,8.6,9.3,63.9,22.5,66
GS3.1_92.04,GS3.1_92,975.5,17,10.5,11.6,11.5,63.9,23.2,69.5
GS3.1_92.05,GS3.1_92,590.5,15,9.5,10.1,9.9,66.3,21.8,62.3
GS3.1_92.06,GS3.1_92,575.4,15.5,9,11.6,12.2,66.5,24,69.7
GS3.1_151.01,GS3.1_151,504.3,14.5,9,13.4,14.4,65.6,27,70.9
GS3.1_151.02,GS3.1_151,858.1,15.5,10,12.2,12.7,64.7,21.8,67.6
GS3.1_151.03,GS3.1_151,865.3,18,10,13.4,15,64.5,25.6,68.5
GS3.1_151.04,GS3.1_151,908.5,17,10,12.3,13.5,65.1,26.6,69.6
GS3.1_151.05,GS3.1_151,829.8,16,10.5,12.3,15,60.6,24.6,73.1
GS3.1_151.06,GS3.1_151,766.2,16,10,11.4,14,66.8,21.4,68.1
GS3.1_103.01,GS3.1_103,934,18,10.5,9.2,9.2,69.9,18.3,56.3
GS3.1_103.02,GS3.1_103,605.9,15.5,10,8.6,8.7,69.9,19.8,59.2
GS3.1_85.01,GS3.1_85,895.2,16.5,10,11.7,12.7,64.6,25.5,71
GS3.1_85.02,GS3.1_85,943.3,15,11,11,15,67.9,21.3,67.9
GS3.1_85.03,GS3.1_85,1174.2,18,11,10.5,10.8,63.9,24.2,70.7
GS3.1_85.04,GS3.1_85,545.8,12.5,9,10.4,11.7,68.3,23.5,66.2
GS3.1_85.05,GS3.1_85,897.6,14.5,11,10.2,12.2,69.1,21.5,64.3
GS3.1_85.06,GS3.1_85,989.8,16,10.5,11.3,12.4,65.5,22.7,68.3
GS3.1_177.01,GS3.1_177,763.7,18,9.5,11.1,13.2,60.9,26.6,68.9
GS3.1_177.02,GS3.1_177,679.1,18,9,13.3,15.7,61.7,26.6,67.4
GS3.1_177.03,GS3.1_177,752.1,17,9.5,12.7,15.8,61.4,27,69.8
GS3.1_177.04,GS3.1_177,871.5,19.5,9.5,12,NA,62.3,24.5,68.9
GS3.1_177.05,GS3.1_177,949.3,20,10,11.9,13.8,63.3,24.5,68.9
GS3.1_177.06,GS3.1_177,854.1,18.5,9.5,12.1,14.6,61.8,23.2,66
GS3.1_153.01,GS3.1_153,677.4,16.5,9,12.2,14.2,66.4,24,70.3
GS3.1_153.02,GS3.1_153,432.6,16.5,8,14,16.2,62.8,25.7,69.6
GS3.1_153.03,GS3.1_153,453.4,15.5,7.5,12,11.8,63.6,24.9,67.2
GS3.1_153.04,GS3.1_153,600.8,16,8,12.1,14.1,59.9,25.8,69.1
GS3.1_153.05,GS3.1_153,563.1,15.5,8.5,12.6,14.9,62.3,25.2,71.1
GS3.1_153.06,GS3.1_153,652.1,17.5,9.5,11.2,13.8,62.1,23.2,68.7
GS3.1_32.01,GS3.1_32,1075.4,16,11,13.4,17.3,65.3,26.4,73.9
GS3.1_32.02,GS3.1_32,1115.4,17,11,13.2,14.7,60.6,27.3,67.4
GS3.1_32.03,GS3.1_32,1098.8,15,11,13.9,16.1,65,27.7,73.3
GS3.1_32.04,GS3.1_32,1078.9,16.5,11,12.2,13.9,64.2,28.3,70.7
GS3.1_32.05,GS3.1_32,861.9,15,10.5,12.7,16.8,63.7,28,74.6
GS3.1_32.06,GS3.1_32,1224.2,16.5,12,12.8,17.8,63.9,27.8,73.2
GS3.1_40.01,GS3.1_40,640.7,14.5,10,9,9.8,66.1,24.9,68.9
GS3.1_40.02,GS3.1_40,1007,16,11.5,9,10,66.8,21.8,68.7
GS3.1_40.03,GS3.1_40,997.1,16,11,9.8,10.8,66.8,24,68.6
GS3.1_121.01,GS3.1_121,642.4,16.5,10.5,14.6,17.7,63.3,27.6,68.2
GS3.1_121.02,GS3.1_121,740.3,18.5,10,14.4,18,62.6,28.1,70.9
GS3.1_121.03,GS3.1_121,737,16,9.5,13.6,16.7,63,26.1,71.1
GS3.1_121.04,GS3.1_121,487.8,15.5,9.5,12.8,17.7,62.5,29.1,73.5
GS3.1_189.01,GS3.1_189,1020.9,19,10,12.4,14.5,64,27.2,72.8
GS3.1_189.02,GS3.1_189,1514.4,19,12,12.4,13.9,65.3,26.8,75.9
GS3.1_189.03,GS3.1_189,735.8,18,9.5,12.3,15,62.4,32.8,68.2
GS3.1_189.04,GS3.1_189,995.4,18,10.5,10.4,15.2,65.2,27.6,75.4
GS3.1_189.05,GS3.1_189,601.8,16,9,12.6,16.4,65.6,26.6,76.5
GS3.1_179.01,GS3.1_179,968.1,17.5,11,11.7,14.3,64.1,25,69.9
GS3.1_179.02,GS3.1_179,1071.3,18.5,11,11.9,13.9,62.1,28.9,68.1
GS3.1_179.03,GS3.1_179,874.3,17,10,13.7,15,63.1,28.2,69.3
GS3.1_179.04,GS3.1_179,875.7,18,10.5,12.1,14.1,63.1,26.3,66
GS3.1_179.05,GS3.1_179,822.1,17,9.5,12.5,14.2,63.4,26.6,70.2
GS3.1_179.06,GS3.1_179,1118,17.5,11.5,12.1,15,64.3,27.4,70.4
GS3.1_140.01,GS3.1_140,958,16.5,10,13.5,16.6,65,28.6,76.2
GS3.1_140.02,GS3.1_140,578.6,15,9,11.6,14,62.8,26.9,72.5
GS3.1_140.03,GS3.1_140,854.8,15.5,10,12.8,15.6,64.7,24.4,71.1
GS3.1_140.04,GS3.1_140,751.3,17.5,10,12.6,16.5,63.7,27,69.2
GS3.1_140.05,GS3.1_140,755.7,16,9.5,10.1,12.3,63.2,26.4,71.6
GS3.1_140.06,GS3.1_140,564.6,15.5,8.5,10.6,12.5,61.6,24.6,68.1
GS3.1_126.01,GS3.1_126,642,16,9,10.6,12,62.1,26.6,72.5
GS3.1_126.02,GS3.1_126,726.3,16,10,10.4,14,65.9,22.6,69.4
GS3.1_126.03,GS3.1_126,940,16.5,11,11.2,12.7,65.8,24.1,69.3
GS3.1_126.04,GS3.1_126,614.6,16,9,11,13.9,64.8,24.3,72.2
GS3.1_126.05,GS3.1_126,847.4,16,10,11.3,13,67.3,22.9,70.7
GS3.1_126.06,GS3.1_126,683,15,10,11,13.1,63.6,23.3,70
GS3.1_137.01,GS3.1_137,917.3,20,10.5,11.6,13,65,26.9,72.4
GS3.1_137.02,GS3.1_137,1357.6,20.5,11.5,10.1,12.2,65,25.2,71.1
GS3.1_137.03,GS3.1_137,787.3,17,10,10.4,12,64.7,25.8,70.8
GS3.1_137.04,GS3.1_137,1161.3,21,10.5,11.4,13.3,64.2,28.5,75.5
GS3.1_97.01,GS3.1_97,568.6,13.5,9.5,11.6,15.2,63.3,27.4,73.7
GS3.1_97.02,GS3.1_97,911.7,17,10.5,13,16.6,66.9,25.2,73.7
GS3.1_97.03,GS3.1_97,771.8,15.5,9.5,12.6,18.1,65.4,26.5,76.5
GS3.1_97.04,GS3.1_97,1174.9,17.5,9.5,12.7,16.9,64.6,24.3,72.8
GS3.1_97.05,GS3.1_97,820,15.5,10,10.8,13.9,64,24.9,71.5
GS3.1_97.06,GS3.1_97,1032.8,18.5,10,13.2,17.3,65.9,25.5,74.2
GS3.1_123.01,GS3.1_123,410.2,13,8.5,13.2,15.5,66.2,25.1,67.4
GS3.1_123.02,GS3.1_123,574.3,15,10,11.9,14.7,65,27.4,67
GS3.1_123.03,GS3.1_123,771.3,16.5,10,12.7,13.5,64.7,25.3,68.4
GS3.1_53.01,GS3.1_53,442.4,13.5,9,9.5,10.7,69.4,23.4,63.6
GS3.1_25.02,GS3.1_25,557.5,14,8.5,8.8,9.3,66.8,25.5,67.3
GS3.1_25.03,GS3.1_25,505,13,8.5,10.1,10.8,66.2,24.8,68.2
GS3.1_25.04,GS3.1_25,813.4,16.5,9.5,9.4,10.3,67.3,21.9,61.9
GS3.1_25.05,GS3.1_25,848.5,15.5,9,8.9,9.1,69.9,18.3,60.6
GS3.1_25.06,GS3.1_25,567.4,14.5,9,8.6,8.8,69.6,22,62.1
GS3.1_115.01,GS3.1_115,758.9,14.5,9.5,11.6,12.2,62.2,27.1,72.4
GS3.1_115.02,GS3.1_115,1056.3,15,10,12.8,14.5,63.7,26.4,72.9
GS3.1_115.03,GS3.1_115,891.8,15.5,10.5,11.4,15.6,63.1,27.3,73.4
GS3.1_115.04,GS3.1_115,801.8,14,10,12.1,14.9,64.5,26.8,74.5
GS3.1_115.05,GS3.1_115,852.6,13.5,10,12,15.1,63.9,26.4,73.2
GS3.1_128.01,GS3.1_128,729.5,16.5,9,13.6,16.9,62.4,26.7,71.7
GS3.1_128.02,GS3.1_128,623.3,17.5,9,13.6,18.2,65,24.8,72.4
GS3.1_128.03,GS3.1_128,666.7,17.5,9,10.1,14.5,63.5,26.2,72.1
GS3.1_128.04,GS3.1_128,938,18.5,10,13,17.5,64.7,27.5,73.8
GS3.1_79.01,GS3.1_79,919.3,17.5,9.5,7.7,8,66.9,24.6,69.1
GS3.1_79.02,GS3.1_79,709.9,14.5,9.5,8.7,8.9,65.9,25.5,70
GS3.1_79.03,GS3.1_79,982.2,17.5,10.5,8.2,8.3,66.7,24.5,69.4
GS3.1_79.04,GS3.1_79,938.3,16.5,9.5,7.4,7.5,67.8,23.5,68.1
GS3.1_185.01,GS3.1_185,862.8,14.5,9,11,15.3,65.8,25,75.4
GS3.1_185.02,GS3.1_185,1169.1,16,10.5,9.6,13.3,64.9,25.6,75.6
GS3.1_185.03,GS3.1_185,999.3,15,10,10.6,14.3,66.3,23.9,75.8
GS3.1_185.04,GS3.1_185,864.6,14.5,9,10.2,13.4,64.9,25.3,75.1
GS3.1_185.05,GS3.1_185,873.8,15,9.5,11.2,13.3,62.7,24.4,72.4
GS3.1_185.06,GS3.1_185,596.1,15,8,10.9,16,63.1,27,72.8
GS3.1_11.01,GS3.1_11,945.8,15.5,10,13.2,14.9,60.8,27.4,68.7
GS3.1_11.02,GS3.1_11,673.6,16.5,8,12.5,15.1,61.5,25.3,67.5
GS3.1_11.03,GS3.1_11,713.8,14.5,9.5,12.2,13.8,60.5,30.3,71.1
GS3.1_11.04,GS3.1_11,676.4,15,9,13,14.1,60.9,25.7,65.8
GS3.1_11.05,GS3.1_11,1053.6,16.5,9.5,11.9,13.8,63.3,27.8,71.1
GS3.1_11.06,GS3.1_11,892.4,16,9,12.2,13.1,60.9,28.2,71.1
GS3.1_8.01,GS3.1_8,1254.8,20.5,10.5,12.9,16.7,64.5,28.3,74.9
GS3.1_8.02,GS3.1_8,862.3,18.5,10,13.6,16.6,62.8,30.5,75.1
GS3.1_8.03,GS3.1_8,989.3,20.5,10.5,12.1,15.4,62.4,27.3,71.5
GS3.1_8.04,GS3.1_8,1074.6,19.5,10.5,13.7,16.3,64.4,27.6,74.6
GS3.1_8.05,GS3.1_8,1067.3,20.5,10.5,13.6,17.4,64.6,29.3,75
GS3.1_8.06,GS3.1_8,975.9,19,10.5,12.3,16.3,64.2,28.6,73.7
GS3.1_67.01,GS3.1_67,871.3,17.5,11,11.5,15.4,61.9,31.8,67.3
GS3.1_67.02,GS3.1_67,760.4,15.5,10.5,12.7,15.8,66.1,28.7,75.5
GS3.1_67.03,GS3.1_67,899.1,15,11,12.1,14.5,66.9,28.6,71.1
GS3.1_67.04,GS3.1_67,1071.3,18,10.5,11.8,16.5,65.7,28.3,74.9
GS3.1_67.05,GS3.1_67,832.9,15.5,10,12.6,16.1,65.8,29.2,74.4
GS3.1_67.06,GS3.1_67,892.1,16,11,13,14.6,65,28.5,73.4
GS3.1_176.01,GS3.1_176,848,13.5,10.5,12,14.7,63.4,25.9,72.2
GS3.1_176.02,GS3.1_176,717.6,15,9.5,10.3,12,64.5,25.2,72.6
GS3.1_176.03,GS3.1_176,782.2,13,9.5,11.7,13.5,67.4,25.4,71.9
GS3.1_176.04,GS3.1_176,688.4,13,9.5,12.5,13.7,64.5,25.1,71.8
GS3.1_176.05,GS3.1_176,609.3,12.5,9.5,12,14,63.7,27.1,72.9
GS3.1_176.06,GS3.1_176,971.8,13.5,11,12.1,13.8,65,27.7,72.5
GS3.1_14.01,GS3.1_14,762.4,19,8.5,12.9,14.5,60.9,29.3,70.9
GS3.1_14.02,GS3.1_14,576.1,18,8,12.1,13.6,58.4,27.5,67.7
GS3.1_14.03,GS3.1_14,752.7,18,9,12.7,17.7,60.4,28.4,72.7
GS3.1_14.04,GS3.1_14,880.1,20,8.5,10.6,13.1,62.7,28.1,70
GS3.1_14.05,GS3.1_14,883,19,9,12.8,12,60.6,28.6,73
GS3.1_56.01,GS3.1_56,1055.5,17.5,10.5,12.9,14.7,64.9,26.8,72.9
GS3.1_56.02,GS3.1_56,1175.6,19.5,10.5,11,13.4,61.7,25.3,69.1
GS3.1_56.03,GS3.1_56,814.8,16,10,12.7,15.2,64.1,28,73.4
GS3.1_56.04,GS3.1_56,1177.2,18,10.5,12.1,14.1,63.3,27.9,73.7
GS3.1_56.05,GS3.1_56,1072.5,17,10.5,12,14.7,64.4,26.6,76
GS3.1_56.06,GS3.1_56,675.4,15.5,9.5,12.1,14.7,62.7,29.1,71.4
GS3.1_130.01,GS3.1_130,833.6,15.5,10,12,16.9,64.8,30.5,73.2
GS3.1_130.02,GS3.1_130,717,15,9.5,12.4,14.5,65,29,71.1
GS3.1_130.03,GS3.1_130,698.6,15,9.5,12.4,16.4,63.9,29.5,73.9
GS3.1_130.04,GS3.1_130,701.7,15,10,12.5,17.2,63.1,34.4,68.8
GS3.1_130.05,GS3.1_130,693.6,14.5,10,12.8,16.4,64.2,29.4,72.6
GS3.1_130.06,GS3.1_130,771.5,16.5,10,11.9,15.4,63.6,28.8,72.3
GS3.1_181.01,GS3.1_181,1086,17,11,12,15.1,64.8,26.2,71.4
GS3.1_181.02,GS3.1_181,908.9,15.5,10.5,12.4,15.4,65.2,25.2,72.3
GS3.1_181.03,GS3.1_181,882.7,16,10,9.4,15.7,66.5,25.6,67.1
GS3.1_181.04,GS3.1_181,866.3,16.5,10.5,13.2,15.2,61.8,27.6,70.6
GS3.1_181.05,GS3.1_181,876.8,16,10,12.6,14.2,65.4,26.4,72
GS3.1_181.06,GS3.1_181,822.3,15,10,12.5,15,64.4,26.9,70.4
GS3.1_125.01,GS3.1_125,534.2,13,8.5,11.8,15.4,64.4,27.6,73.9
GS3.1_125.02,GS3.1_125,668,13,9,10.9,13.1,63.2,26.7,72.4
GS3.1_125.03,GS3.1_125,853.4,15.5,10,10.6,13.6,63.9,28.5,75.2
GS3.1_125.04,GS3.1_125,849.5,14,10,12.4,13.9,64.9,28.5,75.4
GS3.1_125.05,GS3.1_125,633.1,14,9,12.2,15.9,64.7,27.3,75.5
GS3.1_125.06,GS3.1_125,665.9,14,9,10.9,14.8,65.5,28.2,77.2
GS3.1_87.01,GS3.1_87,585.5,17,9.5,7.7,8.9,65.6,24.5,61.1
GS3.1_87.02,GS3.1_87,633.2,16.5,9.5,11.5,13.3,64.1,27.2,65.2
GS3.1_87.03,GS3.1_87,601.4,17,9.5,10.5,11.8,65.3,24.2,62.9
GS3.1_129.01,GS3.1_129,629.6,16,9,10.8,11.8,65.3,22.4,62.9
GS3.1_129.02,GS3.1_129,626.4,16,9,10.4,11.7,62.1,21.9,66.8
GS3.1_108.01,GS3.1_108,544.8,13,9,12,14.5,63.5,28.3,74.2
GS3.1_108.02,GS3.1_108,583.6,14,9.5,12.4,14.4,62.3,28,70.3
GS3.1_108.03,GS3.1_108,780,14.5,11,12,14.2,64.9,25.3,71.8
GS3.1_108.04,GS3.1_108,762.6,15.5,10,11.3,13.2,64.1,27.8,71.5
GS3.1_108.05,GS3.1_108,625.9,15,9,11.7,12.9,62.6,28.1,72.6
GS3.1_108.06,GS3.1_108,998.7,14.5,10.5,11.8,13.8,65.4,27.3,74.3
GS3.1_10.01,GS3.1_10,671,15.5,9.5,11.9,13.7,61.7,34.2,63.6
GS3.1_10.02,GS3.1_10,786.5,16,9.5,10.9,12.4,63,27.8,66.5
GS3.1_10.03,GS3.1_10,544.1,16,9,10.7,12.1,64.4,26.1,67.7
GS3.1_10.04,GS3.1_10,920.8,18,10.5,8.2,8.8,65,23.2,66.9
GS3.1_10.05,GS3.1_10,926,17,10.5,9.6,10.7,64.6,24.2,67.3
GS3.1_10.06,GS3.1_10,782.5,17,9.5,10.6,11.7,64.7,25.2,68.7
GS3.1_59.01,GS3.1_59,818.7,18,10,10.8,12,63.8,26.7,71.2
GS3.1_59.02,GS3.1_59,878.5,17.5,10.5,11.6,12.6,65,27.1,68.4
GS3.1_59.03,GS3.1_59,815.7,16,10,12.3,13.6,62.3,27.8,72
GS3.1_59.04,GS3.1_59,709.8,16.5,10,11.9,13.2,62.4,27.7,67.4
GS3.1_59.05,GS3.1_59,811.2,18,10.5,11.9,14.7,64,27.5,73
GS3.1_59.06,GS3.1_59,552.4,15.5,9,12.9,13.4,62.5,28.6,70.6
GS3.1_96.01,GS3.1_96,778.1,14.5,9.5,13,15.5,65,26.6,73
GS3.1_96.02,GS3.1_96,450.9,13,8,12.4,16.5,61.5,27.2,70.2
GS3.1_96.03,GS3.1_96,700.7,14.5,9,12.2,13.2,62.5,28.6,72.8
GS3.1_96.04,GS3.1_96,671.8,15,9,12.7,14.8,61.1,28.4,70.1
GS3.1_96.05,GS3.1_96,989.4,15,10,11.6,13.1,63.4,28.6,71.4
GS3.1_96.06,GS3.1_96,711,14,9.5,11.3,13.2,63.6,27.8,70.8
GS3.1_171.01,GS3.1_171,714.3,20,9,12.9,15.1,62.1,24.8,67.7
GS3.1_171.02,GS3.1_171,798,19.5,10,11.9,14.7,62.2,24.5,70.7
GS3.1_171.03,GS3.1_171,939.5,20,10,12.4,16.3,64.9,25.3,71
GS3.1_171.04,GS3.1_171,869.8,20.5,9.5,12.2,15.5,64.5,26.4,72.4
GS3.1_171.05,GS3.1_171,1013.8,21,10,12.9,14.5,63.5,22.7,67.2
GS3.1_171.06,GS3.1_171,722.4,20.5,9.5,12,17.1,63.3,24.6,69.6
GS3.1_141.01,GS3.1_141,799,16,10,13,15.4,61.6,27.9,72.6
GS3.1_141.02,GS3.1_141,780.2,15,10,12.6,17.1,63.7,27.6,76.2
GS3.1_141.03,GS3.1_141,1091.8,15,11,12.3,14.9,64.2,23.7,72
GS3.1_141.04,GS3.1_141,979,16.5,11,12.6,15.9,62,31.2,71.7
GS3.1_141.05,GS3.1_141,957.5,15.5,11,13.2,15.4,63.4,29.8,76.8
GS3.1_141.06,GS3.1_141,743.2,14,10.5,11.4,13.6,64.4,27.4,75.6
GS3.1_191.01,GS3.1_191,819.4,16.5,10,12.2,16,61.7,31.5,69.2
GS3.1_191.02,GS3.1_191,1223.9,17.5,11.5,12,14.9,64.3,27.8,74.5
GS3.1_191.03,GS3.1_191,1317.8,17.5,11.5,12.5,14.8,64.5,28.4,74.3
GS3.1_191.04,GS3.1_191,977.6,18.5,11,12.8,16.8,62.2,28.8,72.3
GS3.1_191.05,GS3.1_191,1292.3,19.5,11,11.5,16.3,61.5,29.9,71.6
GS3.1_191.06,GS3.1_191,1397.2,19.5,11.5,12.6,15.7,62.3,29.4,72.6
GS3.1_111.02,GS3.1_111,690,16,9.5,13.1,14.4,64.1,28.8,61.7
GS3.1_111.03,GS3.1_111,691.2,18,9.5,11.6,12.9,63.1,27.8,61.2
GS3.1_111.04,GS3.1_111,700.5,17,9.5,12.9,16.1,65,29.4,62
GS3.1_138.01,GS3.1_138,701.8,13,10,13.6,15.6,61,26.4,70.1
GS3.1_138.02,GS3.1_138,783.6,14,10,13.4,16.2,60.6,25.4,68
GS3.1_138.03,GS3.1_138,663.2,13,9.5,11.9,14.7,62.1,28.9,69.9
GS3.1_138.04,GS3.1_138,898.3,15.5,10.5,14.8,17.6,64.6,29.1,72.3
GS3.1_138.05,GS3.1_138,844.9,13.5,10.5,12.2,15.4,62.9,26.9,69.3
GS3.1_138.06,GS3.1_138,728.2,13,10.5,12.4,15.1,63.2,26.5,71.7
GS3.1_117.01,GS3.1_117,1018.3,16.5,10.5,13,14.9,65.3,23.9,70.5
GS3.1_117.02,GS3.1_117,751.6,14.5,10,12.5,14.6,65.2,25.2,67.7
GS3.1_117.03,GS3.1_117,1161,16,11,11.9,13.9,66.2,23.6,70.5
GS3.1_117.04,GS3.1_117,752.6,15,9.5,11.7,13,64.5,25.8,65.8
GS3.1_117.05,GS3.1_117,949.1,15.5,9.5,11.6,14.5,66.1,24.2,70.3
GS3.1_117.06,GS3.1_117,823.5,16,9.5,12.1,15.1,63.4,24,68.5
GS3.1_105.01,GS3.1_105,744.4,15,9.5,11,11.8,67.7,24.3,61.7
GS3.1_105.02,GS3.1_105,1045.5,18,10.5,9.5,10.4,69,22.7,61
GS3.1_105.03,GS3.1_105,602.3,15,9,10.1,11.3,67.7,24.9,63.6
GS3.1_105.04,GS3.1_105,798.6,16.5,9.5,10.3,11.3,68.5,24.8,65
GS3.1_105.05,GS3.1_105,858.5,16.5,10,10.5,12.3,68.7,24.3,61.2
GS3.1_105.06,GS3.1_105,616.9,15,10,11.7,12.9,67.6,24,62.6
GS3.1_20.01,GS3.1_20,795.3,15.5,10,12.3,16.1,65,27.4,72.2
GS3.1_20.02,GS3.1_20,732.7,14.5,9.5,14.4,16.4,64.2,29.6,69.6
GS3.1_20.03,GS3.1_20,849,15.5,10,13.3,14.5,64.3,27.7,67.9
GS3.1_20.04,GS3.1_20,810.8,16,10,13.8,16.1,63.5,29.4,66.6
GS3.1_20.05,GS3.1_20,804.5,15,9.5,13.6,16.1,65,26.3,71.7
GS3.1_20.06,GS3.1_20,724.4,14,9.5,14.9,17.2,64.3,27.4,70.3
GS3.1_5.01,GS3.1_5,891.9,17,10,11.9,13.5,61.7,26.1,67
GS3.1_5.02,GS3.1_5,678.2,15.5,9.5,11.4,13.7,62,26.8,70.5
GS3.1_5.03,GS3.1_5,853.9,16,10,11.4,13.5,64,25.6,65.5
GS3.1_5.04,GS3.1_5,667.8,15.5,10,11.3,12.7,63.3,23.8,62.9
GS3.1_5.05,GS3.1_5,795.7,15.5,10,11.5,12.6,62.2,24.9,65.9
GS3.1_5.06,GS3.1_5,692.7,15,9,12.1,13.7,61.1,25.8,68.2
GS3.1_60.01,GS3.1_60,819.5,13.5,10,13.6,16.4,63.9,31.2,72.2
GS3.1_60.02,GS3.1_60,739.5,14,9,13.3,15.6,64.4,28.3,70.7
GS3.1_60.03,GS3.1_60,879.4,14.5,10,13.8,16.4,64.8,30,74.8
GS3.1_60.04,GS3.1_60,653,13.5,9,14.5,18,63.3,29.3,68.7
GS3.1_60.05,GS3.1_60,957.9,15.5,10,13.7,18.2,64.3,29.2,73.7
GS3.1_15.01,GS3.1_15,798.6,15,9.5,14.1,16.3,64.7,28,66.8
GS3.1_15.02,GS3.1_15,845.4,16,10,13,16.3,62.2,30.8,65.5
GS3.1_15.03,GS3.1_15,829.1,15,10.5,13.6,16.7,63.2,30.6,72.8
GS3.1_15.04,GS3.1_15,818.5,15,10,13.4,16.6,61.8,33.1,67.3
GS3.1_15.05,GS3.1_15,927.9,14,11,13.1,16,66.4,25.6,67.9
GS3.1_15.06,GS3.1_15,597.4,14,9,12.8,15.7,63.9,28.8,67.4
GS3.1_172.1,GS3.1_172,880.3,15.5,9.5,12.6,13.4,66.4,25.6,67.6
GS3.1_172.2,GS3.1_172,743.5,16.5,9.5,12.9,15.4,65.1,24.2,67.9
GS3.1_172.3,GS3.1_172,710.8,14,9.5,12.5,13.7,64.7,24.8,70.6
GS3.1_172.4,GS3.1_172,886.8,16.5,9,13.4,15.2,66.2,22.7,66.4
GS3.1_172.5,GS3.1_172,883.9,15.5,10,11.5,11.5,67.4,22.3,67.5
GS3.1_172.6,GS3.1_172,771.7,15,10.5,12.2,15.2,65.6,23.4,70.6
GS3.1_106.01,GS3.1_106,735.2,16.5,10.5,8.8,9,71,20.7,58.9
GS3.1_106.02,GS3.1_106,551.5,14.5,9,9,9.6,70,22.9,62
GS3.1_93.1,GS3.1_93,806.9,14.5,10,12.3,15,66.5,27.7,71.6
GS3.1_93.2,GS3.1_93,918.8,15,11,14.1,15.7,63.8,28.7,68.2
GS3.1_93.3,GS3.1_93,600.3,13.5,9,13.7,16.4,63.2,29,71.8
GS3.1_93.4,GS3.1_93,605.9,15.5,9.5,16.5,20,60.1,32.1,67.7
GS3.1_93.5,GS3.1_93,782.9,14.5,10,13.1,15.9,65,27.3,73.5
GS3.1_93.6,GS3.1_93,784.7,13.5,10,14.3,17,63.2,29,69.6
GS3.1_187.1,GS3.1_187,1102.1,17.5,13,12.4,14,65.5,24.9,65.1
GS3.1_187.2,GS3.1_187,725.6,15.5,9.5,13.1,15.5,63.6,27,65.9
GS3.1_187.3,GS3.1_187,1347.6,17.5,12,12.4,14,65.6,24.8,70.2
GS3.1_187.4,GS3.1_187,790.7,15.5,10.5,15,17.3,65,26.6,67.1
GS3.1_187.5,GS3.1_187,997.2,16.5,10.5,10.5,15.1,65.6,25.4,66.9
GS3.1_187.6,GS3.1_187,746.2,16,9.5,12.8,14.9,65.7,24.3,66.1
GS3.1_64.1,GS3.1_64,631.2,14.5,10.5,11.4,14.3,64.6,24.2,67.4
GS3.1_64.2,GS3.1_64,1185.9,17.5,17.5,10.1,11.7,67.3,23.9,65.6
GS3.1_64.3,GS3.1_64,918.2,18,10.5,11.3,12.5,64.9,24.9,67.5
GS3.1_64.4,GS3.1_64,898.2,16,10.5,12.4,14,65.1,24.4,68.6
GS3.1_64.5,GS3.1_64,849.7,16,10.5,12.8,15.2,63.4,26.1,70.7
GS3.1_64.6,GS3.1_64,1023.4,17.5,11.5,10.4,12,65.3,24.9,67.5
GS3.1_118.1,GS3.1_118,839.7,14,10,13.7,15.2,67.2,27.1,72.7
GS3.1_118.2,GS3.1_118,804.7,14,10,14.6,16.6,65.3,27.2,70.3
GS3.1_118.3,GS3.1_118,971,14,11,13.4,15,65.8,25.9,69.2
GS3.1_118.4,GS3.1_118,780.5,14,9.5,13.2,14.7,65.6,26,70.5
GS3.1_118.5,GS3.1_118,1208.1,15,10.5,13,14.5,65.4,26.6,68.5
GS3.1_118.6,GS3.1_118,834.4,14,11,14.3,16.6,64.7,26.2,68
GS3.1_124.1,GS3.1_124,821.9,19,10.5,11.2,13,62,23.1,63.5
GS3.1_124.2,GS3.1_124,639,19,9.5,10.3,12.6,65.4,23,65.6
GS3.1_124.3,GS3.1_124,777.2,18.5,10,10.3,10.2,65,25.3,65.8
GS3.1_124.4,GS3.1_124,595.3,18,9.5,11.1,13.1,65,25,68.8
GS3.1_124.5,GS3.1_124,782.7,17.5,10.5,11.5,13.2,65.8,26.8,68.9
GS3.1_131.1,GS3.1_131,802.5,18,10,7.6,8.1,69.2,22.1,57.9
GS3.1_131.2,GS3.1_131,754.7,17,9.5,8.5,9.4,69.3,21.3,55.9
GS3.1_131.3,GS3.1_131,504.4,15.5,8.5,9,9.8,69.8,21.8,60.1
GS3.1_131.4,GS3.1_131,746.2,15.5,9.5,9.3,9.4,68.7,24.1,58.9
GS3.1_131.5,GS3.1_131,849.5,17.5,10.5,7.9,8,69.5,21.4,58.6
GS3.1_131.6,GS3.1_131,627.1,15,9.5,9.7,9.8,70.6,22.3,56.7
GS3.1_114.1,GS3.1_114,928.3,7,10,13,14.6,61.7,29.5,65.7
GS3.1_114.2,GS3.1_114,1036.4,17,11,11.5,12.9,64.8,28.2,69.2
GS3.1_114.3,GS3.1_114,852.1,16.5,10,12.2,13.4,63.7,28.9,62.5
GS3.1_114.4,GS3.1_114,1023.8,17.5,11,13.5,16,63,29.3,68.1
GS3.1_114.5,GS3.1_114,1051,7.5,10.5,12.6,15.2,63,28.7,67.7
GS3.1_114.6,GS3.1_114,943.7,16.5,11,12.9,15,64,27.3,67.8
GS3.1_168.1,GS3.1_168,1251.5,16.5,11,12,14.3,67.6,21.1,67.9
GS3.1_168.2,GS3.1_168,567.6,14,9.5,13.5,15.3,65.4,23.8,63.8
GS3.1_168.3,GS3.1_168,568.9,13.5,9,13.2,15.7,64.7,22.4,64.7
GS3.1_168.4,GS3.1_168,605.6,13.5,9.5,13.1,17.6,65.7,22.7,64.1
GS3.1_168.5,GS3.1_168,1156.3,16,11,12,14.7,64.6,22.5,64.6
GS3.1_168.6,GS3.1_168,1262.6,5.5,12,12.1,13.6,65.3,23,61.9
GS3.1_107.1,GS3.1_107,839.8,19,10,12.6,14.2,62.6,23.2,57.9
GS3.1_107.2,GS3.1_107,685.1,19,9.5,12,14.7,63.5,27.7,74.2
GS3.1_107.3,GS3.1_107,750.9,18,10.5,11.9,14.6,63.6,27.6,73.2
GS3.1_107.4,GS3.1_107,906.9,20,10,11.5,14,65.1,27.3,71
GS3.1_135.2,GS3.1_135,768.1,18.5,9.5,9.9,10,70.1,22.7,60.5
GS3.1_135.3,GS3.1_135,574.8,16,9.5,9.4,10.1,69.2,23.5,63.3
GS3.1_135.4,GS3.1_135,545,16.5,9,10.9,11.9,68,22,62.2
GS3.1_135.5,GS3.1_135,673.2,17,10,9.4,10,69.2,22.7,58.9
GS3.1_135.6,GS3.1_135,553.3,16,9.5,10.4,13.2,67.6,23.7,61.1
GS3.1_66.1,GS3.1_66,831.8,16.5,10.5,9.3,9.5,69.9,22.3,58.5
GS3.1_66.2,GS3.1_66,521.8,15.5,9,10.3,11.5,68.2,23.6,64.2
GS3.1_66.3,GS3.1_66,828.3,17,10,11.3,10.9,68.8,21.3,57.4
GS3.1_66.4,GS3.1_66,827.7,17,10,9.8,10.3,70.6,21.3,58.9
GS3.1_169.1,GS3.1_169,499.6,12.5,8.5,9.6,15.8,67.3,27.6,73.1
GS3.1_169.2,GS3.1_169,719.2,15,9.5,12.3,16.7,69,23.9,76.5
GS3.1_169.3,GS3.1_169,744.3,15.5,9.5,13,17.2,65.8,27,74.1
GS3.1_169.4,GS3.1_169,782.6,16,9.5,12.4,16.3,68.3,23.3,74.7
GS3.1_169.5,GS3.1_169,717.6,15,9.5,12,16.5,67.6,26.4,75.4
GS3.1_169.6,GS3.1_169,663,15,9.5,12,17,67.2,24.9,72.5
GS3.1_133.1,GS3.1_133,781,16.5,10,12.1,14.7,65.3,24.6,66.9
GS3.1_133.2,GS3.1_133,585.4,15,9.5,9.9,15.8,63.9,25.1,67.7
GS3.1_133.3,GS3.1_133,801,17,10.5,11.4,14.8,66.1,25,71.1
GS3.1_133.4,GS3.1_133,741.4,15.5,9.5,12.8,16.2,64.5,27.6,72.3
GS3.1_133.5,GS3.1_133,809.7,16,10,13.4,16.2,64.6,25.8,71.4
GS3.1_133.6,GS3.1_133,783,17.5,10.5,12,12.2,64.7,24.2,67.9
GS3.1_183.1,GS3.1_183,507.2,15,8,9.4,11,69.1,22.6,66.1
GS3.1_183.2,GS3.1_183,521.3,13.5,8.5,10.7,12.4,68.8,22.2,68.8
GS3.1_183.3,GS3.1_183,602.9,15,8.5,11.2,14.3,67.6,23.2,70.2
GS3.1_183.4,GS3.1_183,473.7,14,8.5,11.7,13.5,68.4,21.6,66.2
GS3.1_183.5,GS3.1_183,541.9,13,9.5,10,11.1,60.9,25.4,61.7
GS3.1_183.6,GS3.1_183,591.6,14.5,9,9.7,11,68.3,22.4,65.3
GS3.1_192.1,GS3.1_192,1102.1,17,10.5,12,13.7,67,26.6,68.1
GS3.1_192.2,GS3.1_192,1219.6,17.5,11,12.9,14.3,65.8,27.6,70.5
GS3.1_192.3,GS3.1_192,1190.9,17.5,11,11,15,65.2,29.6,72.6
GS3.1_192.4,GS3.1_192,1244.6,19,11,NA,NA,65.8,28.2,72.2
GS3.1_192.5,GS3.1_192,570,14,9.5,12,14.6,64.2,28.8,68.7
GS3.1_192.6,GS3.1_192,1002.2,15.5,10.5,11.4,14.1,66,27.5,71.7
GS3.1_119.1,GS3.1_119,900.8,17.5,10,12.1,16.3,67.9,25.2,72.1
GS3.1_119.2,GS3.1_119,760.9,17,9.5,11.9,16.7,66,26.2,73.9
GS3.1_119.3,GS3.1_119,586.6,13.5,9.5,13.4,18,63.9,28.1,74.9
GS3.1_119.4,GS3.1_119,852.3,15.5,10,13.4,18.6,65.2,25.6,69.9
GS3.1_119.5,GS3.1_119,899,17.5,10,12.9,17.2,64.6,29.5,75.9
GS3.1_119.6,GS3.1_119,841.8,17.5,10,13.4,17.5,64,28.7,69.5
GS3.1_147.1,GS3.1_147,745.8,17.5,9,12.2,16.9,63.5,31,72.6
GS3.1_147.2,GS3.1_147,797,19.5,10.5,12.2,18.5,62.1,32.7,72.7
GS3.1_147.3,GS3.1_147,923.3,18,10.5,10.8,15.5,63.6,30.6,70.5
GS3.1_116.1,GS3.1_116,639.2,17,9,11.1,12.1,66.7,21.9,61.5
GS3.1_116.2,GS3.1_116,553.5,15.5,8.5,9.9,10.3,68.3,19.3,57.5
GS3.1_116.3,GS3.1_116,514.4,15.5,8,14.5,15.9,65.3,27,64.9
GS3.1_57.1,GS3.1_57,848.9,18,9.5,10.4,10.8,68.1,21.5,65.1
GS3.1_57.2,GS3.1_57,521.7,14.5,8.5,11.8,14.1,66.4,22.7,67.2
GS3.1_57.3,GS3.1_57,568.2,15.5,9,12,12.8,62.7,23.4,63.1
GS3.1_57.4,GS3.1_57,821.9,19.5,9.5,7.7,9,69.1,18.9,62.1
GS3.1_57.5,GS3.1_57,724.6,18.5,9.5,9,10.3,66.9,23.3,64.5
GS3.1_57.6,GS3.1_57,714.7,17,9.5,11.6,14,64.6,25.4,69.1
GS3.1_16.1,GS3.1_16,725.4,15,9.5,10.4,12.5,64.5,23,67.5
GS3.1_16.2,GS3.1_16,804.7,16,9.5,10.1,11,66,21.9,64.1
GS3.1_16.3,GS3.1_16,829,17,10,10.3,10.9,68.1,24.8,69.9
GS3.1_16.4,GS3.1_16,716.6,14.5,9.5,11.2,12.2,66,26.1,69.9
GS3.1_16.5,GS3.1_16,776.7,16.5,10,11.1,12.5,65.7,23.4,69.1
GS3.1_16.6,GS3.1_16,847.4,15,10,10.7,14,66,24.3,68.5
GS3.1_27.1,GS3.1_27,530.9,13,8.5,13.5,15.3,62.3,26.1,71.4
GS3.1_27.2,GS3.1_27,734.4,14,9.5,10.9,13.9,65.6,24.7,70
GS3.1_27.3,GS3.1_27,769.9,13.5,10,12.3,13.7,67.5,24.4,72.2
GS3.1_27.4,GS3.1_27,665.2,13.5,10,12.3,17.1,64.6,24.8,69.7
GS3.1_27.5,GS3.1_27,728,14,10,13.4,15.1,67.1,24.1,71.2
GS3.1_27.6,GS3.1_27,575.8,12,9,11.5,13.3,65.6,23,66.7
GS3.1_98.1,GS3.1_98,743.9,14.5,9,12.1,14.2,63.6,27.1,69.1
GS3.1_98.2,GS3.1_98,466.7,14,8,12.4,16.3,63.8,26.9,69.6
GS3.1_98.3,GS3.1_98,650,14,9,14.3,16.8,63.6,29,70.1
GS3.1_98.4,GS3.1_98,591.8,13.5,9,13.3,15.7,63.1,26.4,65.7
GS3.1_98.5,GS3.1_98,771.6,13.5,9.5,13.5,16,66.4,27.2,68.1
GS3.1_98.6,GS3.1_98,1017.9,16.5,10,11.7,12.5,67.8,26.2,66.6
GS3.1_109.1,GS3.1_109,795.2,17.5,10,11.2,13.3,66.7,26,67.1
GS3.1_109.2,GS3.1_109,1257.8,20,11,10,12.6,65.3,26.9,70
GS3.1_109.3,GS3.1_109,619,17.5,9,10.6,12.1,64.8,27,69.9
GS3.1_109.4,GS3.1_109,1058.6,19.5,10,7.8,14.2,65.9,27.1,72.5
GS3.1_109.5,GS3.1_109,1192.7,21,10.5,12.1,13.7,67.3,27.8,66.4
GS3.1_109.6,GS3.1_109,654.5,17,9.5,11.5,12.9,66,25.7,66.7
GS3.1_80.01,GS3.1_80,1055.5,18,10.5,11.1,13.1,63.5,23.7,62.8
GS3.1_80.02,GS3.1_80,1077,17,10.5,10.7,12.2,64.5,25.5,67.1
GS3.1_80.03,GS3.1_80,1174.7,17,10.5,12,12.6,64.4,25.5,63.5
GS3.1_80.04,GS3.1_80,691.2,15.5,9,11.4,14.6,64.7,26.6,69.7
GS3.1_80.05,GS3.1_80,964.3,18,9.5,11.8,14.7,65.2,23.9,66.1
GS3.1_80.06,GS3.1_80,726.8,15.5,9,12.7,16.7,65,26.1,68
GS3.1_160.01,GS3.1_160,905.9,19,9,14.1,18.6,61.5,31.9,70.1
GS3.1_160.02,GS3.1_160,930.9,18,10,12.7,18.2,62.9,31.4,73.2
GS3.1_160.03,GS3.1_160,686.4,16.5,9,13.5,17,62.3,30.4,70.7
GS3.1_160.04,GS3.1_160,1096.9,18.5,10.5,12.8,15.9,61.5,30.3,69.1
GS3.1_160.05,GS3.1_160,899.9,16.5,10,4.2,20,61.3,30.5,69.8
GS3.1_160.06,GS3.1_160,1198.1,20,10,11.8,17.8,62.8,30.3,72.1
GS3.1_31.01,GS3.1_31,726.6,18,8,9.9,12.2,67.1,23.2,68.7
GS3.1_31.02,GS3.1_31,893.1,19,9.5,10.3,12.6,65.7,24.3,68.1
GS3.1_31.03,GS3.1_31,765.9,17.5,9.5,10.1,12.9,65.8,24,69.9
GS3.1_31.04,GS3.1_31,779.4,19,9.5,11.2,13.7,65.4,24.4,71.3
GS3.1_31.05,GS3.1_31,754.7,18,9.5,11.4,13.5,64.6,23,68
GS3.1_31.06,GS3.1_31,1046.4,19.5,10.5,8.6,10.7,65.6,24.6,70.9
GS3.1_158.01,GS3.1_158,635.1,15,9,10.9,13.3,64.8,23.6,69.6
GS3.1_158.02,GS3.1_158,866.3,17.5,9.5,11.6,12.9,65.3,24.3,70.5
GS3.1_158.03,GS3.1_158,907.3,19,10,10.5,15.2,65.5,23.8,69.7
GS3.1_158.04,GS3.1_158,531.1,15.5,8.5,11.9,13.1,63.4,23.3,68
GS3.1_158.05,GS3.1_158,941.3,17,10.5,11.4,15.1,64.2,23.6,70.6
GS3.1_158.06,GS3.1_158,1100.8,17,11,11.2,15.8,66.2,22.8,70.2
GS3.1_48.01,GS3.1_48,1157.5,18.5,12,14.2,17.1,64,26.1,70
GS3.1_48.02,GS3.1_48,635.7,16.5,10,8.4,8.5,69.5,22.8,62.4
GS3.1_48.03,GS3.1_48,491,14.5,9.5,10.8,11.2,69.6,23.4,59.3
GS3.1_73.01,GS3.1_73,732.9,15,10.5,9.7,9.4,69.3,22.8,65.1
GS3.1_73.02,GS3.1_73,518.5,14,9,10,10.3,71.1,21.5,59.4
GS3.1_73.03,GS3.1_73,569.7,14.5,9.5,9,9.3,69.8,21.1,60.8
GS3.1_73.04,GS3.1_73,899,14,10.5,9.5,10.9,68,24.9,69.2
GS3.1_73.05,GS3.1_73,447.8,13.5,9,9.9,11.2,68.7,24,61.8
GS3.1_58.01,GS3.1_58,557.2,14.5,8.5,10.9,11.8,67.1,25.1,67.1
GS3.1_58.02,GS3.1_58,596.9,13.5,9,10.7,11.2,69.4,24.1,63.3
GS3.1_58.03,GS3.1_58,695.4,14.5,10,10.5,10.8,67.8,23.4,63.9
GS3.1_23.01,GS3.1_23,676.4,17.5,9,10.3,11.3,65.9,25.6,68.5
GS3.1_23.02,GS3.1_23,487.4,15.5,9,10.4,12.5,63.5,23.4,67.1
GS3.1_55.01,GS3.1_55,753,17,10,9.6,9.2,69.6,20.2,59.4
GS3.1_55.02,GS3.1_55,933.1,17.5,11,9.6,8,69.9,21.3,57.1
GS3.1_166.01,GS3.1_166,804.6,15.5,9,13.6,16.6,64.9,28.5,75.8
GS3.1_166.02,GS3.1_166,926.7,17,9.5,13.2,17.3,65.2,28,76.4
GS3.1_166.03,GS3.1_166,812.7,15.5,10.5,12.8,17.4,64.8,28.8,76
GS3.1_166.04,GS3.1_166,843.9,17,10,11.8,17.3,64.2,29.7,76.4
GS3.1_166.05,GS3.1_166,657.9,15.5,8.5,13.4,17.6,63.9,29.7,75.6
GS3.1_166.06,GS3.1_166,1042.8,16,11,13,17.4,65.3,28.7,75.6
GS3.1_156.01,GS3.1_156,1302,18.5,11,12,14.1,62.8,27.3,73
GS3.1_156.02,GS3.1_156,1078,18.5,11,12.7,14.8,62.6,29,73.2
GS3.1_156.03,GS3.1_156,725.5,17.5,9.5,12.8,16,60.7,32.9,68.8
GS3.1_156.04,GS3.1_156,994.2,17.5,10.5,13.5,15.5,62.6,28.4,73.8
GS3.1_156.05,GS3.1_156,615.5,15,9,13.3,16,61.9,31,68.7
GS3.1_156.06,GS3.1_156,870.7,20.5,10.5,14.2,17.2,59.2,33,67
GS3.1_81.01,GS3.1_81,992.8,17,11,11.6,14.5,63.9,27.4,72.5
GS3.1_81.02,GS3.1_81,777,17,11,11.8,13.8,63.1,28,71.3
GS3.1_81.03,GS3.1_81,736.1,16,11,12.7,15.2,61.3,32,66.8
GS3.1_81.04,GS3.1_81,839.8,19,10,11.1,12.3,62.2,23.9,68.6
GS3.1_81.05,GS3.1_81,860,17,10.5,11.2,13.3,61.9,24.9,70.2
GS3.1_170.01,GS3.1_170,851.6,16,11,11.7,14.3,61.8,26.6,73.9
GS3.1_170.02,GS3.1_170,596.9,14.5,10,13,15.7,61.1,30.6,72.5
GS3.1_170.03,GS3.1_170,654.1,14,10,12.4,15.8,62.7,29.3,74
GS3.1_170.04,GS3.1_170,955.3,15,11,12.5,15.2,62.8,29.5,73.4
GS3.1_170.05,GS3.1_170,620.5,14,10.5,12.3,17.2,64.8,27.5,74.2
GS3.1_170.06,GS3.1_170,1072.3,17,11,13.1,16.2,63,28.4,73.8
GS3.1_154.01,GS3.1_154,515,15.5,8.5,8.9,9,71.4,18.9,64.1
GS3.1_154.02,GS3.1_154,544.2,14.5,9,9.4,9.7,70.3,21.5,66.1
GS3.1_154.03,GS3.1_154,697.1,15.5,8.5,8.2,8.1,70.9,18.8,66.1
GS3.1_154.04,GS3.1_154,873.1,15.5,11,9.1,8.8,70.1,19.1,65.3
GS3.1_21.01,GS3.1_21,709.4,16.5,10,11.1,12.8,62.1,28.2,71.4
GS3.1_21.02,GS3.1_21,613,15.5,9,11.7,12.9,61.5,26.9,69.1
GS3.1_21.03,GS3.1_21,557.2,17,8.5,12.4,13.7,62.5,28.5,70.8
GS3.1_21.04,GS3.1_21,706.5,17,10,11.5,12.4,61.6,29.3,70.1
GS3.1_21.05,GS3.1_21,764.6,17.5,9.5,11.2,11.5,62.5,27.4,70.1
GS3.1_21.06,GS3.1_21,604.8,15,9.5,13.4,17.9,63.1,29.1,74.8
GS3.1_102.01,GS3.1_102,638.9,16,9.5,11.5,12.5,67,24.2,64.7
GS3.1_102.02,GS3.1_102,435.1,16,7.5,12.5,13.3,63.1,25.4,65.8
GS3.1_102.03,GS3.1_102,620.5,16.5,8.5,12.9,13.8,64,28.6,73.2
GS3.1_102.04,GS3.1_102,587.7,16.5,8.5,12.5,13.2,64.8,27.6,70.5
GS3.1_102.05,GS3.1_102,540.1,17.5,8.5,10.2,10.8,64,27.2,68.2
GS3.1_51.01,GS3.1_51,593.7,14.5,9.5,7.6,7.7,64.3,24.8,66.5
GS3.1_51.02,GS3.1_51,845.1,17.5,9.5,7.2,7.9,65.4,25.3,66.1
GS3.1_51.03,GS3.1_51,560.5,16,9,8.7,9.3,65.8,25.2,67.2
GS3.1_164.01,GS3.1_164,811.9,14.5,10.5,9.6,9.6,65.3,24.1,68.5
GS3.1_164.02,GS3.1_164,479.3,13,8.5,10.1,10.1,65.3,26.6,69.5
GS3.1_164.03,GS3.1_164,1009.1,15,11,9.2,10.3,65.7,25,69.2
GS3.1_164.06,GS3.1_164,818.4,16,10,8.6,8.8,65.5,23.4,67.6
GS3.1_164.04,GS3.1_164,878,14.5,10,8.5,9,66.1,23.5,65.5
GS3.1_164.05,GS3.1_164,552.9,11.5,9.5,10.7,12.3,64.2,28.1,68.3
GS3.1_24.01,GS3.1_24,1012.4,18.5,10,10.7,12,64.1,26.2,71.1
GS3.1_24.02,GS3.1_24,915.7,17,10,12.5,13.9,62.9,26.3,71.2
GS3.1_24.03,GS3.1_24,820.3,16.5,10,11.7,12.4,63.7,27.4,70
GS3.1_24.04,GS3.1_24,939.9,20,10,11.9,13.3,62,28.1,71
GS3.1_24.05,GS3.1_24,1093.1,17,9.5,11.1,13.3,63.8,27.7,74.7
GS3.1_24.06,GS3.1_24,623.9,17,9,11.9,13.1,61.4,29.3,71.4
GS3.1_77.01,GS3.1_77,1083.6,16.5,11,12,15,62,30.8,71.9
GS3.1_77.02,GS3.1_77,857,16,10.5,9.3,15.8,60.5,33.8,70.5
GS3.1_77.03,GS3.1_77,1070.9,16.5,10.5,10.6,14.6,62.7,28.9,74.2
GS3.1_77.04,GS3.1_77,873,16.5,10.5,12.5,15.6,62,31,74.5
GS3.1_77.05,GS3.1_77,921.8,15.5,10.5,11.7,14.2,61.1,30.6,68.7
GS3.1_77.06,GS3.1_77,1154.8,17.5,11.5,11.1,14.1,61.8,30.8,71.5
GS3.1_86.01,GS3.1_86,729.2,17,9.5,12.7,15.3,63.7,26.6,67
GS3.1_86.02,GS3.1_86,706,17,9,10.2,15.7,62.7,28.8,64.3
GS3.1_86.03,GS3.1_86,468.4,15,8.5,13,16.3,60.7,28.8,69.7
GS3.1_86.04,GS3.1_86,717.9,15.5,9.5,13.2,15.6,64.9,27.3,72.3
GS3.1_86.05,GS3.1_86,815.8,17,9,12.8,16.7,64.7,27.7,72.5
GS3.1_62.01,GS3.1_62,1041.4,16.5,10.5,11.4,15.2,65.1,28.7,72.9
GS3.1_62.02,GS3.1_62,815.3,15.5,9.5,14.3,NA,62.1,26,70.2
GS3.1_62.03,GS3.1_62,1029,16.5,10,13.3,15.4,62.2,30.6,72.9
GS3.1_62.04,GS3.1_62,1009.9,16,11,13.7,15.4,61.4,28.9,67.3
GS3.1_62.05,GS3.1_62,1131.4,16.5,10,13.4,15.7,62.7,29.8,71.9
GS3.1_62.06,GS3.1_62,906.5,12.5,11,10.1,15,65.8,24.6,67.3
GS3.1_155.01,GS3.1_155,1180.4,18,10.5,12.7,15.1,63.9,28.5,73.8
GS3.1_155.02,GS3.1_155,659.1,17,9.5,13.8,16.9,62.5,34.6,68.6
GS3.1_155.03,GS3.1_155,617.1,16,9.5,13,16.4,61.1,35.5,66
GS3.1_155.04,GS3.1_155,654.5,16,9,13.9,17.1,61.4,34.3,65.9
GS3.1_155.05,GS3.1_155,997.8,17,10,13.7,17.2,61.9,30.4,70.4
GS3.1_155.06,GS3.1_155,634.9,16,9.5,14.5,18.3,62.3,32.9,69.9
GS3.1_17.01,GS3.1_17,505.5,15,8.5,10.1,11,64.2,25.3,68.8
GS3.1_17.02,GS3.1_17,640.5,16,8.5,12.6,12.8,63.8,25.9,70.5
GS3.1_17.03,GS3.1_17,502.6,15,8,11.6,12.6,64,25.1,70.4
GS3.1_17.04,GS3.1_17,577.1,15.5,8.5,11.2,12.3,64.4,27.3,73.1
GS3.1_17.05,GS3.1_17,536.9,14.5,8.5,11.4,14.9,63.9,26.4,70.7
GS3.1_17.06,GS3.1_17,531.4,15,8.5,11.5,12.5,62.6,25.9,71.3
GS3.1_46.01,GS3.1_46,675,16.5,9.5,12,14,62.2,25.7,69.1
GS3.1_46.02,GS3.1_46,707,17,9.5,6,13,63.2,26.4,70.8
GS3.1_46.03,GS3.1_46,587.6,14.5,9.5,10.3,12.1,61.6,26,68.6
GS3.1_46.04,GS3.1_46,725.3,15.5,9.5,10.2,14.2,64.8,26.3,72.3
GS3.1_46.05,GS3.1_46,484.1,15,8.5,11.7,12.8,63,26.9,69.8
GS3.1_46.06,GS3.1_46,452.6,14.5,7.5,11.8,13.6,61.5,26,67.1
GS3.1_83.01,GS3.1_83,957.2,14,10.5,12.6,15,64,29.6,75.7
GS3.1_83.02,GS3.1_83,844.9,13,10,12.7,14.6,64.4,26.8,71
GS3.1_83.03,GS3.1_83,1065.7,15,10.5,13.3,15.1,64.6,29.1,74.5
GS3.1_83.04,GS3.1_83,934.8,13.5,10,13.3,15.1,63.9,29.1,72
GS3.1_83.05,GS3.1_83,828.4,13,9,13.2,14.8,64.4,27.3,71.4
GS3.1_83.06,GS3.1_83,798.2,12.5,9.5,13,14.3,63.6,28.8,69.8
GS3.1_30.01,GS3.1_30,1301.8,19.5,11.5,12.2,12.7,63.8,27.4,73.7
GS3.1_30.02,GS3.1_30,969.6,19.5,10.5,11.9,13.3,63.6,27.9,71.8
GS3.1_30.03,GS3.1_30,1245.4,21.5,11.5,11.5,11.5,63.6,28.4,72.4
GS3.1_30.04,GS3.1_30,1001.7,19.5,10,11.9,12.7,63.8,26.8,71.2
GS3.1_30.05,GS3.1_30,1118,20,10.5,10.3,11.3,63.3,28.5,70.5
GS3.1_30.06,GS3.1_30,892.7,18,10,12.2,13.9,62.1,30.4,70.7
GS3.1_69.01,GS3.1_69,503.2,14,8.5,13.9,16.6,62.8,28,69.5
GS3.1_69.02,GS3.1_69,684.1,15,9.5,12.6,17.5,64,28.7,75.8
GS3.1_69.03,GS3.1_69,675.8,16.5,8.5,13,19,63.3,26.7,74.2
GS3.1_69.04,GS3.1_69,647.4,16,9,13,13.7,63,29.3,73
GS3.1_69.05,GS3.1_69,763.9,16.5,9.5,13.9,15.8,61.7,28.1,68.7
GS3.1_69.06,GS3.1_69,535.2,15.5,8.5,15.7,18.1,64.3,27.1,75.2
GS3.1_100.01,GS3.1_100,599,17,8.5,8.9,9.6,65.2,23.4,69.1
GS3.1_100.02,GS3.1_100,801.9,19.5,9,9.5,11.9,65,26.4,68.6
GS3.1_100.03,GS3.1_100,838.7,19,9,9.3,9.6,66.5,23.4,68.5
GS3.1_100.04,GS3.1_100,516.6,17.5,9,10,11.4,63.6,24,68.7
