EntryID,DM
18-3727_Rep2_2.2,9.28
18-3727_Rep2_2.1,10.9306260575296
18-3727_Rep2_3.3,12.8007402837754
18-3727_Rep2_3.2,10.2074966532798
18-3727_Rep2_3.1,10.7759974866478
18-3727_Rep2_1.2,13.8173302107728
18-3727_Rep2_1.1,12.2103078519543
18-3727_Rep2_4.1,11.9687092568448
18-3723_Rep1_16.5,14.4667952604023
18-3723_Rep1_17.3,10.8192977447902
18-3723_Rep1_17.5,10.4382929642445
18-3723_Rep1_17.6,11.1730205278592
18-3723_Rep1_16.4,9.20821114369502
18-3723_Rep1_17.1,11.1139829413285
18-3723_Rep1_16.3,10.0772797527048
18-3723_Rep1_17.2,16.4362519201229
18-3723_Rep1_17.4,10.5743628756181
18-3723_Rep1_16.1,10.0669412976313
18-3723_Rep1_16.2,10.6441802598839
18-3723_Rep1_18.1,12.0850428944424
18-3723_Rep1_15.3,13.6209813874789
18-3723_Rep1_15.4,13.968439509059
18-3725_Rep3_14.1,13.5635635635636
18-3725_Rep3_14.4,15.9693165969317
18-3723_Rep1_13.1,11.1667187988739
18-3725_Rep3_19.1,13.9598790876614
18-3725_Rep3_14.5,14.6443514644351
18-3725_Rep3_14.3,13.5359908230571
18-3723_Rep1_14.4,10.6749505789325
18-3725_Rep3_14.2,14.6816935729516
18-3723_Rep1_18.3,11.7664233576642
18-3723_Rep1_14.5,11.8112312153968
18-3725_Rep3_14.6,11.5797354629399
18-3723_Rep1_18.5,10.0560398505604
18-3723_Rep1_14.6,11.1351685740798
18-3723_Rep1_18.4,11.027027027027
18-3723_Rep1_15.2,11.5752551020408
18-3723_Rep1_15.1,12.7625201938611
18-3725_Rep3_12.2,14.4308473793581
18-3725_Rep3_11.2,16.4379189275455
18-3725_Rep3_12.3,15.8330951700486
18-3725_Rep3_12.5,13.8182973316391
18-3725_Rep3_19.2,14.9926793557833
18-3725_Rep3_18.4,13.4358974358974
18-3725_Rep3_18.1,14.2239946826188
18-3725_Rep3_19.4,14.1916906622789
18-3725_Rep3_18.2,14.2371601208459
18-3725_Rep3_18.6,16.0041841004184
18-3725_Rep3_18.3,13.4185303514377
18-3725_Rep3_19.5,12.3493975903614
18-3725_Rep3_11.1,11.1858190709046
18-3725_Rep3_19.3,15.8915834522111
18-3725_Rep3_12.6,16.7136631632915
18-3725_Rep3_18.5,15.29284164859
18-3725_Rep3_12.1,13.258505787443
18-3725_Rep3_12.4,15.438373570521
18-3725_Rep1_12.2,14.2476697736352
18-3725_Rep1_12.3,15.5684007707129
18-3725_Rep1_9.1,12.5264270613108
18-3725_Rep1_12.6,16.3732394366197
18-3725_Rep1_9.5,15.0600343053173
18-3725_Rep1_12.5,16.6796976804795
18-3725_Rep1_10.3,13.9955849889625
18-3725_Rep1_10.1,14.6899224806202
18-3725_Rep1_9.6,11.6206896551724
18-3725_Rep1_10.4,16.2265462126477
18-3725_Rep1_13.4,14.516672280229
18-3725_Rep1_14.4,15.9654395191585
18-3725_Rep1_14.1,16.8914362778152
18-3725_Rep1_9.2,11.9281045751634
18-3725_Rep1_10.5,14.1663350577
18-3725_Rep1_12.1,17.4085850556439
18-3725_Rep1_12.4,16.9844455594581
18-3725_Rep1_14.6,18.1754874651811
18-3725_Rep1_10.2,17.9848693259973
18-3725_Rep1_14.3,22.0282626766417
18-3725_Rep1_13.3,18.326359832636
18-3725_Rep1_14.5,17.3157747268142
18-3725_Rep1_9.4,16.0949022122475
18-3725_Rep1_9.3,12.2369446609509
18-3725_Rep1_14.2,16.7669819432502
18-3726_Rep3_8.2,17.492816091954
18-3726_Rep3_3.6,14.4551519644181
18-3726_Rep3_3.4,15.3636981645139
18-3726_Rep3_1.2,14.2648668369208
18-3726_Rep3_4.5,15.4349247874428
18-3726_Rep3_5.1,12.8352490421456
18-3726_Rep3_1.1,NA
18-3726_Rep3_4.4,15.1566951566952
18-3726_Rep3_4.3,13.9758179231863
18-3726_Rep3_8.1,15.3874813710879
18-3726_Rep3_5.3,13.5723771580345
18-3726_Rep3_4.1,15.0509241795549
18-3726_Rep3_3.1,15.3388429752066
18-3724_Rep3_6.1,14.6382691007437
18-3726_Rep3_5.2,15.7047506870828
18-3725_Rep1_13.2,15.1759767516952
18-3726_Rep3_4.2,15.0435771125426
18-3726_Rep3_3.2,12.4502906087489
18-3726_Rep3_3.5,13.7047710534742
18-3726_Rep3_8.3,17.6636713735558
18-3725_Rep1_13.1,14.5720649061406
18-3726_Rep3_8.4,15.006468305304
18-3724_Rep3_2.4,12.2768556216724
18-3724_Rep3_5.2,17.0945522855354
18-3724_Rep3_2.5,11.7224880382775
18-3724_Rep3_5.4,17.3010380622837
18-3724_Rep3_6.4,10.981610981611
18-3726_Rep3_8.5,14.6494593651901
18-3724_Rep3_3.3,11.1175616835994
18-3724_Rep3_2.3,10.7860415932323
18-3724_Rep3_6.2,9.69510106200754
18-3724_Rep3_6.3,11.9285714285714
18-3724_Rep3_5.3,18.0067257719352
18-3724_Rep3_3.4,11.7553360942975
18-3724_Rep3_2.6,11.5362811791383
18-3724_Rep3_3.1,11.3278974956319
18-3724_Rep3_5.1,17.3973075595444
18-3724_Rep3_2.1,12.5146886016451
18-3724_Rep3_2.2,15.3201219512195
18-3724_Rep3_3.5,11.8470467736429
18-3724_Rep2_13.1,14.7671994440584
18-3724_Rep2_12.4,12.9149945275447
18-3724_Rep2_15.1,14.4894651539708
18-3724_Rep2_13.2,15.0512214342002
18-3724_Rep2_13.3,13.716814159292
18-3724_Rep2_12.5,11.5044247787611
18-3724_Rep2_12.3,13.3293662600417
18-3724_Rep2_12.2,12.9159802306425
18-3724_Rep3_4.6,15.0922509225092
18-3724_Rep3_4.3,12.317114664852
18-3724_Rep3_4.5,11.123227917121
18-3724_Rep3_1.1,12.0906801007557
18-3724_Rep3_4.1,NA
18-3724_Rep2_15.3,15.9058823529412
18-3724_Rep3_4.2,13.4134767478646
18-3724_Rep3_1.2,10.203488372093
18-3724_Rep3_4.4,13.2464146023468
18-3724_Rep2_15.2,15.3885876581461
18-3724_Rep2_12.1,12.7891863789966
18-3724_Rep2_15.4,15.5422288855572
18-3724_Rep3_3.2,13.2646490663232
18-3728_Rep3_2.1,12.1634850709741
18-3724_Rep2_13.6,15.6633722671459
18-3728_Rep3_9.3,11.2227324913892
18-3724_Rep2_13.4,14.9463806970509
18-3724_Rep2_14.4,15.6980627922512
18-3724_Rep2_14.3,13.823019086177
18-3728_Rep3_2.2,12.9825489159175
18-3724_Rep2_14.5,15.9083777847505
18-3724_Rep2_14.1,13.4154688569473
18-3728_Rep3_9.5,10.7340946166395
18-3728_Rep3_1.2,9.27105449398443
18-3724_Rep2_14.6,13.8759411975619
18-3728_Rep3_1.1,11.9871566179094
18-3728_Rep3_9.2,11.8388683886839
18-3728_Rep3_9.1,13.2070135746606
18-3724_Rep2_13.5,13.9797507788162
18-3728_Rep3_2.4,14.0006437077567
18-3724_Rep2_15.5,15.3232697237254
18-3728_Rep3_2.3,12.6134585289515
18-3724_Rep2_14.2,14.2458879286312
18-3724_Rep2_15.6,14.1656662665066
18-3728_Rep3_9.6,12.7082213863514
18-3723_Rep1_10.2,11.501096834848
18-3728_Rep3_1.4,11.6272275781478
18-3723_Rep1_11.1,14.1896220371557
18-3723_Rep1_11.2,10.1357751815598
18-3723_Rep1_12.4,13.2447296058662
18-3723_Rep1_8.1,14.1632500931793
18-3723_Rep1_11.4,10.3082532316871
18-3723_Rep1_10.1,9.67635402906209
18-3723_Rep1_10.3,13.8301231449321
18-3728_Rep3_1.5,11.9032858028518
18-3728_Rep3_1.6,10.2982554867755
18-3723_Rep1_11.6,13.1675874769797
18-3723_Rep1_8.2,16.0954948016943
18-3723_Rep1_10.4,12.14848143982
18-3723_Rep1_10.6,13.2352941176471
18-3723_Rep1_8.3,15.8492822966507
18-3723_Rep1_10.5,12.7310061601643
18-3723_Rep1_11.3,11.6810059563203
18-3728_Rep3_1.3,8.81739648495681
18-3723_Rep1_11.5,11.5250291036088
18-3723_Rep1_8.4,15.0447133087848
18-3723_Rep1_12.5,9.88632449190493
18-3728_Rep3_9.4,14.5748987854251
18-3723_Rep1_12.2,10.6241699867198
18-3723_Rep1_12.3,9.26746166950596
18-3723_Rep1_12.1,11.979014864471
18-3724_Rep2_6.3,13.3599202392822
18-3724_Rep2_3.1,15.8952278435594
18-3724_Rep2_3.5,13.4153846153846
18-3724_Rep2_2.3,11.6637478108581
18-3723_Rep1_12.6,9.93401759530792
18-3724_Rep2_3.6,19.6281621456873
18-3724_Rep2_6.2,11.5680374456703
18-3724_Rep2_6.1,11.9732635861668
18-3724_Rep2_3.2,13.4538152610442
18-3724_Rep2_3.4,16.5505226480836
18-3724_Rep2_1.3,13.2207709461612
18-3724_Rep2_6.4,12.6255380200861
18-3724_Rep2_4.1,12.815269256987
18-3724_Rep2_5.2,12.1739130434783
18-3724_Rep2_1.1,12.0774532326879
18-3724_Rep2_5.3,13.8761817627325
18-3724_Rep2_1.2,12.3061362103844
18-3724_Rep2_5.1,12.7828386717602
18-3724_Rep2_3.3,15.4071470415934
18-3724_Rep2_1.4,12.0661157024793
18-3724_Rep2_4.2,12.6195618636223
18-3724_Rep_4.6,NA
18-3724_Rep2_4.3,13.168449197861
18-3724_Rep2_2.1,11.6373902132999
18-3724_Rep2_2.2,13.1256656017039
18-3725_Rep3_2.2,15.8528645833333
18-3725_Rep3_13.3,14.9524101934295
18-3725_Rep3_13.4,13.5646687697161
18-3725_Rep3_13.5,13.6350192250813
18-3725_Rep3_13.1,NA
18-3725_Rep3_11.5,18.6002994011976
18-3725_Rep3_2.1,14.1724793912492
18-3725_Rep3_13.2,18.2810848890454
18-3725_Rep3_13.6,12.8971962616822
18-3725_Rep3_11.6,15.9955670483931
18-3724_Rep2_4.5,12.8810226155359
18-3725_Rep3_11.4,15.4595252586732
18-3724_Rep2_4.4,13.6806722689076
18-3725_Rep3_11.3,12.899748472871
18-3725_Rep3_16.5,18.2009100455023
18-3725_Rep3_16.1,16.5684830633284
18-3725_Rep3_16.3,19.0408017179671
18-3725_Rep3_3.2,15.5103402268179
18-3725_Rep3_16.2,19.1312679655062
18-3725_Rep3_3.6,14.9206349206349
18-3725_Rep3_3.5,15.1806127114769
18-3725_Rep3_16.4,18.0466373774924
18-3725_Rep3_3.1,16.5241190557646
18-3725_Rep3_2.4,14.4318983768525
18-3725_Rep3_2.3,14.6816232266579
18-3725_Rep3_2.6,13.468286099865
18-3725_Rep3_3.4,15.8866683531495
18-3725_Rep3_2.5,14.1940085592011
18-3723_Rep2_2.4,10.392798690671
18-3723_Rep1_1.3,13.4288570476508
18-3723_Rep2_5.3,13.4823182711198
18-3723_Rep1_1.2,13.0948245918722
18-3723_Rep2_6.4,11.3404565322972
18-3723_Rep2_5.1,15.0072568940493
18-3723_Rep2_4.2,11.7149758454106
18-3723_Rep2_5.4,12.9918141008714
18-3723_Rep2_1.4,17.9939377238909
18-3723_Rep2_6.6,13.9455782312925
18-3723_Rep2_4.1,14.1619279718386
18-3723_Rep2_3.3,14.9038461538462
18-3723_Rep2_1.3,11.2254744290769
18-3723_Rep2_2.1,14.4839549002602
18-3723_Rep2_6.5,13.0434782608696
18-3723_Rep2_1.5,16.4784245583551
18-3723_Rep2_1.2,15.0413817920115
18-3723_Rep2_2.2,10.4078389830508
18-3723_Rep2_3.1,15.7283807312826
18-3723_Rep2_3.2,13.2291040288635
18-3723_Rep2_5.2,14.5294284901905
18-3723_Rep2_1.1,13.5867871611094
18-3724_Rep3_11.2,11.8188795088258
18-3724_Rep3_11.4,12.9205120571599
18-3724_Rep3_11.1,12.4753775443204
18-3724_Rep3_10.1,16.2377994676131
18-3724_Rep3_10.4,14.2071035517759
18-3724_Rep3_9.1,12.1771217712177
18-3724_Rep3_11.3,14.318573893042
18-3724_Rep3_10.2,12.8309572301426
18-3723_Rep2_6.2,11.4586994727592
18-3723_Rep2_5.5,14.4240077444337
18-3723_Rep2_6.1,13.7321760694358
18-3723_Rep2_5.6,14.9341142020498
18-3723_Rep1_1.4,14.9836163240989
18-3723_Rep2_6.3,13.8466622604098
18-3723_Rep1_2.2,11.0379898294945
18-3724_Rep3_10.3,14.3682310469314
18-3723_Rep1_1.1,18.5473411154345
18-3723_Rep1_1.5,13.6192861615529
18-3723_Rep1_2.3,11.9617224880383
18-3723_Rep1_2.4,11.9747899159664
18-3723_Rep1_2.1,11.2844341188185
18-3723_Rep2_2.3,13.153673403914
18-3725_Rep1_18.1,12.7842866988284
18-3725_Rep1_18.4,12.433234421365
18-3725_Rep1_20.2,12.1492007104796
18-3724_Rep3_7.6,14.624881291548
18-3725_Rep1_15.2,15.9480212640284
18-3725_Rep1_15.1,14.8498143773203
18-3725_Rep1_15.3,13.6301835486064
18-3724_Rep3_7.1,16.0140268848627
18-3724_Rep3_7.2,15.2844607981885
18-3724_Rep3_7.3,13.5615711252654
18-3724_Rep3_7.4,14.0095087163233
18-3724_Rep3_7.5,14.3371325734853
18-3724_Rep3_8.4,12.2739515198153
18-3724_Rep3_8.2,11.6803278688525
18-3724_Rep3_8.3,11.3791861721282
18-3724_Rep3_8.5,12.4585504500237
18-3724_Rep3_8.6,11.6515426497278
18-3724_Rep3_9.4,11.4203454894434
18-3724_Rep3_9.2,12.0420888542479
18-3724_Rep3_9.6,11.5317209954434
18-3724_Rep3_8.1,12.1302758391492
18-3724_Rep3_9.3,12.1895424836601
18-3724_Rep3_9.5,11.1869918699187
18-3725_Rep1_18.2,14.5486415425066
18-3725_Rep1_18.3,16.3486005089059
18-3725_Rep1_18.6,13.4785568413887
18-3725_Rep1_16.1,18.3787822189018
18-3727_Rep3_3.3,12.5196109193599
18-3725_Rep1_18.5,13.0557118739448
18-3727_Rep3_4.1,NA
18-3725_Rep1_16.4,15.3030804902286
18-3725_Rep1_20.1,11.759452217922
18-3727_Rep3_4.3,12.4359412367612
18-3725_Rep1_16.2,15.4437187860161
18-3727_Rep3_3.4,13.4839151266256
18-3725_Rep1_19.1,15.3846153846154
18-3727_Rep3_3.2,15.0033266799734
18-3725_Rep1_16.3,14.7289586305278
18-3725_Rep1_16.5,17.7105184297273
18-3725_Rep1_19.2,17.0796797560046
18-3727_Rep3_3.1,14.5166838665291
18-3727_Rep3_2.1,13.3944411590775
18-3727_Rep3_4.2,11.9331742243437
18-3727_Rep3_5.3,12.3414785029384
18-3727_Rep3_5.2,13.2176234979973
18-3727_Rep3_5.1,14.7972232371209
18-3725_Rep1_19.4,15.8805031446541
18-3727_Rep3_1.1,11.9246861924686
18-3725_Rep1_19.3,17.4103585657371
18-3724_Rep3_12.3,9.51147298297557
18-3723_Rep1_6.2,14.0076579451181
18-3723_Rep1_7.1,11.970853573907
18-3723_Rep1_7.3,11.5145228215768
18-3723_Rep1_7.2,11.9876473891072
18-3723_Rep1_6.3,14.2808568514111
18-3723_Rep1_5.6,7.46315459391659
18-3723_Rep1_3.3,9.33534743202417
18-3723_Rep1_5.3,9.67336683417085
18-3723_Rep1_5.4,9.12375790424571
18-3723_Rep1_4.1,13.3726988537687
18-3723_Rep1_3.1,9.55433455433456
18-3723_Rep1_4.6,7.40740740740741
18-3723_Rep1_5.5,9.17371502927781
18-3723_Rep1_4.2,7.62124711316397
18-3723_Rep1_6.1,13.7811415957111
18-3723_Rep1_4.5,10.1683937823834
18-3723_Rep1_5.1,7.45454545454545
18-3723_Rep1_5.2,6.20790629575403
18-3723_Rep1_3.2,11.0854503464203
18-3723_Rep1_6.4,14.5712630359212
18-3723_Rep1_4.3,10.9201213346815
18-3723_Rep1_4.4,7.4444791992493
18-3724_Rep3_13.2,10.0899381675098
18-3723_Rep1_9.3,13.9876100423867
18-3724_Rep3_13.1,11.141975308642
18-3724_Rep3_14.5,11.2469437652812
18-3723_Rep1_6.5,12.6166817223728
18-3724_Rep3_13.5,10.0379441186616
18-3724_Rep3_13.6,12.9450814725407
18-3724_Rep3_14.3,12.2673176685993
18-3724_Rep3_13.3,14.7234941880944
18-3724_Rep3_12.6,14.4927536231884
18-3724_Rep3_14.4,12.3674911660777
18-3723_Rep1_9.2,11.0322228290552
18-3724_Rep3_12.1,9.77477477477477
18-3724_Rep3_14.1,8.9086859688196
18-3724_Rep3_13.4,10.8543630282761
18-3724_Rep3_12.5,15.3255303584492
18-3723_Rep1_9.1,13.4844521941296
18-3724_Rep3_12.4,11.7565217391304
18-3724_Rep3_12.2,10.1491664229307
18-3724_Rep3_15.5,11.0378440366972
18-3724_Rep3_14.2,11.4303757499211
18-3725_Rep1_1.4,15.4659616655651
18-3723_Rep1_7.4,13.1634819532909
18-3725_Rep1_2.1,11.1075129533679
18-3724_Rep3_15.1,13.3659097441794
18-3725_Rep1_2.2,14.3515237420269
18-3725_Rep1_6.6,12.3573524616889
18-3725_Rep1_1.1,16.3712536255237
18-3725_Rep1_8.1,17.1886380189366
18-3724_Rep3_14.6,11.3880126182965
18-3725_Rep1_1.5,16.6617166617167
18-3724_Rep3_15.4,11.5371209480655
18-3725_Rep1_6.3,NA
18-3725_Rep1_1.2,16.8646080760095
18-3724_Rep3_15.3,12.1231558691469
18-3723_Rep1_7.5,12.9996750081248
18-3725_Rep1_6.4,13.6283185840708
18-3725_Rep1_6.5,14.9302463639062
18-3725_Rep1_1.3,16.7030908523259
18-3724_Rep3_15.2,12.7789046653144
18-3725_Rep1_6.1,15.0561097256858
18-3725_Rep1_6.2,15.9344262295082
18-3725_Rep1_4.5,15.3717905968656
18-3724_Rep2_8.1,13.7187820732125
18-3725_Rep1_7.3,14.4155057540884
18-3725_Rep1_3.4,13.236655353286
18-3725_Rep1_7.2,12.722563936549
18-3725_Rep1_8.3,20.0463883366468
18-3725_Rep1_8.5,19.2055267702936
18-3725_Rep1_3.6,13.9154160982265
18-3725_Rep1_4.4,16.9033598891583
18-3725_Rep1_8.4,14.8563419761738
18-3725_Rep1_3.3,14.8333930490863
18-3725_Rep1_3.5,10.2076124567474
18-3725_Rep1_7.1,14.3410852713178
18-3725_Rep1_4.6,16.1437908496732
18-3725_Rep1_4.1,16.7684021543986
18-3725_Rep1_4.2,16.3557628247835
18-3725_Rep1_4.3,17.169373549884
18-3725_Rep1_7.4,13.43133979285
18-3725_Rep1_3.2,12.8980891719745
18-3724_Rep2_11.1,14.8967551622419
18-3724_Rep2_11.3,12.1583411875589
18-3724_Rep2_11.5,10.9909281228193
18-3724_Rep2_9.4,7.92403405370007
18-3724_Rep2_9.2,11.0739275935504
18-3724_Rep2_9.1,9.28925619834711
18-3724_Rep2_7.2,10.7072691552063
18-3724_Rep2_9.3,10.5655265831358
18-3724_Rep2_7.1,11.4285714285714
18-3724_Rep2_7.3,10.4987792117196
18-3724_Rep2_11.2,11.5398356555913
18-3724_Rep2_7.4,11.9918699186992
18-3724_Rep2_9.6,10.2040816326531
18-3724_Rep2_10.2,10.2147239263804
18-3724_Rep2_9.5,10.2728191310205
18-3724_Rep2_8.2,14.672930972172
18-3724_Rep2_8.4,16.6316421495047
18-3724_Rep2_8.3,11.7028493894166
18-3724_Rep2_11.4,12.1664887940235
18-3724_Rep2_10.1,12.5891472868217
18-3724_Rep2_10.5,8.85850178359096
18-3724_Rep2_10.4,16.3565426170468
18-3724_Rep2_10.3,10.2777777777778
18-3724_Rep2_10.6,11.1961722488038
18-3728_Rep2_5.1,12.3569023569024
18-3728_Rep2_5.3,10.3929847353037
18-3728_Rep2_5.2,10.9927729174591
18-3728_Rep2_2.1,12.0201384518565
18-3728_Rep2_2.2,10.865561694291
18-3728_Rep2_3.3,11.1770215423041
18-3728_Rep2_4.2,10.7222635889799
18-3728_Rep2_2.3,11.1444778111445
18-3728_Rep2_1.2,11.6846105129829
18-3728_Rep2_2.4,11.2277019937041
18-3728_Rep2_4.4,12.394451145959
18-3728_Rep2_4.1,11.8044387262785
18-3728_Rep2_3.1,11.8155619596542
18-3728_Rep2_3.5,NA
18-3728_Rep2_4.3,11.1038536903984
18-3728_Rep2_2.5,12.4217772215269
18-3728_Rep2_3.4,11.8721461187215
18-3728_Rep2_3.2,11.6835326586937
18-3728_Rep2_1.1,12.0784583620096
18-3726_Rep2_2.2,14.6075085324232
18-3726_Rep2_1.2,11.4967462039046
18-3726_Rep2_2.1,14.6840958605664
18-3726_Rep2_4.2,13.9472105578884
18-3726_Rep2_4.1,13.9666666666667
18-3726_Rep2_3.5,10.9125893347993
18-3726_Rep2_1.1,10.737812911726
18-3726_Rep2_3.6,12.8406121687197
18-3726_Rep2_5.1,13.3919843597263
18-3726_Rep2_5.2,11.5460656385923
18-3726_Rep2_3.1,11.2856311809191
18-3726_Rep2_3.4,13.066490241482
18-3726_Rep2_3.3,11.2629022465088
18-3726_Rep2_3.2,9.46579194001874
18-3726_Rep2_4.4,14.5064054257724
18-3727_Rep1_4.2,15.6355455568054
18-3727_Rep1_5.1,12.9113018597997
18-3727_Rep1_5.4,9.88487495037714
18-3727_Rep1_4.1,11.3669064748201
18-3727_Rep1_3.3,10.2269194902083
18-3727_Rep1_1.1,10.1675332177932
18-3727_Rep1_3.1,17.3125
18-3726_Rep2_1.4,10.4761904761905
18-3727_Rep1_5.2,11.6141732283465
18-3727_Rep1_3.4,10.5958230958231
18-3727_Rep1_3.6,13.3131108864173
18-3727_Rep1_2,14.0713571190397
18-3726_Rep2_4.3,15.2411575562701
18-3726_Rep2_1.3,11.6171362408337
18-3726_Rep2_2.4,15.3761467889908
18-3727_Rep1_3.2,13.3475870494808
18-3727_Rep1_5.3,16.624895572264
18-3727_Rep1_3.5,12.6098715348208
18-3726_Rep2_2.3,15.8857776545606
18-3727_Rep1_1.2,10.3281853281853
18-3723_Rep3_7.6,15.9030544488712
18-3723_Rep3_6.5,5.8692628650904
18-3723_Rep3_6.6,10.7209446861405
18-3723_Rep3_7.4,15.5522163786627
18-3723_Rep3_7.3,14.1380358771663
18-3723_Rep3_7.1,14.8719747457033
18-3723_Rep3_7.5,14.3478260869565
18-3727_Rep1_1.3,13.1731325998842
18-3723_Rep3_7.2,13.3627019089574
18-3727_Rep1_1.4,10.6958762886598
18-3723_Rep3_1,7.08456973293768
18-3723_Rep3_4.1,11.3747645951036
18-3724_Rep1_10.2,13.5351426583159
18-3723_Rep3_4.4,13.2645259938838
18-3723_Rep3_4.5,10.5847520355292
18-3724_Rep1_5.5,12.7229488703924
18-3724_Rep1_10.1,12.7888572333017
18-3724_Rep1_10.4,12.6824817518248
18-3724_Rep1_10.3,12.5340599455041
18-3724_Rep1_5.2,11.9393939393939
18-3723_Rep3_4.2,12.6905041031653
18-3724_Rep1_5.1,17.6744186046512
18-3724_Rep1_7.3,14.9620637329287
18-3724_Rep1_10.5,14.1980718667835
18-3723_Rep3_4.3,11.7320261437908
18-3724_Rep1_7.1,14.2514559780747
18-3724_Rep1_5.4,12.4469589816124
18-3724_Rep1_5.6,11.2533097969991
18-3724_Rep1_3,12.7755964965267
18-3724_Rep1_7.4,13.5288835677941
18-3728_Rep3_5.1,11.1348274635361
18-3728_Rep3_5.2,13.3689839572193
18-3724_Rep1_7.2,13.5622615331252
18-3724_Rep1_7.6,15.7111868608615
18-3724_Rep1_7.5,14.142807864781
18-3728_Rep3_5.3,13.662456946039
18-3728_Rep3_5.5,16.6211604095563
18-3724_Rep1_5.3,12.2108456579446
18-3728_Rep3_5.4,13.0486008836524
18-3728_Rep3_5.6,17.3710379117464
18-3723_Rep3_14.2,11.3065326633166
18-3723_Rep2_15.3,11.66392092257
18-3723_Rep3_14.1,9.06466512702078
18-3723_Rep2_15.6,12.1560920830994
18-3723_Rep3_14.5,10.8898568761668
18-3723_Rep2_18.1,9.8440843778661
18-3723_Rep2_18.6,10.583236770954
18-3723_Rep2_18.2,11.3322091062395
18-3723_Rep2_18.4,12.3092236230922
18-3725_Rep2_3.1,18.4073107049608
18-3725_Rep2_3.2,15.1874399231016
18-3725_Rep2_3.4,18.0089032780251
18-3725_Rep2_3.3,15.3475291281639
18-3725_Rep2_7.1,14.0999315537303
18-3725_Rep2_7.2,13.3750921149595
18-3725_Rep2_4.6,16.3224781572677
18-3725_Rep2_7.4,12.9099211290992
18-3725_Rep2_7.6,13.9222941720629
18-3725_Rep2_4.4,14.3136615585262
18-3725_Rep2_4.1,13.1184407796102
18-3725_Rep2_7.5,13.0117551682205
18-3725_Rep2_7.3,12.5
18-3723_Rep2_10.6,12.1379673512375
18-3723_Rep2_10.5,12.6047603084143
18-3723_Rep2_15.2,13.6799752398638
18-3723_Rep3_13.3,11.4334470989761
18-3723_Rep2_15.4,12.1675328645674
18-3723_Rep2_15.5,14.5861059355869
18-3723_Rep2_10.3,11.9068413391557
18-3723_Rep3_13.4,11.0181818181818
18-3723_Rep2_10.4,13.3067955644015
18-3723_Rep3_13.1,11.5880958651567
18-3723_Rep2_10.2,13.2603797875764
18-3725_Rep2_4.3,13.5725429017161
18-3725_Rep2_5.4,12.39816700611
18-3723_Rep2_15.1,12.6078301260783
18-3723_Rep3_14.4,9.45244956772334
18-3723_Rep3_13.2,8.98071625344353
18-3725_Rep2_4.2,14.9193548387097
18-3723_Rep3_14.3,9.37602090819994
18-3723_Rep2_18.3,12.6856435643564
18-3725_Rep2_5.1,14.4773039889959
18-3725_Rep2_4.5,15.3514180024661
18-3723_Rep3_14.6,12.9473937064617
18-3723_Rep2_18.5,9.60953346855984
18-3725_Rep2_5.3,13.5716010625453
18-3723_Rep2_10.1,13.3123028391167
18-3725_Rep2_5.6,14.6200440528634
18-3725_Rep2_5.2,13.7973896830329
18-3725_Rep2_5.5,13.4620614631493
18-3723_Rep3_8.4,14.3839899937461
18-3723_Rep3_8.3,13.9296956977964
18-3723_Rep3_8.2,12.6726726726727
18-3723_Rep3_10.1,14.333078296353
18-3723_Rep3_12.2,12.8418859077885
18-3723_Rep3_12.1,14.7658205219878
18-3723_Rep3_8.5,14.7633890620572
18-3723_Rep3_10.2,14.2857142857143
18-3723_Rep3_10.3,13.0373502466526
18-3723_Rep3_8.6,14.3630103295622
18-3723_Rep3_11.4,10.6757822771496
18-3723_Rep3_8.1,13.3648581383773
18-3723_Rep3_11.5,12.1843269981776
18-3723_Rep3_11.1,11.3224107665301
18-3723_Rep3_11.2,11.8762886597938
18-3723_Rep3_11.3,11.0059171597633
18-3724_Rep1_2.2,12.9576733316022
18-3724_Rep1_2.5,11.3878007834359
18-3723_Rep3_5.1,10.1168348380244
18-3723_Rep3_2.3,14.4302090357384
18-3723_Rep3_3.1,11.936
18-3723_Rep3_2.1,14.8540145985401
18-3724_Rep1_2.4,13.7844611528822
18-3724_Rep1_6.2,11.0373181530677
18-3723_Rep3_3.6,15.7380607814761
18-3723_Rep3_2.2,13.4517766497462
18-3724_Rep1_6.1,13.5508524397413
18-3723_Rep3_3.5,14.1169154228856
18-3723_Rep3_3.2,11.3213923622846
18-3723_Rep3_5.6,13.7570093457944
18-3723_Rep3_5.5,12.5187181790955
18-3723_Rep3_5.2,12.0300751879699
18-3724_Rep1_2.3,11.4248620577735
18-3723_Rep3_5.3,13.2827324478178
18-3724_Rep1_2.6,11.7473821989529
18-3723_Rep3_3.4,14.8640101201771
18-3723_Rep3_3.3,10.7911172796669
18-3723_Rep3_5.4,9.85424588086185
18-3724_Rep1_6.6,15.4849419018259
18-3724_Rep1_6.4,15.4558204768583
18-3724_Rep1_1.2,NA
18-3724_Rep1_1.1,12.0671563483736
18-3724_Rep1_6.5,12.8718703976436
18-3724_Rep1_6.3,13.1147540983607
18-3724_Rep1_4.1,16.7952522255193
18-3724_Rep1_4.2,14.0253823625122
18-3724_Rep1_4.3,14.5238095238095
18-3724_Rep1_4.4,13.4530667570315
18-3724_Rep1_2.1,11.598384304674
18-3724_Rep1_3.1,15.2870493991989
18-3725_Rep2_11.1,13.3950617283951
18-3724_Rep1_3.2,9.01710640765439
18-3725_Rep2_11.2,11.862942700835
18-3725_Rep2_11.3,13.0449141347424
18-3725_Rep2_13.3,15.5974338412189
18-3725_Rep2_13.2,15.8198965622148
18-3724_Rep1_3.3,9.08050362457077
18-3724_Rep1_3.4,11.0278372591006
18-3725_Rep2_11.5,12.5488917861799
18-3725_Rep2_11.6,12.2038299253489
18-3725_Rep2_09.2,13.2265073329712
18-3724_Rep1_3.5,11.0706482155863
18-3725_Rep2_13.1,16.8531928900593
18-3724_Rep1_3.6,11.3896056026539
18-3725_Rep2_11.4,12.8591954022989
18-3725_Rep2_09.1,15.0845253576073
18-3725_Rep2_19.1,16.9357391579614
18-3725_Rep2_16.1,13.9133378469871
18-3725_Rep2_14.5,14.2357801080394
18-3725_Rep2_14.2,14.7110332749562
18-3725_Rep2_14.1,15.9548505186089
18-3725_Rep2_18.3,16.9908814589666
18-3725_Rep2_14.4,14.3075512075818
18-3725_Rep2_16.4,13.7867160624504
18-3725_Rep2_18.1,15.8953722334004
18-3725_Rep2_14.3,14.515665421098
18-3725_Rep2_17.2,12.6973896229455
18-3725_Rep2_17.1,14.5242070116861
18-3725_Rep2_16.2,15.0875938505542
18-3725_Rep2_14.6,13.943870014771
18-3725_Rep2_16.3,13.3786848072562
18-3725_Rep2_19.2,15.5348557692308
18-3725_Rep2_19.3,15.7256872598286
18-3725_Rep2_20.3,13.4038800705467
18-3725_Rep2_19.4,15.7726465364121
18-3725_Rep2_20.1,14.1065830721003
18-3725_Rep2_19.6,18.7988628287136
18-3725_Rep2_19.5,16.4755244755245
18-3725_Rep2_20.2,14.6732429099877
18-3725_Rep2_18.2,15.0595238095238
18-3725_Rep2_12.6,15.8551810237204
18-3725_Rep2_12.5,16.1233993015134
18-3725_Rep2_6.5,14.1218005295675
18-3725_Rep2_6.3,14.2911877394636
18-3725_Rep2_10.5,13.3590047393365
18-3725_Rep2_6.2,14.2015503875969
18-3725_Rep2_10.4,15.4174978626389
18-3725_Rep2_10.1,12.5375375375375
18-3725_Rep2_2.4,16.1825726141079
18-3725_Rep2_1.3,13.4562841530055
18-3725_Rep2_12.4,16.2814070351759
18-3725_Rep2_10.2,14.7947820553611
18-3725_Rep2_2.2,17.3014848289219
18-3725_Rep2_6.1,13.8419986495611
18-3725_Rep2_10.3,13.3950837192732
18-3725_Rep2_1.4,13.8816644993498
18-3725_Rep2_10.6,14.4471071550839
18-3725_Rep2_1.2,15.3966271080575
18-3725_Rep2_2.3,14.8343140291112
18-3725_Rep2_2.1,13.6633076467101
18-3725_Rep2_1.1,16.3976759199484
18-3725_Rep2_8.1,13.6015325670498
18-3725_Rep2_8.3,14.6511627906977
18-3723_Rep2_12.5,13.516794819911
18-3723_Rep2_12.3,14.2319749216301
18-3723_Rep2_12.4,13.882581900746
18-3723_Rep2_13.1,12.5363583478767
18-3723_Rep2_16.3,16.390243902439
18-3725_Rep2_12.3,16.0950764006791
18-3723_Rep2_12.1,12.8055878928987
18-3723_Rep2_12.6,11.9546247818499
18-3725_Rep2_8.4,15.6239974334296
18-3723_Rep2_14.1,15.6002437538087
18-3723_Rep2_12.2,15.191637630662
18-3725_Rep2_8.2,15.993665874901
18-3723_Rep2_13.2,11.5177610333692
18-3723_Rep2_17.3,14.1788812443913
18-3723_Rep2_17.5,16.0778443113772
18-3725_Rep2_8.5,10.7472178060413
18-3723_Rep2_14.6,16.32096069869
18-3723_Rep2_16.1,16.4797913950456
18-3723_Rep2_17.4,15.2214597629445
18-3723_Rep2_17.1,13.9668174962293
18-3723_Rep2_16.2,14.8739063304169
18-3723_Rep2_17.2,13.8604651162791
18-3723_Rep3_19.4,10.9037328094303
18-3723_Rep3_17.3,11.6271916333436
18-3723_Rep3_17.4,11.3156306578153
18-3723_Rep3_17.2,11.9429070783571
18-3723_Rep3_19.1,9.82526496705815
18-3723_Rep3_19.2,13.166144200627
18-3725_Rep2_6.6,16.0057887120116
18-3725_Rep2_12.2,17.93254729915
18-3723_Rep3_18.3,11.7554032683184
18-3723_Rep3_19.6,10.9054093144345
18-3725_Rep2_6.4,15.0337167790559
18-3723_Rep3_19.3,12.1036669423766
18-3723_Rep3_19.5,12.3054331864905
18-3725_Rep2_12.1,13.6704640177827
18-3723_Rep2_14.3,15.9739201303993
18-3723_Rep2_13.3,11.1414693381906
18-3723_Rep3_16.4,16.2885948330183
18-3723_Rep3_16.1,12.8116710875332
18-3723_Rep2_14.4,14.3368107302534
18-3723_Rep2_14.5,15.8141351034752
18-3723_Rep3_16.3,12.1443624868282
18-3723_Rep2_14.2,14.1458639255996
18-3723_Rep3_17.1,10.8766994842944
18-3723_Rep2_13.4,12.0573355817875
18-3723_Rep2_9.2,10.2403058438012
18-3723_Rep2_11.3,11.3650030066146
18-3725_Rep3_1.1,15.5825383058687
18-3725_Rep3_4.1,15.8594211458949
18-3723_Rep2_7.4,15.5629139072848
18-3723_Rep2_11.2,11.9600142806141
18-3723_Rep2_11.4,14.0412979351032
18-3723_Rep2_7.1,16.5912945166761
18-3723_Rep2_8.2,14.8048452220727
18-3723_Rep2_8.3,14.068794546018
18-3723_Rep2_8.1,13.7630171685899
18-3723_Rep3_18.6,13.8345348438036
18-3723_Rep2_11.6,11.4557138865605
18-3723_Rep2_11.5,12.1311475409836
18-3723_Rep2_7.6,18.2892515475521
18-3723_Rep2_7.2,17.9961089494163
18-3723_Rep2_7.3,17.4388674388674
18-3723_Rep2_7.5,15.1730531520396
18-3723_Rep2_8.4,12.8718703976436
18-3723_Rep2_9.1,10.8923076923077
18-3725_Rep3_7.4,14.5094562647754
18-3725_Rep3_4.4,15.0419861263235
18-3725_Rep3_4.2,15.580229226361
18-3725_Rep3_8.2,11.5789473684211
18-3725_Rep3_8.3,15.1707145371348
18-3725_Rep3_8.6,15.0783289817232
18-3723_Rep2_9.4,11.0056363097004
18-3725_Rep3_8.5,19.5578231292517
18-3725_Rep3_4.6,13.3647229264759
18-3725_Rep3_9.2,12.4901393636603
18-3723_Rep2_11.1,11.3479623824451
18-3725_Rep3_6.3,12.7116291978906
18-3725_Rep3_7.1,13.1256214782897
18-3725_Rep3_9.1,14.0568319226119
18-3725_Rep3_8.1,12.9021667760998
18-3725_Rep3_7.3,13.9166935744269
18-3725_Rep3_8.4,18.5258964143426
18-3725_Rep3_7.2,16.7903525046382
18-3725_Rep3_4.3,14.21287444232
18-3725_Rep3_6.4,13.0292090580899
18-3723_Rep2_9.3,9.99150863288989
18-3723_Rep3_15.5,10.9432571849668
18-3725_Rep3_5.3,16.1652993011243
18-3725_Rep3_10.3,13.3021564042608
18-3725_Rep3_10.2,13.6227951153324
18-3725_Rep3_6.2,12.8266033254157
18-3725_Rep3_10.6,14.7490989742168
18-3725_Rep3_10.4,15.4241645244216
18-3723_Rep2_16.4,17.1618204804046
18-3725_Rep3_10.5,16.304347826087
18-3725_Rep3_6.1,16.3704191353961
18-3725_Rep3_5.5,19.5602147788289
18-3725_Rep3_5.1,16.7281105990783
18-3725_Rep3_4.5,13.8297872340426
18-3723_Rep3_15.1,12.2042010103696
18-3723_Rep3_15.3,10.5790297339593
18-3725_Rep3_5.4,16.2258953168044
18-3723_Rep2_17.6,15.9663865546218
18-3725_Rep3_5.2,16.250663834307
18-3725_Rep3_9.4,15.105459057072
18-3723_Rep3_18.5,12.8547579298831
18-3725_Rep3_10.1,12.7855329949239
18-3725_Rep3_9.5,15.8251900108578
18-3725_Rep3_9.3,18.5047264394156
18-3723_Rep3_18.4,11.6481129513983
18-3723_Rep3_18.1,15.6414762741652
18-3723_Rep3_15.2,11.3005224085785
18-3723_Rep3_15.6,11.5686890914807
18-3723_Rep3_16.5,14.5253069781372
18-3723_Rep3_15.4,NA
18-3723_Rep3_16.2,12.2038980509745
18-3723_Rep3_18.2,15.3354632587859
18-3724_Rep1_12.3,13.5838150289017
18-3724_Rep1_11.4,13.1845134286711
18-3724_Rep1_12.4,15.6862745098039
18-3724_Rep1_12.1,16.0015649452269
18-3728_Rep1_1.1,10.8256252141144
18-3724_Rep1_11.1,14.2025234551925
18-3728_Rep1_1.3,11.0468654899574
18-3724_Rep1_13.4,10.7006369426752
18-3724_Rep1_14.3,13.0260521042084
18-3724_Rep1_13.5,12.3166343758649
18-3724_Rep1_9.3,15.2882205513784
18-3724_Rep1_13.6,13.6349355953503
18-3724_Rep1_13.1,11.7013639626705
18-3724_Rep1_9.1,12.7733026467204
18-3724_Rep1_14.4,13.5532768613464
18-3724_Rep1_12.2,15.5110088728229
18-3724_Rep1_11.2,14.0686721361288
18-3724_Rep1_13.3,15.20825372564
18-3724_Rep1_13.2,11.5526122148639
18-3724_Rep1_9.2,14.3560606060606
18-3724_Rep1_9.4,13.3717404487568
18-3724_Rep1_11.3,14.4310235219326
18-3724_Rep1_14.2,13.3971291866029
18-3728_Rep1_1.2,10.9923664122137
18-3724_Rep1_14.1,11.5866707428921
18-3728_Rep1_1.4,10.133418043202
18-3728_Rep1_3.2,13.5044642857143
18-3728_Rep1_4.6,13.8698630136986
18-3728_Rep1_3.4,13.0781499202552
18-3728_Rep1_5.4,10.5114638447972
18-3728_Rep1_4.2,14.3666761122131
18-3728_Rep1_5.2,11.7021276595745
18-3728_Rep1_4.4,12.8251663641863
18-3728_Rep1_2.1,12.8878281622912
18-3728_Rep1_4.1,11.6322122801604
18-3728_Rep1_4.3,12.8680479825518
18-3728_Rep1_2.2,13.6836027713626
18-3728_Rep1_5.1,12.214983713355
18-3728_Rep1_3.6,12.6343305257043
18-3728_Rep1_4.5,14.5827557527031
18-3728_Rep1_5.6,12.7076923076923
18-3728_Rep1_3.5,13.2126696832579
18-3728_Rep1_5.5,12.6367299942429
18-3728_Rep1_5.3,12.4393203883495
18-3726_Rep1_2.2,NA
18-3726_Rep1_4.6,NA
18-3726_Rep1_5.1,NA
18-3726_Rep1_2.4,NA
18-3726_Rep1_2.6,NA
18-3726_Rep1_3.1,NA
18-3726_Rep1_4.5,NA
18-3726_Rep1_2.3,NA
18-3726_Rep1_2.1,NA
18-3726_Rep1_4.2,NA
18-3726_Rep1_2.5,NA
18-3726_Rep1_4.3,NA
18-3726_Rep1_1.1,NA
18-3726_Rep1_4.1,NA
18-3726_Rep1_4.4,NA
18-3726_Rep1_3.3,NA
18-3726_Rep1_1.2,NA
18-3726_Rep1_5.2,NA
18-3726_Rep1_3.2,NA
