FruitID,Dry,Dry_date,FruitID,Wet,Wet_date
GS1_1.01,2.52,6,GS1_1.01,14.1,4
GS1_1.02,1.98,6,GS1_1.02,12.8,4
GS1_1.03,2.88,6,GS1_1.03,14.15,4
GS1_1.04,2.26,6,GS1_1.04,14.16,4
GS1_1.05,3.36,6,GS1_1.05,14.82,4
GS1_1.06,2.82,6,GS1_1.06,16.06,4
GS1_10.01,2,3,GS1_10.01,13.09,2
GS1_10.02,2.13,3,GS1_10.02,15.5,2
GS1_10.03,1.96,3,GS1_10.03,15.52,2
GS1_10.04,1.92,3,GS1_10.04,15.58,2
GS1_10.05,2.1,3,GS1_10.05,15.37,2
GS1_10.06,1.77,3,GS1_10.06,15.56,2
GS1_100.01,2,11,GS1_100.01,15.04,10
GS1_100.02,1.59,11,GS1_100.02,12.92,10
GS1_100.03,1.99,11,GS1_100.03,14.32,10
GS1_100.04,2.49,11,GS1_100.04,16.38,10
GS1_100.05,2.26,11,GS1_100.05,16.46,10
GS1_100.06,1.96,11,GS1_100.06,15.4,10
GS1_101.01,2.6,10,GS1_101.01,15.74,9
GS1_101.02,2.22,10,GS1_101.02,13.78,9
GS1_101.03,2.54,10,GS1_101.03,16.51,9
GS1_101.04,2.57,10,GS1_101.04,15.33,9
GS1_101.05,2.26,10,GS1_101.05,14.13,9
GS1_101.06,2.19,10,GS1_101.06,14.5,9
GS1_102.01,2.09,2,GS1_102.01,14.14,2
GS1_102.02,2.58,2,GS1_102.02,15.72,2
GS1_102.03,2.32,2,GS1_102.03,15.87,2
GS1_102.04,3.05,2,GS1_102.04,14.65,2
GS1_102.05,2.4,2,GS1_102.05,16.12,2
GS1_102.06,2.49,2,GS1_102.06,14.95,2
GS1_103.01,2.85,6,GS1_103.01,15.66,4
GS1_103.02,1.92,6,GS1_103.02,14.41,4
GS1_103.03,2.02,6,GS1_103.03,14.21,4
GS1_103.04,2.33,6,GS1_103.04,14.9,4
GS1_103.05,2.11,6,GS1_103.05,14.17,4
GS1_103.06,2.42,6,GS1_103.06,15.79,4
GS1_104.01,2.49,10,GS1_104.01,14.82,9
GS1_104.02,2.23,10,GS1_104.02,15.19,9
GS1_104.03,1.96,10,GS1_104.03,15.79,9
GS1_104.04,2.15,10,GS1_104.04,15.69,9
GS1_104.05,2.41,10,GS1_104.05,14.47,9
GS1_104.06,1.8,10,GS1_104.06,15.46,9
GS1_105.01,2.35,1,GS1_105.01,14.58,1
GS1_105.02,1.76,1,GS1_105.02,14.44,1
GS1_105.03,2.45,1,GS1_105.03,14.63,1
GS1_105.04,2.36,1,GS1_105.04,15.21,1
GS1_105.05,2.37,1,GS1_105.05,14.5,1
GS1_105.06,2.27,1,GS1_105.06,15.99,1
GS1_106.01,1.94,5,GS1_106.01,14.22,4
GS1_106.02,1.95,5,GS1_106.02,14.96,4
GS1_106.03,1.92,5,GS1_106.03,15.64,4
GS1_106.04,1.94,5,GS1_106.04,16.27,4
GS1_107.01,2.25,2,GS1_107.01,16.38,2
GS1_107.02,1.89,2,GS1_107.02,15.85,2
GS1_107.03,1.71,2,GS1_107.03,16.09,2
GS1_107.04,2.19,2,GS1_107.04,16.08,2
GS1_107.05,1.71,2,GS1_107.05,14.45,2
GS1_107.06,1.75,2,GS1_107.06,15.45,2
GS1_108.01,2.2,5,GS1_108.01,14.75,4
GS1_108.02,1.96,5,GS1_108.02,14.55,4
GS1_108.03,2.33,5,GS1_108.03,15.3,4
GS1_108.04,2.55,5,GS1_108.04,16.33,4
GS1_108.05,2.18,5,GS1_108.05,14.72,4
GS1_108.06,2.13,5,GS1_108.06,14.9,4
GS1_109.01,2.57,12,GS1_109.01,15.66,12
GS1_109.02,2,12,GS1_109.02,15.1,12
GS1_109.03,1.85,12,GS1_109.03,15.01,12
GS1_109.04,1.97,12,GS1_109.04,15.1,12
GS1_109.05,2.21,12,GS1_109.05,15.11,12
GS1_109.06,1.77,12,GS1_109.06,14.89,12
GS1_11.01,2.3,9,GS1_11.01,14.74,8
GS1_11.02,2.48,9,GS1_11.02,16.02,8
GS1_11.03,2.19,9,GS1_11.03,14.84,8
GS1_11.04,2.5,9,GS1_11.04,14.62,8
GS1_11.05,2.28,9,GS1_11.05,15.02,8
GS1_11.06,2.35,9,GS1_11.06,14.36,8
GS1_110.01,2.13,10,GS1_110.01,16.04,9
GS1_110.02,2.16,10,GS1_110.02,15.29,9
GS1_110.03,2.4,10,GS1_110.03,15.21,9
GS1_110.04,1.59,10,GS1_110.04,15.25,9
GS1_110.05,1.88,10,GS1_110.05,14.9,9
GS1_110.06,2.53,10,GS1_110.06,15.66,9
GS1_111.01,1.87,6,GS1_111.01,14.25,5
GS1_111.02,2.16,6,GS1_111.02,16.12,5
GS1_111.03,1.94,6,GS1_111.03,15.45,5
GS1_111.04,1.87,6,GS1_111.04,15.63,5
GS1_111.05,2.2,6,GS1_111.05,15.19,5
GS1_111.06,2.05,6,GS1_111.06,14.68,5
GS1_112.01,2.23,1,GS1_112.01,16.17,1
GS1_112.02,2,1,GS1_112.02,14.8,1
GS1_112.03,2.03,1,GS1_112.03,15.43,1
GS1_112.04,2.41,1,GS1_112.04,16.2,1
GS1_112.05,1.95,1,GS1_112.05,14.1,1
GS1_112.06,2.07,1,GS1_112.06,15.82,1
GS1_113.01,2.64,3,GS1_113.01,16.51,2
GS1_113.02,2.34,3,GS1_113.02,14.62,2
GS1_113.03,2.63,3,GS1_113.03,16.43,2
GS1_113.04,2.6,3,GS1_113.04,16.98,2
GS1_113.05,2.5,3,GS1_113.05,15.31,2
GS1_113.06,2.59,3,GS1_113.06,16.3,2
GS1_114.01,2.14,12,GS1_114.01,14.86,12
GS1_114.02,2.2,12,GS1_114.02,15.48,12
GS1_114.03,2.22,12,GS1_114.03,15.12,12
GS1_114.04,2.22,12,GS1_114.04,15.52,12
GS1_114.05,2.27,12,GS1_114.05,15.46,12
GS1_114.06,2.1,12,GS1_114.06,14.99,12
GS1_115.01,2.14,6,GS1_115.01,15.28,3
GS1_115.02,1.94,6,GS1_115.02,14.74,3
GS1_115.03,1.91,6,GS1_115.03,14.7,3
GS1_116.01,2.52,9,GS1_116.01,15.61,8
GS1_116.02,2.74,9,GS1_116.02,15.4,8
GS1_116.03,2.46,9,GS1_116.03,14.14,8
GS1_116.04,2.14,9,GS1_116.04,14.36,8
GS1_116.05,2.51,9,GS1_116.05,15.42,8
GS1_116.06,1.74,9,GS1_116.06,14.79,8
GS1_117.01,2.25,2,GS1_117.01,14.73,2
GS1_117.02,2.55,2,GS1_117.02,16.49,2
GS1_117.03,2.19,2,GS1_117.03,15.71,2
GS1_117.04,2.02,2,GS1_117.04,14.78,2
GS1_117.05,2.48,2,GS1_117.05,16.7,2
GS1_117.06,2.36,2,GS1_117.06,16.03,2
GS1_118.01,1.99,8,GS1_118.01,14.87,7
GS1_118.02,3.11,8,GS1_118.02,15.77,7
GS1_118.03,2.39,8,GS1_118.03,14.93,7
GS1_118.04,1.94,8,GS1_118.04,14.52,7
GS1_118.05,2.56,8,GS1_118.05,15.67,7
GS1_118.06,2.1,8,GS1_118.06,15.93,7
GS1_119.01,2.59,8,GS1_119.01,15.08,7
GS1_119.02,2.31,8,GS1_119.02,14.98,7
GS1_119.03,2.07,8,GS1_119.03,15.31,7
GS1_119.04,2.43,8,GS1_119.04,15.75,7
GS1_119.05,2.48,8,GS1_119.05,14.13,7
GS1_119.06,2.03,8,GS1_119.06,14.03,7
GS1_12.01,2.65,4,GS1_12.01,13.85,3
GS1_12.02,2.71,4,GS1_12.02,14.6,3
GS1_12.03,2.59,4,GS1_12.03,16.7,3
GS1_12.04,1.4,4,GS1_12.04,14.18,3
GS1_12.05,2.87,4,GS1_12.05,16.05,3
GS1_12.06,2.23,4,GS1_12.06,13.96,3
GS1_120.01,2.38,11,GS1_120.01,15.77,10
GS1_120.03,2.29,11,GS1_120.03,16.11,10
GS1_120.04,1.83,11,GS1_120.04,13.45,10
GS1_120.05,1.84,11,GS1_120.05,13.76,10
GS1_120.06,2.46,11,GS1_120.06,16.5,10
GS1_121.01,2.17,12,GS1_121.01,15.29,12
GS1_121.02,2.01,12,GS1_121.02,15.26,12
GS1_121.03,1.99,12,GS1_121.03,15.08,12
GS1_121.04,2.2,12,GS1_121.04,14.69,12
GS1_121.05,2.34,12,GS1_121.05,15.45,12
GS1_121.06,1.78,12,GS1_121.06,15.12,12
GS1_122.01,2.07,6,GS1_122.01,15.01,6
GS1_122.02,2.91,6,GS1_122.02,15.39,6
GS1_122.03,3.02,6,GS1_122.03,15.93,6
GS1_122.04,3.35,6,GS1_122.04,16.12,6
GS1_122.05,2.03,6,GS1_122.05,16.05,6
GS1_122.06,2.16,6,GS1_122.06,15.32,6
GS1_123.01,2.42,12,GS1_123.01,15.89,12
GS1_123.02,2.02,12,GS1_123.02,15.33,12
GS1_123.03,2.02,12,GS1_123.03,15.5,12
GS1_123.04,2.03,12,GS1_123.04,13.61,12
GS1_123.05,2.13,12,GS1_123.05,15.13,12
GS1_123.06,2.22,12,GS1_123.06,15.12,12
GS1_124.01,1.94,9,GS1_124.01,16.22,8
GS1_124.02,2.31,9,GS1_124.02,16.45,8
GS1_124.03,1.92,9,GS1_124.03,16.05,8
GS1_124.04,1.82,9,GS1_124.04,15.43,8
GS1_124.05,1.81,9,GS1_124.05,16.36,8
GS1_125.01,1.93,1,GS1_125.01,15.29,1
GS1_125.02,2.02,1,GS1_125.02,14.8,1
GS1_125.03,2.2,1,GS1_125.03,15.36,1
GS1_125.04,2.46,1,GS1_125.04,14.85,1
GS1_125.05,2.82,1,GS1_125.05,14.71,1
GS1_125.06,2.08,1,GS1_125.06,15.01,1
GS1_126.01,1.73,1,GS1_126.01,15.29,1
GS1_126.02,2.36,1,GS1_126.02,15.9,1
GS1_126.03,2.74,1,GS1_126.03,15.19,1
GS1_126.04,1.83,1,GS1_126.04,14.56,1
GS1_126.05,3.05,1,GS1_126.05,14.09,1
GS1_126.06,2.35,1,GS1_126.06,16.58,1
GS1_127.01,2.68,10,GS1_127.01,15.27,9
GS1_127.02,1.91,10,GS1_127.02,14.71,9
GS1_127.03,2.5,10,GS1_127.03,15.78,9
GS1_127.04,2.05,10,GS1_127.04,14.6,9
GS1_127.05,2.35,10,GS1_127.05,15.24,9
GS1_127.06,2.88,10,GS1_127.06,14.96,9
GS1_128.01,1.92,12,GS1_128.01,15.28,12
GS1_128.02,1.94,12,GS1_128.02,15.5,12
GS1_128.03,2.68,12,GS1_128.03,15.34,12
GS1_128.04,1.88,12,GS1_128.04,14.48,12
GS1_128.05,1.81,12,GS1_128.05,14.42,12
GS1_128.06,1.97,12,GS1_128.06,13.97,12
GS1_129.01,2.22,10,GS1_129.01,15.13,9
GS1_129.02,2.1,10,GS1_129.02,14.41,9
GS1_129.03,1.92,10,GS1_129.03,14.53,9
GS1_129.04,1.86,10,GS1_129.04,13.22,9
GS1_129.05,1.88,10,GS1_129.05,14.66,9
GS1_129.06,2.06,10,GS1_129.06,15.7,9
GS1_13.01,2.54,12,GS1_13.01,15.53,12
GS1_13.02,2.43,12,GS1_13.02,15.53,12
GS1_13.03,2.74,12,GS1_13.03,15.27,12
GS1_13.04,2.6,12,GS1_13.04,16.04,12
GS1_13.05,2.46,12,GS1_13.05,15.37,12
GS1_130.01,2.41,12,GS1_130.01,15.52,12
GS1_130.02,2.05,12,GS1_130.02,14.81,12
GS1_130.03,2.84,12,GS1_130.03,14.52,12
GS1_130.04,2.49,12,GS1_130.04,15.65,12
GS1_130.05,3.27,12,GS1_130.05,16.11,12
GS1_130.06,2.51,12,GS1_130.06,15.8,12
GS1_131.01,2.26,2,GS1_131.01,14.52,2
GS1_131.02,2.67,2,GS1_131.02,15.87,2
GS1_131.03,1.74,2,GS1_131.03,15.96,2
GS1_131.04,1.98,2,GS1_131.04,15.24,2
GS1_131.05,2.1,2,GS1_131.05,14.42,2
GS1_131.06,1.77,2,GS1_131.06,15.12,2
GS1_132.01,2.09,9,GS1_132.01,16.34,8
GS1_132.02,2.5,9,GS1_132.02,15.05,8
GS1_132.03,2.51,9,GS1_132.03,13.78,8
GS1_132.04,2.26,9,GS1_132.04,14.64,8
GS1_132.05,3.23,9,GS1_132.05,16.77,8
GS1_132.06,2.19,9,GS1_132.06,15.65,8
GS1_133.01,2.09,6,GS1_133.01,14.49,5
GS1_133.02,2.58,6,GS1_133.02,15.07,5
GS1_133.03,2.55,7,GS1_133.03,15.2,5
GS1_133.04,2.47,6,GS1_133.04,15.37,5
GS1_133.05,2.38,6,GS1_133.05,15.18,5
GS1_133.06,2.32,6,GS1_133.06,16.51,5
GS1_134.01,2.54,7,GS1_134.01,15.56,5
GS1_134.02,2.5,7,GS1_134.02,15.41,5
GS1_134.03,3.07,7,GS1_134.03,16.39,5
GS1_134.04,2.99,7,GS1_134.04,15.64,5
GS1_134.05,2.45,7,GS1_134.05,16.19,5
GS1_134.06,1.79,7,GS1_134.06,15.02,5
GS1_135.01,2.75,1,GS1_135.01,15.62,1
GS1_135.02,2.62,1,GS1_135.02,16.38,1
GS1_135.03,2.18,1,GS1_135.03,14.98,1
GS1_135.04,2.11,1,GS1_135.04,15.38,1
GS1_135.05,2.09,1,GS1_135.05,15.29,1
GS1_135.06,2.16,1,GS1_135.06,16.07,1
GS1_136.01,1.72,12,GS1_136.01,15.37,12
GS1_136.02,2.5,12,GS1_136.02,15.86,12
GS1_136.03,1.65,12,GS1_136.03,15.42,12
GS1_136.04,2.48,12,GS1_136.04,15.65,12
GS1_136.05,2.19,12,GS1_136.05,15.39,12
GS1_136.06,1.75,12,GS1_136.06,15.38,12
GS1_137.01,2.3,6,GS1_137.01,14.61,4
GS1_137.02,2.24,6,GS1_137.02,14.86,4
GS1_137.03,2.16,6,GS1_137.03,14.69,4
GS1_137.04,2.2,6,GS1_137.04,15.65,4
GS1_137.05,2.21,6,GS1_137.05,15.2,4
GS1_137.06,2.19,6,GS1_137.06,16.08,4
GS1_138.01,3.17,4,GS1_138.01,23.85,3
GS1_138.02,3.77,4,GS1_138.02,19.91,3
GS1_138.03,2.9,4,GS1_138.03,32.88,3
GS1_138.04,4.02,4,GS1_138.04,30.83,3
GS1_138.05,3.14,4,GS1_138.05,21.71,3
GS1_138.06,3.86,4,GS1_138.06,25.15,3
GS1_139.01,1.75,1,GS1_139.01,14.32,1
GS1_139.02,1.99,1,GS1_139.02,15.57,1
GS1_139.03,1.99,1,GS1_139.03,15.82,1
GS1_139.04,1.81,1,GS1_139.04,15.85,1
GS1_139.05,2.28,1,GS1_139.05,16.15,1
GS1_139.06,1.91,1,GS1_139.06,14.19,1
GS1_14.01,2.16,2,GS1_14.01,15.72,1
GS1_14.02,2.14,2,GS1_14.02,14.56,1
GS1_14.03,1.78,2,GS1_14.03,14.32,1
GS1_14.04,2.09,2,GS1_14.04,14.39,1
GS1_14.05,2.01,2,GS1_14.05,14.38,1
GS1_14.06,1.78,2,GS1_14.06,14.01,1
GS1_140.01,2.44,11,GS1_140.01,15.35,10
GS1_140.02,2.6,11,GS1_140.02,14.13,10
GS1_140.03,2.03,11,GS1_140.03,14.46,10
GS1_140.04,2.42,11,GS1_140.04,14.02,10
GS1_140.05,2.85,11,GS1_140.05,16.06,10
GS1_141.01,2.21,9,GS1_141.01,15.21,8
GS1_141.02,2.19,9,GS1_141.02,14.07,8
GS1_141.03,2,9,GS1_141.03,15.16,8
GS1_141.04,2.19,9,GS1_141.04,15.33,8
GS1_141.05,1.81,9,GS1_141.05,14.59,8
GS1_141.06,2.33,9,GS1_141.06,15.29,8
GS1_142.01,2.2,12,GS1_142.01,15.07,12
GS1_142.02,2.21,12,GS1_142.02,15.3,12
GS1_142.03,2.4,12,GS1_142.03,14.6,12
GS1_142.04,1.26,12,GS1_142.04,13.75,12
GS1_142.05,1.86,12,GS1_142.05,15.22,12
GS1_142.06,2.19,12,GS1_142.06,15.32,12
GS1_143.01,2.28,12,GS1_143.01,15.91,12
GS1_143.02,2.43,12,GS1_143.02,15.25,12
GS1_143.03,1.86,12,GS1_143.03,15.5,12
GS1_143.04,2.39,12,GS1_143.04,16.01,12
GS1_143.05,2.82,12,GS1_143.05,14.97,12
GS1_143.06,1.95,12,GS1_143.06,11.68,12
GS1_144.01,2.73,6,GS1_144.01,16.84,4
GS1_144.02,2.48,6,GS1_144.02,16.6,4
GS1_144.03,3.28,6,GS1_144.03,16.82,4
GS1_144.04,2.41,6,GS1_144.04,16.1,4
GS1_144.05,2.45,6,GS1_144.05,15.35,4
GS1_144.06,2.67,6,GS1_144.06,14.86,4
GS1_145.01,2.65,6,GS1_145.01,15.62,4
GS1_145.02,2.44,6,GS1_145.02,14.84,4
GS1_145.03,2.46,6,GS1_145.03,15.84,4
GS1_145.04,1.89,5,GS1_145.04,14.54,4
GS1_145.05,2.72,5,GS1_145.05,16.69,4
GS1_145.06,2.04,5,GS1_145.06,16.21,4
GS1_146.01,1.9,6,GS1_146.01,15.96,3
GS1_146.02,2.25,6,GS1_146.02,15.47,3
GS1_146.03,1.8,6,GS1_146.03,14.78,3
GS1_146.04,2.4,6,GS1_146.04,16.52,3
GS1_146.05,2.37,6,GS1_146.05,15.79,3
GS1_146.06,2.2,6,GS1_146.06,15.52,3
GS1_147.01,2.7,6,GS1_147.01,16.56,3
GS1_147.02,2.77,6,GS1_147.02,15.99,3
GS1_147.03,2.25,6,GS1_147.03,14.99,3
GS1_147.04,2.09,6,GS1_147.04,15.91,3
GS1_147.05,2.23,6,GS1_147.05,15.89,3
GS1_147.06,2.29,6,GS1_147.06,15.84,3
GS1_148.01,1.99,11,GS1_148.01,14.22,10
GS1_148.02,2.21,11,GS1_148.02,15.59,10
GS1_148.03,2.13,11,GS1_148.03,15.65,10
GS1_148.04,2.23,11,GS1_148.04,15.97,10
GS1_148.05,1.98,11,GS1_148.05,15.84,10
GS1_148.06,1.86,11,GS1_148.06,13.77,10
GS1_149.01,1.99,7,GS1_149.01,15.86,6
GS1_149.02,2.38,7,GS1_149.02,16.17,6
GS1_149.03,2.26,7,GS1_149.03,15.31,6
GS1_149.04,2.52,6,GS1_149.04,16.02,6
GS1_149.05,2.2,6,GS1_149.05,16.12,6
GS1_149.06,2.42,7,GS1_149.06,15.32,6
GS1_15.01,2.46,11,GS1_15.01,14.25,10
GS1_15.02,2.7,11,GS1_15.02,15.84,10
GS1_15.03,2.73,11,GS1_15.03,14.15,10
GS1_15.04,2.12,11,GS1_15.04,14.25,10
GS1_15.05,3.17,11,GS1_15.05,15.43,10
GS1_15.06,2.48,11,GS1_15.06,15.22,10
GS1_151.01,2.59,12,GS1_151.01,15.15,12
GS1_151.02,2.66,12,GS1_151.02,15.57,12
GS1_151.03,2.44,12,GS1_151.03,15.48,12
GS1_151.04,2.09,12,GS1_151.04,14.87,12
GS1_151.05,3.01,12,GS1_151.05,15.22,12
GS1_151.06,1.53,12,GS1_151.06,15.15,12
GS1_152.01,2.3,6,GS1_152.01,15.51,3
GS1_152.02,1.82,6,GS1_152.02,16.95,3
GS1_152.03,1.86,6,GS1_152.03,15.79,3
GS1_152.04,2.36,6,GS1_152.04,16.23,3
GS1_152.05,2.55,6,GS1_152.05,14.94,3
GS1_152.06,1.97,6,GS1_152.06,14.21,3
GS1_153.01,1.74,10,GS1_153.01,15.13,9
GS1_153.02,1.89,10,GS1_153.02,14.85,9
GS1_153.03,1.78,10,GS1_153.03,15.05,9
GS1_153.04,1.63,10,GS1_153.04,16.01,9
GS1_153.05,2.03,10,GS1_153.05,15.95,9
GS1_153.06,2.33,10,GS1_153.06,16.7,9
GS1_154.01,1.67,1,GS1_154.01,15.97,1
GS1_154.02,1.74,1,GS1_154.02,15.74,1
GS1_154.03,1.53,1,GS1_154.03,15.56,1
GS1_154.04,1.86,1,GS1_154.04,15.51,1
GS1_154.05,2.28,1,GS1_154.05,14.59,1
GS1_154.06,2.03,1,GS1_154.06,15.89,1
GS1_155.01,2.81,2,GS1_155.01,16.52,1
GS1_155.02,2.71,2,GS1_155.02,16.39,1
GS1_155.03,2.56,2,GS1_155.03,16.13,1
GS1_155.04,3.04,2,GS1_155.04,16.08,1
GS1_155.05,2.1,2,GS1_155.05,15.52,1
GS1_155.06,2.29,2,GS1_155.06,15.53,1
GS1_156.01,2,8,GS1_156.01,14.6,7
GS1_156.02,1.79,8,GS1_156.02,15.29,7
GS1_156.03,1.84,8,GS1_156.03,14.05,7
GS1_156.04,2.51,8,GS1_156.04,14.65,7
GS1_156.05,1.84,8,GS1_156.05,11.79,7
GS1_156.06,2.55,8,GS1_156.06,15.04,7
GS1_157.01,2.15,8,GS1_157.01,14.98,7
GS1_157.02,2.48,8,GS1_157.02,15.2,7
GS1_157.03,2.37,8,GS1_157.03,15.34,7
GS1_157.04,2.18,8,GS1_157.04,15.35,7
GS1_157.05,1.96,8,GS1_157.05,14.57,7
GS1_157.06,2.13,8,GS1_157.06,15.21,7
GS1_158.01,2.19,9,GS1_158.01,16.51,8
GS1_158.02,2.51,9,GS1_158.02,16.98,8
GS1_158.03,2.19,9,GS1_158.03,14.46,8
GS1_158.04,2.05,9,GS1_158.04,16.11,8
GS1_158.05,2.09,9,GS1_158.05,15.94,8
GS1_158.06,2.89,9,GS1_158.06,15.82,8
GS1_159.01,1.98,8,GS1_159.01,15.94,7
GS1_159.02,2.13,8,GS1_159.02,15.9,7
GS1_159.03,2.15,8,GS1_159.03,15.89,7
GS1_159.04,2.32,8,GS1_159.04,15.82,7
GS1_159.05,2.69,8,GS1_159.05,14.13,7
GS1_159.06,2.02,8,GS1_159.06,15.43,7
GS1_16.01,2.39,9,GS1_16.01,15.24,8
GS1_16.02,2.89,9,GS1_16.02,16.82,8
GS1_16.03,2.32,9,GS1_16.03,15.11,8
GS1_16.04,2.75,9,GS1_16.04,15.56,8
GS1_16.05,3.08,9,GS1_16.05,15.76,8
GS1_16.06,2.69,9,GS1_16.06,15.98,8
GS1_160.1,1.97,2,GS1_160.1,16.2,1
GS1_160.2,1.95,2,GS1_160.2,14.86,1
GS1_160.3,1.72,2,GS1_160.3,14.97,1
GS1_160.4,2.05,1,GS1_160.4,13.77,1
GS1_160.5,2.49,1,GS1_160.5,14.59,1
GS1_160.6,2.18,2,GS1_160.6,15.24,1
GS1_161.01,1.52,10,GS1_161.01,15.21,9
GS1_161.02,1.94,10,GS1_161.02,12.64,9
GS1_161.03,2.39,10,GS1_161.03,14.75,9
GS1_161.04,2.32,10,GS1_161.04,15.73,9
GS1_161.05,1.59,10,GS1_161.05,14.23,9
GS1_161.06,1.69,10,GS1_161.06,15.34,9
GS1_162.01,1.61,6,GS1_162.01,14.55,5
GS1_162.02,2.38,6,GS1_162.02,14.92,5
GS1_162.03,2.1,6,GS1_162.03,16.11,5
GS1_162.04,2.22,6,GS1_162.04,14.16,5
GS1_162.05,2.39,6,GS1_162.05,15.77,5
GS1_163.01,2.19,8,GS1_163.01,14.1,7
GS1_163.02,2.66,8,GS1_163.02,15.52,7
GS1_163.03,2.7,8,GS1_163.03,15.37,7
GS1_163.04,2.17,8,GS1_163.04,14.43,7
GS1_163.05,2.38,8,GS1_163.05,14.86,7
GS1_163.06,2.42,8,GS1_163.06,15.17,7
GS1_164.01,2.31,8,GS1_164.01,14.77,7
GS1_164.02,2.15,8,GS1_164.02,15.44,7
GS1_164.03,2.73,8,GS1_164.03,15.24,7
GS1_164.04,2.99,8,GS1_164.04,16.18,7
GS1_164.05,2.65,8,GS1_164.05,15.76,7
GS1_164.06,2.49,8,GS1_164.06,16.22,7
GS1_165.01,3.43,6,GS1_165.01,16,6
GS1_165.02,2.85,6,GS1_165.02,15.95,6
GS1_165.03,2.42,6,GS1_165.03,15.26,6
GS1_165.04,2.05,6,GS1_165.04,15.14,6
GS1_165.05,2.2,6,GS1_165.05,15.97,6
GS1_165.06,3.23,6,GS1_165.06,15.63,6
GS1_166.01,2.84,1,GS1_166.01,16.87,1
GS1_166.02,3.23,1,GS1_166.02,14.89,1
GS1_166.03,2.47,1,GS1_166.03,16.63,1
GS1_166.04,1.93,1,GS1_166.04,14.72,1
GS1_166.05,2.54,1,GS1_166.05,16.11,1
GS1_166.06,2.12,1,GS1_166.06,14.61,1
GS1_167.01,2.59,6,GS1_167.01,15.13,5
GS1_167.02,2.53,6,GS1_167.02,15.36,5
GS1_167.03,2.26,6,GS1_167.03,14.4,5
GS1_167.04,2.58,6,GS1_167.04,14.73,5
GS1_167.05,2.52,6,GS1_167.05,16.27,5
GS1_167.06,2.75,6,GS1_167.06,15.3,5
GS1_168.01,2.38,11,GS1_168.01,14.73,10
GS1_168.02,2.81,11,GS1_168.02,15.93,10
GS1_168.03,3.06,11,GS1_168.03,15.97,10
GS1_168.04,2.79,11,GS1_168.04,16.67,10
GS1_168.05,2.46,11,GS1_168.05,13.82,10
GS1_168.06,1.76,11,GS1_168.06,14.48,10
GS1_169(1/2).01,1.88,10,GS1_169(1/2).01,15.45,9
GS1_169(1/2).02,2.11,10,GS1_169(1/2).02,15.61,9
GS1_169(1/2).03,2.7,10,GS1_169(1/2).03,13.73,9
GS1_169(1/2).04,1.76,10,GS1_169(1/2).04,16.06,9
GS1_169(1/2).05,3.08,10,GS1_169(1/2).05,16,9
GS1_169(1/2).06,1.3,10,GS1_169(1/2).06,14.02,9
GS1_17.01,2,9,GS1_17.01,15.06,8
GS1_17.02,2.46,9,GS1_17.02,16.3,8
GS1_17.03,2.45,9,GS1_17.03,16.23,8
GS1_17.04,2.18,9,GS1_17.04,14.5,8
GS1_17.05,2.31,9,GS1_17.05,15.41,8
GS1_17.06,2.13,9,GS1_17.06,15.13,8
GS1_170.01,4.59,4,GS1_170.01,33.48,3
GS1_170.01,1.96,9,GS1_170.01,14.38,8
GS1_170.02,3.23,4,GS1_170.02,24.15,3
GS1_170.02,2.24,9,GS1_170.02,15.51,8
GS1_170.03,4.28,4,GS1_170.03,29.28,3
GS1_170.03,1.91,9,GS1_170.03,14.32,8
GS1_170.04,4.66,4,GS1_170.04,26.33,3
GS1_170.04,2.3,9,GS1_170.04,16.15,8
GS1_170.05,2.84,4,GS1_170.05,21.8,3
GS1_170.05,1.47,9,GS1_170.05,13.62,8
GS1_170.06,3.79,4,GS1_170.06,26.27,3
GS1_170.06,2.38,9,GS1_170.06,15.38,8
GS1_171.01,2.79,7,GS1_171.01,15.89,5
GS1_171.01,2.41,12,GS1_171.01,15.64,12
GS1_171.02,2.59,7,GS1_171.02,15.87,5
GS1_171.02,2.5,12,GS1_171.02,15.89,12
GS1_171.03,2.23,7,GS1_171.03,15.3,5
GS1_171.03,2.61,12,GS1_171.03,15.6,12
GS1_171.04,2.99,7,GS1_171.04,15.34,5
GS1_171.04,2.76,12,GS1_171.04,15.78,12
GS1_171.05,2.43,7,GS1_171.05,16.05,5
GS1_171.05,2.25,12,GS1_171.05,15.41,12
GS1_171.06,2.47,7,GS1_171.06,16.14,5
GS1_171.06,2.26,12,GS1_171.06,15.46,12
GS1_172.01,3.09,5,GS1_172.01,13.5,4
GS1_172.02,2.62,5,GS1_172.02,15.7,4
GS1_172.03,2.09,5,GS1_172.03,15.1,4
GS1_172.04,3.39,5,GS1_172.04,15.65,4
GS1_172.05,2.32,5,GS1_172.05,15.49,4
GS1_172.06,2.29,5,GS1_172.06,16.63,4
GS1_173.01,3.33,3,GS1_173.01,14.9,2
GS1_173.02,2.15,3,GS1_173.02,14.07,2
GS1_173.03,2.17,3,GS1_173.03,14.41,2
GS1_173.04,1.92,3,GS1_173.04,13.89,2
GS1_173.05,2.13,3,GS1_173.05,13.08,2
GS1_173.06,2.77,3,GS1_173.06,15.99,2
GS1_174.01,3.1,11,GS1_174.01,16.28,10
GS1_174.02,2.67,11,GS1_174.02,16.02,10
GS1_174.03,2.37,11,GS1_174.03,14.6,10
GS1_174.04,2.75,11,GS1_174.04,14.98,10
GS1_174.05,2.63,11,GS1_174.05,15,10
GS1_175.01,2.76,4,GS1_175.01,15.24,3
GS1_175.02,2.49,4,GS1_175.02,16.69,3
GS1_175.03,2.74,4,GS1_175.03,15.63,3
GS1_175.04,2.61,4,GS1_175.04,14.93,3
GS1_175.05,2.7,4,GS1_175.05,15.42,3
GS1_175.06,2.43,4,GS1_175.06,15.05,3
GS1_176.01,2.49,2,GS1_176.01,14.44,2
GS1_176.02,2.47,2,GS1_176.02,15.62,2
GS1_176.03,2.23,2,GS1_176.03,15.22,2
GS1_176.04,2.2,2,GS1_176.04,15.89,2
GS1_176.05,2.42,2,GS1_176.05,15.76,2
GS1_176.06,2.32,2,GS1_176.06,15.99,2
GS1_177.01,2.74,7,GS1_177.01,15.2,2
GS1_177.02,2.26,2,GS1_177.02,14.58,2
GS1_177.03,2.04,2,GS1_177.03,15.45,2
GS1_177.04,3.02,2,GS1_177.04,15.28,2
GS1_177.05,2.7,2,GS1_177.05,16.4,2
GS1_177.06,2.62,2,GS1_177.06,15.56,2
GS1_178.01,2.1,2,GS1_178.01,14.37,2
GS1_178.02,2.74,2,GS1_178.02,16.07,2
GS1_178.03,2.34,2,GS1_178.03,15.19,2
GS1_178.04,1.9,2,GS1_178.04,16.03,2
GS1_178.05,2.46,2,GS1_178.05,16.2,2
GS1_178.06,1.89,2,GS1_178.06,15.47,2
GS1_179.01,2.36,2,GS1_179.01,15.73,2
GS1_179.02,2.89,2,GS1_179.02,16.4,2
GS1_179.03,2.44,2,GS1_179.03,15.92,2
GS1_179.04,3.05,2,GS1_179.04,16.5,2
GS1_179.05,3.28,2,GS1_179.05,15.82,2
GS1_179.06,3.53,2,GS1_179.06,16.03,2
GS1_18.01,2.59,9,GS1_18.01,14.91,8
GS1_18.02,2.6,9,GS1_18.02,16.62,8
GS1_18.03,2.35,9,GS1_18.03,15.82,8
GS1_18.04,2.23,9,GS1_18.04,15.53,8
GS1_18.05,3.22,9,GS1_18.05,16.62,8
GS1_18.06,3.25,9,GS1_18.06,16.96,8
GS1_180.1,2.08,2,GS1_180.1,14.62,1
GS1_180.2,2,2,GS1_180.2,16.21,1
GS1_180.3,1.79,2,GS1_180.3,14.32,1
GS1_180.4,2.06,2,GS1_180.4,14.49,1
GS1_180.5,1.88,2,GS1_180.5,14.67,1
GS1_180.6,1.79,2,GS1_180.6,14.48,1
GS1_181.01,2.24,12,GS1_181.01,15.73,12
GS1_181.02,2.41,12,GS1_181.02,15.96,12
GS1_181.03,2.42,12,GS1_181.03,15.69,12
GS1_181.04,2.33,12,GS1_181.04,15.64,12
GS1_181.05,2.15,12,GS1_181.05,15.26,12
GS1_181.06,2.34,12,GS1_181.06,14.97,12
GS1_182.01,2,10,GS1_182.01,15.22,9
GS1_182.02,2.14,10,GS1_182.02,14.94,9
GS1_182.03,1.95,10,GS1_182.03,15.03,9
GS1_182.04,1.76,10,GS1_182.04,15.11,9
GS1_182.05,2.03,10,GS1_182.05,15.19,9
GS1_182.06,2.07,10,GS1_182.06,14.22,9
GS1_183.01,1.75,3,GS1_183.01,15.42,2
GS1_183.02,1.98,3,GS1_183.02,15.17,2
GS1_183.03,2.12,3,GS1_183.03,15.26,2
GS1_183.04,1.49,3,GS1_183.04,15.66,2
GS1_183.05,1.5,3,GS1_183.05,15.47,2
GS1_184.01,1.8,1,GS1_184.01,14.5,1
GS1_184.02,1.95,1,GS1_184.02,13.99,1
GS1_184.03,2.78,1,GS1_184.03,16,1
GS1_184.04,2.79,1,GS1_184.04,14.85,1
GS1_184.05,2.09,1,GS1_184.05,15.69,1
GS1_184.06,2.09,1,GS1_184.06,15.83,1
GS1_185.01,2.15,3,GS1_185.01,15.49,2
GS1_185.02,2.54,3,GS1_185.02,15.6,2
GS1_185.03,2.39,3,GS1_185.03,15.75,2
GS1_185.04,2.34,3,GS1_185.04,15.41,2
GS1_185.05,2.38,3,GS1_185.05,15.29,2
GS1_185.06,2.23,3,GS1_185.06,14.92,2
GS1_186.01,1.85,2,GS1_186.01,15.32,2
GS1_186.01,2.77,12,GS1_186.01,15.87,12
GS1_186.02,2.24,2,GS1_186.02,14.76,2
GS1_186.02,2.6,12,GS1_186.02,16,12
GS1_186.03,2.22,2,GS1_186.03,15.91,2
GS1_186.03,2.7,12,GS1_186.03,15.24,12
GS1_186.04,2.19,2,GS1_186.04,16.21,2
GS1_186.04,2.51,12,GS1_186.04,15.45,12
GS1_186.05,2.49,2,GS1_186.05,14.98,2
GS1_186.06,2.23,2,GS1_186.06,15.6,2
GS1_187.01,2.18,12,GS1_187.01,15.56,12
GS1_187.02,2.95,12,GS1_187.02,15.24,12
GS1_187.03,3.24,12,GS1_187.03,15.74,12
GS1_187.04,2.6,12,GS1_187.04,15.08,12
GS1_187.05,1.69,12,GS1_187.05,10.92,12
GS1_187.06,2,12,GS1_187.06,15.66,12
GS1_188.01,1.68,10,GS1_188.01,14.71,10
GS1_188.02,2.39,10,GS1_188.02,14.82,10
GS1_188.03,1.91,10,GS1_188.03,15.13,10
GS1_188.04,2.25,10,GS1_188.04,14.42,10
GS1_189.01,2.17,5,GS1_189.01,15.01,4
GS1_189.02,2.4,5,GS1_189.02,16.34,4
GS1_189.03,1.62,5,GS1_189.03,15.92,4
GS1_189.04,2.29,5,GS1_189.04,15.7,4
GS1_189.05,1.84,5,GS1_189.05,14.64,4
GS1_189.06,2.03,5,GS1_189.06,15.98,4
GS1_19.01,2.36,7,GS1_19.01,15.44,5
GS1_19.02,2.49,7,GS1_19.02,15.71,5
GS1_19.03,2.54,7,GS1_19.03,15.29,5
GS1_19.04,2.62,7,GS1_19.04,15.79,5
GS1_19.05,2.03,7,GS1_19.05,15.24,5
GS1_19.06,2.41,7,GS1_19.06,16.05,5
GS1_190.01,2.65,7,GS1_190.01,15.25,5
GS1_190.02,2.02,7,GS1_190.02,15.19,5
GS1_190.03,2.81,7,GS1_190.03,15.88,5
GS1_190.04,2.64,7,GS1_190.04,15.42,5
GS1_190.05,2.59,7,GS1_190.05,15.34,5
GS1_190.06,2.26,7,GS1_190.06,15.68,5
GS1_191.02,1.94,12,GS1_191.02,15.11,12
GS1_192.01,2.06,3,GS1_192.01,15.36,2
GS1_192.02,1.93,3,GS1_192.02,13.28,2
GS1_192.03,2.37,3,GS1_192.03,15.57,2
GS1_192.04,1.91,3,GS1_192.04,14.85,2
GS1_192.05,2.23,3,GS1_192.05,14.81,2
GS1_192.06,1.92,3,GS1_192.06,15.17,2
GS1_193.01,1.66,11,GS1_193.01,13.86,10
GS1_193.02,1.52,11,GS1_193.02,13.21,10
GS1_193.03,1.69,11,GS1_193.03,13.51,10
GS1_193.04,1.69,11,GS1_193.04,16.4,10
GS1_193.05,2.12,11,GS1_193.05,15.57,10
GS1_193.06,1.73,11,GS1_193.06,14.35,10
GS1_194.01,2.36,3,GS1_194.01,14.6,2
GS1_194.02,2.26,3,GS1_194.02,15.24,2
GS1_194.03,2.17,3,GS1_194.03,14.5,2
GS1_194.04,2.4,3,GS1_194.04,14.97,2
GS1_194.05,2.18,3,GS1_194.05,16.09,2
GS1_194.06,1.92,3,GS1_194.06,15.6,2
GS1_195.01,2.59,12,GS1_195.01,14.51,12
GS1_195.02,2.78,12,GS1_195.02,14.46,12
GS1_195.03,2.97,12,GS1_195.03,16.13,12
GS1_195.04,2.33,12,GS1_195.04,15.2,12
GS1_195.05,2.7,12,GS1_195.05,15.28,12
GS1_195.06,2.9,12,GS1_195.06,16.17,12
GS1_196.01,2.27,12,GS1_196.01,14.78,12
GS1_196.02,1.52,12,GS1_196.02,15.44,12
GS1_196.03,2.47,12,GS1_196.03,16.13,12
GS1_196.04,1.66,12,GS1_196.04,15.55,12
GS1_196.05,1.42,12,GS1_196.05,14.46,12
GS1_196.06,1.45,12,GS1_196.06,15.14,12
GS1_197.01,2.72,3,GS1_197.01,14.92,2
GS1_197.02,2.35,3,GS1_197.02,15.51,2
GS1_197.03,3.7,3,GS1_197.03,15.74,2
GS1_197.04,2.15,3,GS1_197.04,15,2
GS1_197.05,2.4,3,GS1_197.05,14.96,2
GS1_197.06,2.47,3,GS1_197.06,15.43,2
GS1_198.01,2.86,8,GS1_198.01,15.37,7
GS1_198.02,2.75,8,GS1_198.02,15.13,7
GS1_198.03,2.39,8,GS1_198.03,14.57,7
GS1_198.04,3.09,8,GS1_198.04,15.49,7
GS1_198.05,2.68,8,GS1_198.05,14.62,7
GS1_199.01,2.59,6,GS1_199.01,14.84,5
GS1_199.02,2.78,6,GS1_199.02,15.98,5
GS1_199.03,2.72,6,GS1_199.03,14.86,5
GS1_199.04,2.57,6,GS1_199.04,14.45,5
GS1_199.05,2.31,6,GS1_199.05,15.92,5
GS1_199.06,2.25,6,GS1_199.06,15.3,5
GS1_2.01,2.4,9,GS1_2.01,15.62,8
GS1_2.02,2.54,9,GS1_2.02,16.37,8
GS1_2.03,2.43,9,GS1_2.03,16.06,8
GS1_2.04,2.3,9,GS1_2.04,15.18,8
GS1_2.05,3.26,9,GS1_2.05,16.78,8
GS1_2.06,2.4,9,GS1_2.06,15.98,8
GS1_20.01,2.47,8,GS1_20.01,14.95,7
GS1_20.02,2.51,8,GS1_20.02,15.31,7
GS1_20.03,2.32,8,GS1_20.03,14.26,7
GS1_20.04,2.98,8,GS1_20.04,15.36,7
GS1_20.05,2.89,8,GS1_20.05,15.74,7
GS1_20.06,2.56,8,GS1_20.06,14.93,7
GS1_200.01,3.02,7,GS1_200.01,15.11,6
GS1_200.02,2.7,7,GS1_200.02,15.12,6
GS1_200.03,2.86,7,GS1_200.03,15.51,6
GS1_200.04,2.42,7,GS1_200.04,15.38,6
GS1_200.05,2.38,7,GS1_200.05,15.1,6
GS1_200.06,2.56,7,GS1_200.06,15.71,6
GS1_201.01,1.75,6,GS1_201.01,15.25,6
GS1_201.02,2.11,6,GS1_201.02,15.28,6
GS1_201.03,2.02,6,GS1_201.03,15.23,6
GS1_201.04,1.87,6,GS1_201.04,15.61,6
GS1_201.05,1.88,6,GS1_201.05,15.63,6
GS1_201.06,1.7,6,GS1_201.06,15.23,6
GS1_202.01,2.04,12,GS1_202.01,15.23,12
GS1_202.02,2.06,12,GS1_202.02,15.42,12
GS1_202.03,1.99,12,GS1_202.03,15.64,12
GS1_202.04,2.33,12,GS1_202.04,15.56,12
GS1_202.05,1.9,12,GS1_202.05,15.04,12
GS1_202.06,2.05,12,GS1_202.06,15.09,12
GS1_203.01,2.81,6,GS1_203.01,16.97,4
GS1_203.02,2.11,6,GS1_203.02,14.37,4
GS1_203.03,2.61,6,GS1_203.03,16.08,4
GS1_203.04,2.23,6,GS1_203.04,15.22,4
GS1_203.05,2,6,GS1_203.05,15.57,4
GS1_203.06,1.89,6,GS1_203.06,14.39,4
GS1_204.01,2.15,11,GS1_204.01,14.81,10
GS1_204.02,1.81,11,GS1_204.02,15.69,10
GS1_204.03,2.12,11,GS1_204.03,15.39,10
GS1_204.04,1.66,11,GS1_204.04,14.58,10
GS1_205.01,2.43,10,GS1_205.01,15.74,9
GS1_205.02,2.21,10,GS1_205.02,16.25,9
GS1_205.03,1.91,10,GS1_205.03,14.25,9
GS1_205.04,1.93,10,GS1_205.04,14.14,9
GS1_205.05,2.21,10,GS1_205.05,14.89,9
GS1_205.06,2.15,10,GS1_205.06,13.56,9
GS1_206.01,2.29,12,GS1_206.01,15.5,12
GS1_206.02,2.31,12,GS1_206.02,15.29,12
GS1_206.03,2.13,12,GS1_206.03,15.13,12
GS1_206.04,1.87,12,GS1_206.04,15.04,12
GS1_206.05,1.82,12,GS1_206.05,14.9,12
GS1_206.06,2.14,12,GS1_206.06,15.58,12
GS1_207.01,2.01,12,GS1_207.01,15.08,12
GS1_207.02,2.04,12,GS1_207.02,15.13,12
GS1_207.03,1.85,12,GS1_207.03,15.37,12
GS1_207.04,2.09,12,GS1_207.04,15.03,12
GS1_207.05,2.16,12,GS1_207.05,15.17,12
GS1_207.06,1.9,12,GS1_207.06,15.44,12
GS1_208.01,1.63,3,GS1_208.01,14.62,2
GS1_208.02,2.11,3,GS1_208.02,14.02,2
GS1_208.03,1.79,3,GS1_208.03,14.32,2
GS1_208.04,2.38,3,GS1_208.04,15.69,2
GS1_208.05,2,3,GS1_208.05,14.76,2
GS1_208.06,2.49,3,GS1_208.06,15.66,2
GS1_209.01,1.98,12,GS1_209.01,14.92,12
GS1_209.02,2.16,12,GS1_209.02,15.13,12
GS1_209.03,2.38,12,GS1_209.03,15.4,12
GS1_209.04,1.91,12,GS1_209.04,15.55,12
GS1_209.05,2.13,12,GS1_209.05,15.64,12
GS1_209.06,1.95,12,GS1_209.06,15.08,12
GS1_21.01,1.64,6,GS1_21.01,15.27,6
GS1_21.02,2.17,6,GS1_21.02,15.36,6
GS1_21.03,2.13,6,GS1_21.03,15.49,6
GS1_21.04,2.18,6,GS1_21.04,15.77,6
GS1_21.05,2.18,6,GS1_21.05,15.39,6
GS1_21.06,2.47,6,GS1_21.06,15.8,6
GS1_210.01,2.36,12,GS1_210.01,14.68,12
GS1_210.02,2.57,12,GS1_210.02,15.58,12
GS1_210.03,2.32,12,GS1_210.03,15.51,12
GS1_210.04,2.18,12,GS1_210.04,15.14,12
GS1_210.05,2.2,12,GS1_210.05,15.6,12
GS1_210.06,2.23,12,GS1_210.06,15.25,12
GS1_211.01,1.11,5,GS1_211.01,7.12,4
GS1_211.02,2.53,5,GS1_211.02,15.89,4
GS1_211.03,2.07,5,GS1_211.03,14.05,4
GS1_211.04,2.17,5,GS1_211.04,14.95,4
GS1_211.05,2.41,5,GS1_211.05,15.4,4
GS1_211.06,2.3,5,GS1_211.06,14.06,4
GS1_212.01,1.69,6,GS1_212.01,14.47,4
GS1_212.02,2.18,6,GS1_212.02,14.77,4
GS1_212.03,2.49,6,GS1_212.03,15.94,4
GS1_212.04,2.53,6,GS1_212.04,14.98,4
GS1_212.05,2.67,6,GS1_212.05,15.78,4
GS1_212.06,1.84,6,GS1_212.06,14.11,4
GS1_22.01,1.29,9,GS1_22.01,16.33,8
GS1_22.02,2.27,9,GS1_22.02,15.9,8
GS1_22.03,1.92,9,GS1_22.03,14.84,8
GS1_22.04,1.96,9,GS1_22.04,16.49,8
GS1_22.05,2.47,9,GS1_22.05,15.67,8
GS1_22.06,1.8,9,GS1_22.06,15.86,8
GS1_23.01,2.21,12,GS1_23.01,15.49,12
GS1_23.02,2.28,12,GS1_23.02,15.81,12
GS1_23.03,1.49,12,GS1_23.03,15.71,12
GS1_23.04,1.94,12,GS1_23.04,15.67,12
GS1_23.05,2.01,12,GS1_23.05,15.72,12
GS1_23.06,2.51,12,GS1_23.06,15.64,12
GS1_24.01,2.33,1,GS1_24.01,14.76,1
GS1_24.02,2.52,1,GS1_24.02,15.98,1
GS1_24.03,2.18,1,GS1_24.03,14.92,1
GS1_24.04,2.47,1,GS1_24.04,15.24,1
GS1_24.05,2.22,1,GS1_24.05,15.16,1
GS1_24.06,2.23,1,GS1_24.06,16.08,1
GS1_25.01,1.9,9,GS1_25.01,14.6,9
GS1_25.02,1.55,9,GS1_25.02,15.85,9
GS1_25.03,2.2,9,GS1_25.03,15.28,9
GS1_25.04,2.21,9,GS1_25.04,16.8,9
GS1_25.05,2.29,9,GS1_25.05,14.59,9
GS1_25.06,2.39,10,GS1_25.06,15.62,9
GS1_26.01,2.81,7,GS1_26.01,16.37,6
GS1_26.02,2.38,7,GS1_26.02,15.12,6
GS1_26.03,2.73,7,GS1_26.03,15.33,6
GS1_26.04,2.6,7,GS1_26.04,15.84,6
GS1_26.05,2.52,7,GS1_26.05,15.89,6
GS1_26.06,2.7,7,GS1_26.06,15.35,6
GS1_27.01,2.67,7,GS1_27.01,15.22,5
GS1_27.02,2.24,7,GS1_27.02,15.79,5
GS1_27.03,2.25,7,GS1_27.03,15.33,5
GS1_27.04,2.26,7,GS1_27.04,15.43,5
GS1_27.05,2.34,7,GS1_27.05,15.64,5
GS1_27.06,2.15,7,GS1_27.06,15.59,5
GS1_28.01,2.91,12,GS1_28.01,15.06,12
GS1_28.02,3.02,12,GS1_28.02,14.78,12
GS1_28.03,2.96,12,GS1_28.03,15.4,12
GS1_29.01,2.01,2,GS1_29.01,14.63,1
GS1_29.02,2.4,2,GS1_29.02,14.7,1
GS1_29.03,2.35,2,GS1_29.03,15.12,1
GS1_29.04,2.7,2,GS1_29.04,15.7,1
GS1_29.05,2.3,2,GS1_29.05,15.62,1
GS1_29.06,2.57,2,GS1_29.06,16.04,1
GS1_3.01,2.22,11,GS1_3.01,15.29,10
GS1_3.02,2.66,10,GS1_3.02,16.01,10
GS1_3.03,2.19,10,GS1_3.03,15.38,10
GS1_3.04,2.72,11,GS1_3.04,16.66,10
GS1_3.05,2.97,11,GS1_3.05,14.26,10
GS1_3.06,2.35,11,GS1_3.06,14.76,10
GS1_30.01,2.24,1,GS1_30.01,14.54,1
GS1_30.02,2.58,1,GS1_30.02,16.44,1
GS1_30.03,1.9,1,GS1_30.03,14.7,1
GS1_30.04,2.68,1,GS1_30.04,16.96,1
GS1_30.05,1.97,1,GS1_30.05,14.23,1
GS1_30.06,2.33,1,GS1_30.06,16.02,1
GS1_31.01,2.78,8,GS1_31.01,14.71,7
GS1_31.02,2.85,8,GS1_31.02,15.28,7
GS1_31.03,2.09,8,GS1_31.03,15.2,7
GS1_31.04,2.49,8,GS1_31.04,15.25,7
GS1_31.05,2.18,8,GS1_31.05,15.85,7
GS1_31.06,1.76,8,GS1_31.06,15.55,7
GS1_32.01,2.49,6,GS1_32.01,16.25,5
GS1_32.02,2.15,6,GS1_32.02,14.55,5
GS1_32.03,1.92,6,GS1_32.03,14.74,5
GS1_32.04,2.36,6,GS1_32.04,15.81,5
GS1_32.05,2.19,6,GS1_32.05,14.75,5
GS1_32.06,2.29,6,GS1_32.06,16.27,5
GS1_33.01,2.52,10,GS1_33.01,15.39,9
GS1_33.02,2.29,10,GS1_33.02,15.57,9
GS1_33.03,2.3,10,GS1_33.03,14.25,9
GS1_33.04,2.04,10,GS1_33.04,14.36,9
GS1_33.05,2.08,10,GS1_33.05,14.11,9
GS1_33.06,2.29,10,GS1_33.06,15.85,9
GS1_34.01,2.54,9,GS1_34.01,15.62,8
GS1_34.02,2.32,9,GS1_34.02,15.34,8
GS1_34.03,2.32,9,GS1_34.03,16.2,8
GS1_34.04,2.87,9,GS1_34.04,14.4,8
GS1_34.05,1.79,9,GS1_34.05,14.47,8
GS1_34.06,2.4,9,GS1_34.06,16.4,8
GS1_35.01,2.13,5,GS1_35.01,15.07,4
GS1_35.02,1.87,5,GS1_35.02,14.72,4
GS1_35.03,1.74,5,GS1_35.03,15.45,4
GS1_35.04,2.03,5,GS1_35.04,15.17,4
GS1_35.05,1.79,5,GS1_35.05,15.89,4
GS1_35.06,2.32,5,GS1_35.06,15.65,4
GS1_36.01,2.41,8,GS1_36.01,16.5,7
GS1_36.02,2,8,GS1_36.02,15.35,7
GS1_36.03,2.2,8,GS1_36.03,14.94,7
GS1_36.04,2.14,8,GS1_36.04,14.62,7
GS1_36.05,2.12,8,GS1_36.05,14.69,7
GS1_36.06,1.81,8,GS1_36.06,14.16,7
GS1_37.01,2.4,11,GS1_37.01,16.07,10
GS1_37.02,1.9,11,GS1_37.02,15.99,10
GS1_37.03,2.51,11,GS1_37.03,16.15,10
GS1_37.04,2.04,11,GS1_37.04,16.04,10
GS1_37.05,2.02,11,GS1_37.05,14.85,10
GS1_37.06,2.67,11,GS1_37.06,14.85,10
GS1_38.01,2.54,8,GS1_38.01,14.77,7
GS1_38.02,2.65,8,GS1_38.02,15.67,7
GS1_38.03,3.62,8,GS1_38.03,15.33,7
GS1_38.04,2.51,8,GS1_38.04,14.3,7
GS1_38.05,2.35,8,GS1_38.05,15.3,7
GS1_38.06,2.49,8,GS1_38.06,14.91,7
GS1_39.01,2.54,8,GS1_39.01,16.04,7
GS1_39.02,3.79,8,GS1_39.02,15.76,7
GS1_39.03,3.04,8,GS1_39.03,15.17,7
GS1_39.04,3.9,8,GS1_39.04,15.67,7
GS1_39.05,1.76,8,GS1_39.05,13.94,7
GS1_39.06,2.76,8,GS1_39.06,15.42,7
GS1_4.01,2.6,6,GS1_4.01,14.3,4
GS1_4.02,2.7,6,GS1_4.02,16.31,4
GS1_4.03,1.91,6,GS1_4.03,16.39,4
GS1_4.04,2.26,6,GS1_4.04,15.69,4
GS1_4.05,2.1,6,GS1_4.05,14.54,4
GS1_4.06,2.14,6,GS1_4.06,15.9,4
GS1_40.01,2.58,9,GS1_40.01,15.73,8
GS1_40.02,2.59,9,GS1_40.02,16.73,8
GS1_40.03,2.94,9,GS1_40.03,16.25,8
GS1_40.05,3.63,9,GS1_40.05,16.92,8
GS1_40.06,2.86,9,GS1_40.06,16.42,8
GS1_41.01,2.69,9,GS1_41.01,16.26,8
GS1_41.01,1.94,12,GS1_41.01,12.57,12
GS1_41.02,2.57,9,GS1_41.02,16.65,8
GS1_41.02,2.42,12,GS1_41.02,15.14,12
GS1_41.03,2.59,9,GS1_41.03,16.76,8
GS1_41.03,2.41,12,GS1_41.03,15.71,12
GS1_41.04,2.65,12,GS1_41.04,15.21,12
GS1_41.05,2.62,9,GS1_41.05,16.71,8
GS1_41.05,2.48,12,GS1_41.05,15.68,12
GS1_41.06,2.17,12,GS1_41.06,15.34,12
GS1_43.01,2.6,10,GS1_43.01,15.19,10
GS1_43.01,2.46,11,GS1_43.01,15.59,11
GS1_43.02,2.7,10,GS1_43.02,15.45,10
GS1_43.02,2.41,11,GS1_43.02,14.25,11
GS1_43.03,3,10,GS1_43.03,15.7,10
GS1_43.03,1.94,11,GS1_43.03,13.22,11
GS1_43.04,2.33,10,GS1_43.04,16,10
GS1_43.04,2.7,11,GS1_43.04,15.88,11
GS1_43.05,2.49,10,GS1_43.05,16.23,10
GS1_43.06,2.02,10,GS1_43.06,13.97,10
GS1_44.01,2.25,7,GS1_44.01,15.4,5
GS1_44.02,2.32,7,GS1_44.02,15.4,5
GS1_44.03,2.02,7,GS1_44.03,15.09,5
GS1_44.04,1.84,7,GS1_44.04,15.66,5
GS1_44.05,2.19,7,GS1_44.05,15.4,5
GS1_44.06,2.88,7,GS1_44.06,15.85,5
GS1_45.01,2.79,8,GS1_45.01,15.43,7
GS1_45.02,2.98,8,GS1_45.02,14.36,7
GS1_45.03,2.51,8,GS1_45.03,15.65,7
GS1_45.04,2.32,8,GS1_45.04,15.57,7
GS1_45.05,3.35,8,GS1_45.05,16.34,7
GS1_45.06,2.01,8,GS1_45.06,15.62,7
GS1_46.01,2.12,10,GS1_46.01,14.71,9
GS1_46.02,1.8,10,GS1_46.02,16.4,9
GS1_46.03,2.13,10,GS1_46.03,15.5,9
GS1_46.04,2.28,10,GS1_46.04,14.99,9
GS1_46.05,2.25,9,GS1_46.05,15.07,9
GS1_46.06,2.19,10,GS1_46.06,15.64,9
GS1_47.01,2.19,6,GS1_47.01,15.28,3
GS1_47.02,1.95,6,GS1_47.02,15.04,3
GS1_47.03,2.61,6,GS1_47.03,15.86,3
GS1_47.04,2.33,6,GS1_47.04,16.38,3
GS1_47.05,2.34,6,GS1_47.05,16.79,3
GS1_47.06,2.01,6,GS1_47.06,14.18,3
GS1_48.01,2.62,7,GS1_48.01,16.05,6
GS1_48.02,3.28,7,GS1_48.02,16.12,6
GS1_48.03,2.49,7,GS1_48.03,15.18,6
GS1_48.04,2.37,7,GS1_48.04,15.03,6
GS1_48.05,2.02,7,GS1_48.05,15.82,6
GS1_48.06,2.39,7,GS1_48.06,15.62,6
GS1_49.01,1.81,3,GS1_49.01,13.02,2
GS1_49.02,1.95,3,GS1_49.02,13.03,2
GS1_49.03,1.88,3,GS1_49.03,13.24,2
GS1_49.04,1.92,3,GS1_49.04,12.29,2
GS1_49.05,2.08,3,GS1_49.05,13.48,2
GS1_49.06,2.07,3,GS1_49.06,13.18,2
GS1_5.01,2.97,6,GS1_5.01,15.14,6
GS1_5.02,3.06,6,GS1_5.02,15.12,6
GS1_5.03,2.25,6,GS1_5.03,15.64,6
GS1_5.04,2.45,6,GS1_5.04,15.72,6
GS1_5.05,2.36,6,GS1_5.05,15.2,6
GS1_5.06,2.17,6,GS1_5.06,15.54,6
GS1_50.01,2.2,10,GS1_50.01,15.55,9
GS1_50.02,1.88,10,GS1_50.02,15.06,9
GS1_50.03,2.3,10,GS1_50.03,15.42,9
GS1_50.04,2.4,10,GS1_50.04,15.48,9
GS1_50.05,1.88,10,GS1_50.05,15.69,9
GS1_50.06,2.95,10,GS1_50.06,15.04,9
GS1_51.01,2.27,1,GS1_51.01,15.06,1
GS1_51.02,2.52,1,GS1_51.02,14.29,1
GS1_51.03,2.46,1,GS1_51.03,14.1,1
GS1_51.04,2.12,1,GS1_51.04,13.19,1
GS1_51.05,2.65,1,GS1_51.05,15.4,1
GS1_51.06,2.39,1,GS1_51.06,14.77,1
GS1_52.01,2.61,8,GS1_52.01,16.2,7
GS1_52.02,2.64,8,GS1_52.02,16.86,7
GS1_52.03,3.1,8,GS1_52.03,16.49,7
GS1_52.04,2.12,8,GS1_52.04,14.05,7
GS1_52.05,0.98,8,GS1_52.05,14.98,7
GS1_52.06,2.3,8,GS1_52.06,15.03,7
GS1_53.01,2.55,8,GS1_53.01,15.98,7
GS1_53.02,2.28,8,GS1_53.02,15.76,7
GS1_53.03,1.96,8,GS1_53.03,14.86,7
GS1_53.04,2.35,8,GS1_53.04,14.56,7
GS1_53.05,2.63,8,GS1_53.05,15.56,7
GS1_53.06,2.69,8,GS1_53.06,15.3,7
GS1_54.01,2.89,9,GS1_54.01,16.52,8
GS1_54.02,2.31,9,GS1_54.02,14.79,8
GS1_54.03,3.65,9,GS1_54.03,16.11,8
GS1_54.04,2.4,9,GS1_54.04,16.35,8
GS1_54.05,2.13,9,GS1_54.05,13.62,8
GS1_54.06,2.19,9,GS1_54.06,14.85,8
GS1_55.01,1.23,8,GS1_55.01,8.62,7
GS1_55.02,1.73,8,GS1_55.02,15.39,7
GS1_55.03,2.11,8,GS1_55.03,14.1,7
GS1_55.04,1.99,8,GS1_55.04,15.01,7
GS1_55.05,2.6,8,GS1_55.05,15.96,7
GS1_55.06,2.14,8,GS1_55.06,15.58,7
GS1_56.01,2.56,9,GS1_56.01,15.74,8
GS1_56.02,2.55,9,GS1_56.02,15.88,8
GS1_56.03,2.09,9,GS1_56.03,14.8,8
GS1_56.04,2.62,9,GS1_56.04,15.97,8
GS1_56.05,3.33,9,GS1_56.05,16.59,8
GS1_56.06,3.22,9,GS1_56.06,16.63,8
GS1_57.01,2.19,10,GS1_57.01,14.38,9
GS1_57.02,2.71,10,GS1_57.02,15.89,9
GS1_57.03,2.18,10,GS1_57.03,16.31,9
GS1_57.04,3.16,10,GS1_57.04,14.96,9
GS1_57.05,2.18,10,GS1_57.05,13.45,9
GS1_58.01,2.75,6,GS1_58.01,15.66,6
GS1_58.02,2.47,6,GS1_58.02,15.43,6
GS1_58.03,2.82,6,GS1_58.03,14.98,6
GS1_58.04,2.42,6,GS1_58.04,15.32,6
GS1_58.05,2.16,6,GS1_58.05,13.83,6
GS1_58.06,2.57,6,GS1_58.06,15.6,6
GS1_59.01,1.85,5,GS1_59.01,14.25,4
GS1_59.02,3.08,5,GS1_59.02,15.27,4
GS1_59.03,1.97,5,GS1_59.03,14.15,4
GS1_59.04,2.41,5,GS1_59.04,16.02,4
GS1_59.05,1.88,5,GS1_59.05,15.33,4
GS1_59.06,1.78,5,GS1_59.06,15.44,4
GS1_6.01,2.26,7,GS1_6.01,16.91,5
GS1_6.02,1.93,7,GS1_6.02,15.25,5
GS1_6.03,2.53,7,GS1_6.03,15.37,5
GS1_6.04,2.18,7,GS1_6.04,15.09,5
GS1_6.05,2.5,7,GS1_6.05,15.35,5
GS1_6.06,3.16,7,GS1_6.06,16.02,5
GS1_60.01,2.11,10,GS1_60.01,15.03,9
GS1_60.02,2.09,10,GS1_60.02,15.19,9
GS1_60.03,1.77,10,GS1_60.03,15.86,9
GS1_60.04,1.93,10,GS1_60.04,15.74,9
GS1_60.05,2.26,10,GS1_60.05,15.23,9
GS1_60.06,1.95,10,GS1_60.06,16.07,9
GS1_61.01,2.48,10,GS1_61.01,14.7,9
GS1_61.02,2.27,10,GS1_61.02,14.83,9
GS1_61.03,1.89,10,GS1_61.03,14.47,9
GS1_61.04,2.27,10,GS1_61.04,14.33,9
GS1_61.05,1.97,10,GS1_61.05,15.58,9
GS1_61.06,2.73,10,GS1_61.06,14.91,9
GS1_62.01,1.9,2,GS1_62.01,14.86,1
GS1_62.02,2.14,2,GS1_62.02,15.5,1
GS1_62.03,1.97,2,GS1_62.03,14.54,1
GS1_62.04,2.77,2,GS1_62.04,16.22,1
GS1_62.05,1.96,2,GS1_62.05,14.69,1
GS1_62.06,2.77,2,GS1_62.06,15.26,1
GS1_63.01,2.04,8,GS1_63.01,14.23,7
GS1_63.02,2.37,8,GS1_63.02,14.35,7
GS1_63.03,2.81,8,GS1_63.03,15.96,7
GS1_63.04,2.38,8,GS1_63.04,15.35,7
GS1_63.05,2.17,8,GS1_63.05,14.46,7
GS1_63.06,2.33,8,GS1_63.06,14.89,7
GS1_64.01,2.26,7,GS1_64.01,15.51,5
GS1_64.02,2.07,7,GS1_64.02,15.57,5
GS1_64.03,2.56,7,GS1_64.03,16.11,5
GS1_64.04,2.66,7,GS1_64.04,15.97,5
GS1_64.05,2.32,7,GS1_64.05,15.67,5
GS1_64.06,2.67,7,GS1_64.06,16.06,5
GS1_65.01,1.87,10,GS1_65.01,15.09,9
GS1_65.02,1.86,10,GS1_65.02,14.17,9
GS1_65.03,1.71,10,GS1_65.03,14.25,9
GS1_65.04,1.83,10,GS1_65.04,14.99,9
GS1_65.05,1.89,10,GS1_65.05,16.27,9
GS1_65.06,1.84,10,GS1_65.06,15.26,9
GS1_66.01,2.15,8,GS1_66.01,15.14,7
GS1_66.02,2.09,8,GS1_66.02,15.16,7
GS1_66.03,2.87,8,GS1_66.03,16.66,7
GS1_66.04,2.33,8,GS1_66.04,15.47,7
GS1_66.05,2.29,8,GS1_66.05,15.35,7
GS1_66.06,2.57,8,GS1_66.06,15.66,7
GS1_67.01,2.25,11,GS1_67.01,15.96,10
GS1_67.02,2.19,10,GS1_67.02,14.97,10
GS1_67.03,2.37,10,GS1_67.03,16.32,10
GS1_67.04,1.85,11,GS1_67.04,13.34,10
GS1_67.05,2.13,10,GS1_67.05,14.89,10
GS1_67.06,2.12,10,GS1_67.06,15.63,10
GS1_68.01,2.82,12,GS1_68.01,16.03,12
GS1_68.02,2.53,12,GS1_68.02,15.09,12
GS1_68.03,2.25,12,GS1_68.03,15.74,12
GS1_68.04,2.21,12,GS1_68.04,15.48,12
GS1_68.05,2.32,12,GS1_68.05,15.22,12
GS1_69.01,2.61,9,GS1_69.01,15.49,9
GS1_69.02,2.45,9,GS1_69.02,14.46,9
GS1_69.03,2.38,9,GS1_69.03,14.27,9
GS1_69.04,2.76,9,GS1_69.04,16.39,9
GS1_69.05,2.69,9,GS1_69.05,15.36,9
GS1_69.06,2.89,9,GS1_69.06,15.87,9
GS1_7.04,2.48,7,GS1_7.04,16.16,5
GS1_7.05,3.18,7,GS1_7.05,15.13,5
GS1_7.06,2.2,7,GS1_7.06,15.86,5
GS1_70.01,2.29,6,GS1_70.01,16.98,3
GS1_70.02,2.1,6,GS1_70.02,14.28,3
GS1_70.03,1.96,6,GS1_70.03,16.32,3
GS1_70.04,2.05,6,GS1_70.04,14.36,3
GS1_70.05,2.25,6,GS1_70.05,14.9,3
GS1_70.06,1.9,6,GS1_70.06,15.09,3
GS1_71.01,2.38,12,GS1_71.01,15.47,12
GS1_71.02,2.65,12,GS1_71.02,15.47,12
GS1_71.03,2.78,12,GS1_71.03,15.5,12
GS1_71.04,2.71,12,GS1_71.04,15.61,12
GS1_71.05,2.62,12,GS1_71.05,15.21,12
GS1_71.06,2.41,12,GS1_71.06,15.44,12
GS1_72.01,2.79,10,GS1_72.01,13.59,9
GS1_72.02,2.41,10,GS1_72.02,14.17,9
GS1_72.03,0.94,10,GS1_72.03,15.1,9
GS1_72.04,2.75,10,GS1_72.04,15.21,9
GS1_72.05,2.83,9,GS1_72.05,15.13,9
GS1_72.06,2.6,10,GS1_72.06,15.27,9
GS1_73.01,1.91,10,GS1_73.01,14.25,9
GS1_73.02,1.83,10,GS1_73.02,13.74,9
GS1_73.03,1.43,10,GS1_73.03,14.25,9
GS1_73.04,2.24,10,GS1_73.04,15.74,9
GS1_73.05,1.7,10,GS1_73.05,14.03,9
GS1_73.06,2.06,10,GS1_73.06,15.5,9
GS1_74.01,2.04,12,GS1_74.01,15.26,12
GS1_74.02,1.93,12,GS1_74.02,15.54,12
GS1_74.03,2.07,12,GS1_74.03,15.06,12
GS1_74.04,1.88,12,GS1_74.04,15.13,12
GS1_74.05,1.71,12,GS1_74.05,15.82,12
GS1_75.01,2.15,5,GS1_75.01,15.61,4
GS1_75.02,2.86,5,GS1_75.02,14.14,4
GS1_75.03,2.37,5,GS1_75.03,14.99,4
GS1_75.04,2.34,5,GS1_75.04,14.15,4
GS1_75.05,2.34,5,GS1_75.05,16.43,4
GS1_75.06,2.24,5,GS1_75.06,15.29,4
GS1_76.01,1.82,8,GS1_76.01,14.28,7
GS1_76.02,2.36,8,GS1_76.02,13.7,7
GS1_76.03,2.32,8,GS1_76.03,15.65,7
GS1_76.04,2.67,8,GS1_76.04,14.89,7
GS1_76.05,2.16,8,GS1_76.05,15.05,7
GS1_76.06,2.25,8,GS1_76.06,15.8,7
GS1_77.01,2.21,1,GS1_77.01,15.12,1
GS1_77.02,1.74,1,GS1_77.02,11.32,1
GS1_77.03,2.76,1,GS1_77.03,15.98,1
GS1_77.04,2.48,1,GS1_77.04,15.68,1
GS1_77.05,2.3,1,GS1_77.05,15.71,1
GS1_77.06,2.72,1,GS1_77.06,16.63,1
GS1_78.01,2.02,2,GS1_78.01,14.13,1
GS1_78.02,1.95,2,GS1_78.02,14.61,1
GS1_78.03,2.69,2,GS1_78.03,14,1
GS1_78.04,2.35,2,GS1_78.04,14.99,1
GS1_78.05,2.06,2,GS1_78.05,15.38,1
GS1_78.06,2.05,2,GS1_78.06,15.15,1
GS1_79.01,2.46,10,GS1_79.01,15.33,9
GS1_79.02,1.8,10,GS1_79.02,15.04,9
GS1_79.03,2.25,10,GS1_79.03,14.73,9
GS1_79.04,2.67,10,GS1_79.04,14.71,9
GS1_79.05,2.14,10,GS1_79.05,15.04,9
GS1_79.06,2.43,10,GS1_79.06,14.95,9
GS1_8.01,2.88,7,GS1_8.01,15.9,5
GS1_8.01,2.29,9,GS1_8.01,16.24,8
GS1_8.02,2.21,7,GS1_8.02,15.66,5
GS1_8.02,1.79,9,GS1_8.02,14.5,8
GS1_8.03,2.76,7,GS1_8.03,15.27,5
GS1_8.04,1.71,7,GS1_8.04,16.19,5
GS1_8.05,2.18,7,GS1_8.05,16.1,5
GS1_8.06,2.25,7,GS1_8.06,15.39,5
GS1_80.01,2.71,1,GS1_80.01,16,1
GS1_80.02,1.65,1,GS1_80.02,14.66,1
GS1_80.03,2.54,1,GS1_80.03,15.71,1
GS1_80.04,2.52,1,GS1_80.04,15.76,1
GS1_80.05,2.8,1,GS1_80.05,14.53,1
GS1_80.06,1.88,1,GS1_80.06,14.33,1
GS1_81.01,1.94,6,GS1_81.01,15.45,6
GS1_81.02,2.1,6,GS1_81.02,15.24,6
GS1_81.03,2.06,6,GS1_81.03,15.15,6
GS1_81.04,2.13,6,GS1_81.04,15.41,6
GS1_81.05,2.39,6,GS1_81.05,16.18,6
GS1_81.06,2.39,6,GS1_81.06,15.75,6
GS1_82.01,2.77,7,GS1_82.01,15.37,5
GS1_82.02,2.46,7,GS1_82.02,15.88,5
GS1_82.03,2.16,7,GS1_82.03,15.57,5
GS1_82.04,2.46,7,GS1_82.04,15.09,5
GS1_82.05,2.73,7,GS1_82.05,15.56,5
GS1_82.06,2.78,7,GS1_82.06,15.44,5
GS1_83.01,2.89,12,GS1_83.01,15.22,12
GS1_83.02,2.16,12,GS1_83.02,15.08,12
GS1_83.03,2.23,12,GS1_83.03,15.59,12
GS1_83.04,2.66,12,GS1_83.04,14.09,12
GS1_83.05,2.24,12,GS1_83.05,15.38,12
GS1_83.06,1.83,12,GS1_83.06,14,12
GS1_84.01,2.32,2,GS1_84.01,15.25,1
GS1_84.01,2.34,7,GS1_84.01,15.18,5
GS1_84.02,2.29,2,GS1_84.02,15.88,1
GS1_84.02,2.01,7,GS1_84.02,15.07,5
GS1_84.03,2.56,2,GS1_84.03,16.3,1
GS1_84.03,2.71,7,GS1_84.03,15.88,5
GS1_84.04,2.79,2,GS1_84.04,15.49,1
GS1_84.04,2.89,7,GS1_84.04,15.14,5
GS1_84.05,2.36,2,GS1_84.05,15.99,1
GS1_84.05,2.38,7,GS1_84.05,14.82,5
GS1_84.06,3,1,GS1_84.06,15.15,1
GS1_84.06,2.69,7,GS1_84.06,16.36,5
GS1_86.01,1.85,6,GS1_86.01,10.46,6
GS1_86.02,2.02,6,GS1_86.02,14.27,6
GS1_86.03,2.82,6,GS1_86.03,15.12,6
GS1_86.04,2.79,6,GS1_86.04,14.97,6
GS1_87.01,2.31,6,GS1_87.01,14.4,4
GS1_87.02,2.58,6,GS1_87.02,13.95,4
GS1_87.03,2.56,6,GS1_87.03,15.4,4
GS1_87.04,2.33,6,GS1_87.04,14.4,4
GS1_87.05,2.29,6,GS1_87.05,14.59,4
GS1_87.06,2.28,6,GS1_87.06,15.28,4
GS1_88.01,2.19,9,GS1_88.01,15.54,8
GS1_88.02,1.9,9,GS1_88.02,15,8
GS1_88.03,2.18,9,GS1_88.03,15.7,8
GS1_88.04,2.24,9,GS1_88.04,16.09,8
GS1_88.05,2.2,9,GS1_88.05,15.95,8
GS1_88.06,2.39,9,GS1_88.06,16.71,8
GS1_89.01,3.11,6,GS1_89.01,15,5
GS1_89.02,2.55,6,GS1_89.02,16.21,5
GS1_89.03,2.48,6,GS1_89.03,15.12,5
GS1_89.04,2.52,6,GS1_89.04,15.17,5
GS1_89.05,2.48,6,GS1_89.05,14.85,5
GS1_89.06,2.82,6,GS1_89.06,15.17,5
GS1_9.01,2.74,12,GS1_9.01,14.36,12
GS1_9.02,2.77,12,GS1_9.02,15.49,12
GS1_9.03,2.94,12,GS1_9.03,15.73,12
GS1_9.04,1.91,12,GS1_9.04,12.52,12
GS1_9.05,2.8,12,GS1_9.05,15.32,12
GS1_9.06,2.54,12,GS1_9.06,14.8,12
GS1_90.01,2.45,1,GS1_90.01,14.79,1
GS1_90.02,2.49,1,GS1_90.02,16.02,1
GS1_90.03,2.08,1,GS1_90.03,14.81,1
GS1_90.04,2.12,1,GS1_90.04,14.54,1
GS1_90.05,2.35,1,GS1_90.05,16.22,1
GS1_90.06,1.99,1,GS1_90.06,15.05,1
GS1_91.01,2.73,9,GS1_91.01,16.98,8
GS1_91.02,2.63,9,GS1_91.02,16.76,8
GS1_91.03,2.57,9,GS1_91.03,15.68,8
GS1_91.04,2.33,9,GS1_91.04,14.75,8
GS1_91.05,2.86,9,GS1_91.05,16.97,8
GS1_91.06,2.8,9,GS1_91.06,16.74,8
GS1_92.01,2.36,6,GS1_92.01,15.19,6
GS1_92.02,2.54,6,GS1_92.02,15.5,6
GS1_92.03,2.71,6,GS1_92.03,15.34,6
GS1_92.04,2.48,6,GS1_92.04,16.01,6
GS1_92.05,2.73,6,GS1_92.05,15.61,6
GS1_92.06,2.36,6,GS1_92.06,16.09,6
GS1_93.01,2.64,12,GS1_93.01,15.69,12
GS1_93.02,2.47,12,GS1_93.02,15.38,12
GS1_93.03,2.55,12,GS1_93.03,14.95,12
GS1_93.04,2.09,12,GS1_93.04,15.41,12
GS1_93.05,2.42,12,GS1_93.05,15.52,12
GS1_93.06,2.64,12,GS1_93.06,15.49,12
GS1_94.01,2.26,6,GS1_94.01,15.54,6
GS1_94.02,2.2,7,GS1_94.02,15.54,6
GS1_94.03,2.35,6,GS1_94.03,15.23,6
GS1_94.04,2.31,7,GS1_94.04,15.53,6
GS1_94.05,2.27,7,GS1_94.05,15.35,6
GS1_94.06,2.5,7,GS1_94.06,16.11,6
GS1_95.02,2.14,10,GS1_95.02,15.93,10
GS1_95.04,1.94,10,GS1_95.04,13.92,10
GS1_95.05,2.2,10,GS1_95.05,16.01,10
GS1_95.06,2.03,10,GS1_95.06,15,10
GS1_96.01,2.31,12,GS1_96.01,15.34,12
GS1_96.02,2.44,12,GS1_96.02,15.06,12
GS1_96.03,2.62,12,GS1_96.03,15.6,12
GS1_96.04,2.61,12,GS1_96.04,15.89,12
GS1_96.05,2.98,12,GS1_96.05,15.61,12
GS1_96.06,2.69,12,GS1_96.06,15.04,12
GS1_97.01,2.46,11,GS1_97.01,15.52,10
GS1_97.02,2.38,11,GS1_97.02,14.01,10
GS1_97.03,2.96,11,GS1_97.03,16.63,10
GS1_97.04,2.19,11,GS1_97.04,14.56,10
GS1_97.05,2.45,11,GS1_97.05,14.95,10
GS1_97.06,2.95,11,GS1_97.06,16.64,10
GS1_98.01,2.57,10,GS1_98.01,14.68,9
GS1_98.02,2.13,10,GS1_98.02,14.73,9
GS1_98.03,2.47,10,GS1_98.03,15.84,9
GS1_98.04,2.45,10,GS1_98.04,14.86,9
GS1_98.05,2.09,10,GS1_98.05,14.11,9
GS1_98.06,2.41,10,GS1_98.06,14.48,9
GS1_99.01,2.79,7,GS1_99.01,15.71,5
GS1_99.02,2.33,7,GS1_99.02,15.6,5
GS1_99.03,2.45,7,GS1_99.03,15.71,5
GS1_99.04,2.49,7,GS1_99.04,15.88,5
GS1_99.05,2.4,7,GS1_99.05,15.73,5
GS1_99.06,2.19,7,GS1_99.06,15.12,5
