FruitID,DM,DM_date
GS1_1.01,17.8723404255319,4
GS1_1.02,15.46875,4
GS1_1.03,20.3533568904594,4
GS1_1.04,15.9604519774011,4
GS1_1.05,22.6720647773279,4
GS1_1.06,17.5591531755915,4
GS1_10.01,15.2788388082506,2
GS1_10.02,13.741935483871,2
GS1_10.03,12.6288659793814,2
GS1_10.04,12.3234916559692,2
GS1_10.05,13.6629798308393,2
GS1_10.06,11.3753213367609,2
GS1_100.01,13.2978723404255,10
GS1_100.02,12.3065015479876,10
GS1_100.03,13.8966480446927,10
GS1_100.04,15.2014652014652,10
GS1_100.05,13.730255164034,10
GS1_100.06,12.7272727272727,10
GS1_101.01,16.5184243964422,9
GS1_101.02,16.1103047895501,9
GS1_101.03,15.3846153846154,9
GS1_101.04,16.764514024788,9
GS1_101.05,15.9943382873319,9
GS1_101.06,15.1034482758621,9
GS1_102.01,14.7807637906648,2
GS1_102.02,16.412213740458,2
GS1_102.03,14.6187775677379,2
GS1_102.04,20.8191126279863,2
GS1_102.05,14.8883374689826,2
GS1_102.06,16.6555183946488,2
GS1_103.01,18.1992337164751,4
GS1_103.02,13.324080499653,4
GS1_103.03,14.2153413089374,4
GS1_103.04,15.6375838926174,4
GS1_103.05,14.8906139731828,4
GS1_103.06,15.3261557948068,4
GS1_104.01,16.8016194331984,9
GS1_104.02,14.680710994075,9
GS1_104.03,12.4129195693477,9
GS1_104.04,13.7029955385596,9
GS1_104.05,16.6551485832757,9
GS1_104.06,11.6429495472186,9
GS1_105.01,16.1179698216735,1
GS1_105.02,12.1883656509695,1
GS1_105.03,16.7464114832536,1
GS1_105.04,15.5161078238001,1
GS1_105.05,16.3448275862069,1
GS1_105.06,14.1963727329581,1
GS1_106.01,13.6427566807314,4
GS1_106.02,13.0347593582888,4
GS1_106.03,12.2762148337596,4
GS1_106.04,11.9237861094038,4
GS1_107.01,13.7362637362637,2
GS1_107.02,11.9242902208202,2
GS1_107.03,10.627719080174,2
GS1_107.04,13.6194029850746,2
GS1_107.05,11.8339100346021,2
GS1_107.06,11.3268608414239,2
GS1_108.01,14.9152542372881,4
GS1_108.02,13.4707903780069,4
GS1_108.03,15.2287581699346,4
GS1_108.04,15.6154317207593,4
GS1_108.05,14.8097826086957,4
GS1_108.06,14.2953020134228,4
GS1_109.01,16.4112388250319,12
GS1_109.02,13.2450331125828,12
GS1_109.03,12.3251165889407,12
GS1_109.04,13.046357615894,12
GS1_109.05,14.626075446724,12
GS1_109.06,11.8871725990598,12
GS1_11.01,15.6037991858887,8
GS1_11.02,15.4806491885144,8
GS1_11.03,14.7574123989218,8
GS1_11.04,17.0998632010944,8
GS1_11.05,15.1797603195739,8
GS1_11.06,16.3649025069638,8
GS1_110.01,13.2793017456359,9
GS1_110.02,14.1268803139307,9
GS1_110.03,15.7790927021696,9
GS1_110.04,10.4262295081967,9
GS1_110.05,12.6174496644295,9
GS1_110.06,16.1558109833972,9
GS1_111.01,13.1228070175439,5
GS1_111.02,13.3995037220844,5
GS1_111.03,12.5566343042071,5
GS1_111.04,11.9641714651312,5
GS1_111.05,14.4832126398947,5
GS1_111.06,13.9645776566757,5
GS1_112.01,13.7909709338281,1
GS1_112.02,13.5135135135135,1
GS1_112.03,13.1561892417369,1
GS1_112.04,14.8765432098765,1
GS1_112.05,13.8297872340426,1
GS1_112.06,13.0847029077118,1
GS1_113.01,15.9903089036947,2
GS1_113.02,16.0054719562244,2
GS1_113.03,16.0073037127206,2
GS1_113.04,15.3121319199058,2
GS1_113.05,16.3291966035271,2
GS1_113.06,15.8895705521472,2
GS1_114.01,14.4010767160162,12
GS1_114.02,14.2118863049096,12
GS1_114.03,14.6825396825397,12
GS1_114.04,14.3041237113402,12
GS1_114.05,14.6830530401035,12
GS1_114.06,14.0093395597065,12
GS1_115.01,14.0052356020942,3
GS1_115.02,13.1614654002714,3
GS1_115.03,12.9931972789116,3
GS1_116.01,16.1434977578475,8
GS1_116.02,17.7922077922078,8
GS1_116.03,17.3974540311174,8
GS1_116.04,14.9025069637883,8
GS1_116.05,16.2775616083009,8
GS1_116.06,11.7647058823529,8
GS1_117.01,15.2749490835031,2
GS1_117.02,15.4639175257732,2
GS1_117.03,13.9401654996817,2
GS1_117.04,13.6671177266576,2
GS1_117.05,14.8502994011976,2
GS1_117.06,14.7223955084217,2
GS1_118.01,13.3826496301278,7
GS1_118.02,19.720989220038,7
GS1_118.03,16.0080375083724,7
GS1_118.04,13.3608815426997,7
GS1_118.05,16.3369495851946,7
GS1_118.06,13.1826741996234,7
GS1_119.01,17.1750663129973,7
GS1_119.02,15.4205607476636,7
GS1_119.03,13.5205747877204,7
GS1_119.04,15.4285714285714,7
GS1_119.05,17.5513092710545,7
GS1_119.06,14.4689950106914,7
GS1_12.01,19.1335740072202,3
GS1_12.02,18.5616438356164,3
GS1_12.03,15.5089820359281,3
GS1_12.04,9.87306064880113,3
GS1_12.05,17.8816199376947,3
GS1_12.06,15.974212034384,3
GS1_120.01,15.0919467343056,10
GS1_120.03,14.2147734326505,10
GS1_120.04,13.6059479553903,10
GS1_120.05,13.3720930232558,10
GS1_120.06,14.9090909090909,10
GS1_121.01,14.1922825376063,12
GS1_121.02,13.1716906946265,12
GS1_121.03,13.1962864721485,12
GS1_121.04,14.9761742682097,12
GS1_121.05,15.1456310679612,12
GS1_121.06,11.7724867724868,12
GS1_122.01,13.7908061292472,6
GS1_122.02,18.9083820662768,6
GS1_122.03,18.9579409918393,6
GS1_122.04,20.7816377171216,6
GS1_122.05,12.6479750778816,6
GS1_122.06,14.0992167101828,6
GS1_123.01,15.2297042164884,12
GS1_123.02,13.1767775603392,12
GS1_123.03,13.0322580645161,12
GS1_123.04,14.9155033063924,12
GS1_123.05,14.0779907468605,12
GS1_123.06,14.6825396825397,12
GS1_124.01,11.960542540074,8
GS1_124.02,14.0425531914894,8
GS1_124.03,11.9626168224299,8
GS1_124.04,11.7952041477641,8
GS1_124.05,11.0635696821516,8
GS1_125.01,12.6226291693918,1
GS1_125.02,13.6486486486486,1
GS1_125.03,14.3229166666667,1
GS1_125.04,16.5656565656566,1
GS1_125.05,19.1706322229776,1
GS1_125.06,13.8574283810793,1
GS1_126.01,11.3145846958797,1
GS1_126.02,14.8427672955975,1
GS1_126.03,18.0381830151415,1
GS1_126.04,12.5686813186813,1
GS1_126.05,21.6465578424414,1
GS1_126.06,14.1737032569361,1
GS1_127.01,17.5507531106745,9
GS1_127.02,12.9843643779742,9
GS1_127.03,15.8428390367554,9
GS1_127.04,14.041095890411,9
GS1_127.05,15.4199475065617,9
GS1_127.06,19.2513368983957,9
GS1_128.01,12.565445026178,12
GS1_128.02,12.5161290322581,12
GS1_128.03,17.470664928292,12
GS1_128.04,12.9834254143646,12
GS1_128.05,12.5520110957004,12
GS1_128.06,14.101646385111,12
GS1_129.01,14.6728354263054,9
GS1_129.02,14.5732130464955,9
GS1_129.03,13.2140399174123,9
GS1_129.04,14.0695915279879,9
GS1_129.05,12.8240109140518,9
GS1_129.06,13.1210191082803,9
GS1_13.01,16.3554410817772,12
GS1_13.02,15.6471345782357,12
GS1_13.03,17.9436804191225,12
GS1_13.04,16.2094763092269,12
GS1_13.05,16.0052049446975,12
GS1_130.01,15.5283505154639,12
GS1_130.02,13.8419986495611,12
GS1_130.03,19.5592286501377,12
GS1_130.04,15.9105431309904,12
GS1_130.05,20.2979515828678,12
GS1_130.06,15.8860759493671,12
GS1_131.01,15.564738292011,2
GS1_131.02,16.8241965973535,2
GS1_131.03,10.9022556390977,2
GS1_131.04,12.992125984252,2
GS1_131.05,14.5631067961165,2
GS1_131.06,11.7063492063492,2
GS1_132.01,12.7906976744186,8
GS1_132.02,16.6112956810631,8
GS1_132.03,18.2148040638607,8
GS1_132.04,15.4371584699454,8
GS1_132.05,19.2605843768634,8
GS1_132.06,13.9936102236422,8
GS1_133.01,14.423740510697,5
GS1_133.02,17.1201061712011,5
GS1_133.03,16.7763157894737,5
GS1_133.04,16.0702667534157,5
GS1_133.05,15.6785243741765,5
GS1_133.06,14.0520896426408,5
GS1_134.01,16.3239074550129,5
GS1_134.02,16.2232316677482,5
GS1_134.03,18.7309334960342,5
GS1_134.04,19.1176470588235,5
GS1_134.05,15.1327980234713,5
GS1_134.06,11.9174434087883,5
GS1_135.01,17.6056338028169,1
GS1_135.02,15.995115995116,1
GS1_135.03,14.5527369826435,1
GS1_135.04,13.7191157347204,1
GS1_135.05,13.6690647482014,1
GS1_135.06,13.4411947728687,1
GS1_136.01,11.1906310995446,12
GS1_136.02,15.7629255989912,12
GS1_136.03,10.7003891050584,12
GS1_136.04,15.8466453674121,12
GS1_136.05,14.2300194931774,12
GS1_136.06,11.3784135240572,12
GS1_137.01,15.7426420260096,4
GS1_137.02,15.0740242261104,4
GS1_137.03,14.7038801906059,4
GS1_137.04,14.0575079872204,4
GS1_137.05,14.5394736842105,4
GS1_137.06,13.6194029850746,4
GS1_138.01,13.2914046121593,3
GS1_138.02,18.9352084379709,3
GS1_138.03,8.81995133819951,3
GS1_138.04,13.0392474862147,3
GS1_138.05,14.4633809304468,3
GS1_138.06,15.3479125248509,3
GS1_139.01,12.2206703910615,1
GS1_139.02,12.7809890815671,1
GS1_139.03,12.5790139064475,1
GS1_139.04,11.4195583596215,1
GS1_139.05,14.1176470588235,1
GS1_139.06,13.4601832276251,1
GS1_14.01,13.7404580152672,1
GS1_14.02,14.6978021978022,1
GS1_14.03,12.4301675977654,1
GS1_14.04,14.5239749826268,1
GS1_14.05,13.9777468706537,1
GS1_14.06,12.7052105638829,1
GS1_140.01,15.8957654723127,10
GS1_140.02,18.4005661712668,10
GS1_140.03,14.0387275242047,10
GS1_140.04,17.2610556348074,10
GS1_140.05,17.7459526774595,10
GS1_141.01,14.5299145299145,8
GS1_141.02,15.5650319829424,8
GS1_141.03,13.1926121372032,8
GS1_141.04,14.2857142857143,8
GS1_141.05,12.4057573680603,8
GS1_141.06,15.238718116416,8
GS1_142.01,14.5985401459854,12
GS1_142.02,14.4444444444444,12
GS1_142.03,16.4383561643836,12
GS1_142.04,9.16363636363636,12
GS1_142.05,12.2207621550591,12
GS1_142.06,14.2950391644909,12
GS1_143.01,14.3306096794469,12
GS1_143.02,15.9344262295082,12
GS1_143.03,12,12
GS1_143.04,14.9281698938164,12
GS1_143.05,18.8376753507014,12
GS1_143.06,16.6952054794521,12
GS1_144.01,16.2114014251781,4
GS1_144.02,14.9397590361446,4
GS1_144.03,19.500594530321,4
GS1_144.04,14.9689440993789,4
GS1_144.05,15.9609120521173,4
GS1_144.06,17.9676985195155,4
GS1_145.01,16.9654289372599,4
GS1_145.02,16.4420485175202,4
GS1_145.03,15.530303030303,4
GS1_145.04,12.9986244841816,4
GS1_145.05,16.2971839424805,4
GS1_145.06,12.5848241826033,4
GS1_146.01,11.9047619047619,3
GS1_146.02,14.5442792501616,3
GS1_146.03,12.1786197564276,3
GS1_146.04,14.5278450363196,3
GS1_146.05,15.0094996833439,3
GS1_146.06,14.1752577319588,3
GS1_147.01,16.304347826087,3
GS1_147.02,17.3233270794246,3
GS1_147.03,15.0100066711141,3
GS1_147.04,13.1363922061596,3
GS1_147.05,14.0339836375079,3
GS1_147.06,14.4570707070707,3
GS1_148.01,13.9943741209564,10
GS1_148.02,14.1757536882617,10
GS1_148.03,13.6102236421725,10
GS1_148.04,13.9636819035692,10
GS1_148.05,12.5,10
GS1_148.06,13.5076252723312,10
GS1_149.01,12.547288776797,6
GS1_149.02,14.7186147186147,6
GS1_149.03,14.7615937295885,6
GS1_149.04,15.7303370786517,6
GS1_149.05,13.6476426799007,6
GS1_149.06,15.7963446475196,6
GS1_15.01,17.2631578947368,10
GS1_15.02,17.0454545454545,10
GS1_15.03,19.2932862190813,10
GS1_15.04,14.8771929824561,10
GS1_15.05,20.5443940375891,10
GS1_15.06,16.2943495400788,10
GS1_151.01,17.0957095709571,12
GS1_151.02,17.0841361592807,12
GS1_151.03,15.7622739018088,12
GS1_151.04,14.0551445864156,12
GS1_151.05,19.7766097240473,12
GS1_151.06,10.0990099009901,12
GS1_152.01,14.829142488717,3
GS1_152.02,10.7374631268437,3
GS1_152.03,11.7796073464218,3
GS1_152.04,14.5409735058534,3
GS1_152.05,17.0682730923695,3
GS1_152.06,13.8634764250528,3
GS1_153.01,11.5003304692664,9
GS1_153.02,12.7272727272727,9
GS1_153.03,11.8272425249169,9
GS1_153.04,10.1811367895066,9
GS1_153.05,12.7272727272727,9
GS1_153.06,13.9520958083832,9
GS1_154.01,10.4571070757671,1
GS1_154.02,11.0546378653113,1
GS1_154.03,9.83290488431877,1
GS1_154.04,11.9922630560928,1
GS1_154.05,15.6271418779986,1
GS1_154.06,12.7753303964758,1
GS1_155.01,17.0096852300242,1
GS1_155.02,16.5344722391702,1
GS1_155.03,15.8710477371358,1
GS1_155.04,18.9054726368159,1
GS1_155.05,13.5309278350515,1
GS1_155.06,14.7456535737283,1
GS1_156.01,13.6986301369863,7
GS1_156.02,11.7069980379333,7
GS1_156.03,13.0960854092527,7
GS1_156.04,17.1331058020478,7
GS1_156.05,15.6064461407973,7
GS1_156.06,16.9547872340426,7
GS1_157.01,14.3524699599466,7
GS1_157.02,16.3157894736842,7
GS1_157.03,15.4498044328553,7
GS1_157.04,14.2019543973941,7
GS1_157.05,13.452299245024,7
GS1_157.06,14.0039447731755,7
GS1_158.01,13.2646880678377,8
GS1_158.02,14.7820965842167,8
GS1_158.03,15.1452282157676,8
GS1_158.04,12.7250155183116,8
GS1_158.05,13.1116687578419,8
GS1_158.06,18.26801517067,8
GS1_159.01,12.4215809284818,7
GS1_159.02,13.3962264150943,7
GS1_159.03,13.530522341095,7
GS1_159.04,14.6649810366625,7
GS1_159.05,19.037508846426,7
GS1_159.06,13.0913804277382,7
GS1_16.01,15.6824146981627,8
GS1_16.02,17.1819262782402,8
GS1_16.03,15.3540701522171,8
GS1_16.04,17.6735218508997,8
GS1_16.05,19.5431472081218,8
GS1_16.06,16.8335419274093,8
GS1_160.1,12.1604938271605,1
GS1_160.2,13.1224764468371,1
GS1_160.3,11.4896459585838,1
GS1_160.4,14.8874364560639,1
GS1_160.5,17.0664838930775,1
GS1_160.6,14.3044619422572,1
GS1_161.01,9.99342537804076,9
GS1_161.02,15.3481012658228,9
GS1_161.03,16.2033898305085,9
GS1_161.04,14.7488874761602,9
GS1_161.05,11.1735769501054,9
GS1_161.06,11.0169491525424,9
GS1_162.01,11.0652920962199,5
GS1_162.02,15.9517426273458,5
GS1_162.03,13.0353817504656,5
GS1_162.04,15.6779661016949,5
GS1_162.05,15.1553582752061,5
GS1_163.01,15.531914893617,7
GS1_163.02,17.139175257732,7
GS1_163.03,17.5666883539362,7
GS1_163.04,15.038115038115,7
GS1_163.05,16.0161507402423,7
GS1_163.06,15.9525379037574,7
GS1_164.01,15.6398104265403,7
GS1_164.02,13.9248704663212,7
GS1_164.03,17.9133858267717,7
GS1_164.04,18.4796044499382,7
GS1_164.05,16.8147208121827,7
GS1_164.06,15.3514180024661,7
GS1_165.01,21.4375,6
GS1_165.02,17.8683385579937,6
GS1_165.03,15.8584534731324,6
GS1_165.04,13.5402906208719,6
GS1_165.05,13.7758296806512,6
GS1_165.06,20.6653870761356,6
GS1_166.01,16.8346176644932,1
GS1_166.02,21.6924110141034,1
GS1_166.03,14.8526758869513,1
GS1_166.04,13.1114130434783,1
GS1_166.05,15.7666045934202,1
GS1_166.06,14.5106091718001,1
GS1_167.01,17.1183079973562,5
GS1_167.02,16.4713541666667,5
GS1_167.03,15.6944444444444,5
GS1_167.04,17.5152749490835,5
GS1_167.05,15.4886293792256,5
GS1_167.06,17.9738562091503,5
GS1_168.01,16.1575016972166,10
GS1_168.02,17.639673571877,10
GS1_168.03,19.1609267376331,10
GS1_168.04,16.7366526694661,10
GS1_168.05,17.8002894356006,10
GS1_168.06,12.1546961325967,10
GS1_169(1/2).01,12.168284789644,9
GS1_169(1/2).02,13.5169762972454,9
GS1_169(1/2).03,19.6649672250546,9
GS1_169(1/2).04,10.958904109589,9
GS1_169(1/2).05,19.25,9
GS1_169(1/2).06,9.27246790299572,9
GS1_17.01,13.2802124833997,8
GS1_17.02,15.0920245398773,8
GS1_17.03,15.0955021565003,8
GS1_17.04,15.0344827586207,8
GS1_17.05,14.9902660609994,8
GS1_17.06,14.0779907468605,8
GS1_170.01,13.7096774193548,3
GS1_170.01,13.6300417246175,8
GS1_170.02,13.3747412008282,3
GS1_170.02,14.4422952933591,8
GS1_170.03,14.6174863387978,3
GS1_170.03,13.3379888268156,8
GS1_170.04,17.6984428408659,3
GS1_170.04,14.2414860681115,8
GS1_170.05,13.0275229357798,3
GS1_170.05,10.7929515418502,8
GS1_170.06,14.4271031594975,3
GS1_170.06,15.4746423927178,8
GS1_171.01,17.5582127123977,5
GS1_171.01,15.4092071611253,12
GS1_171.02,16.3201008191556,5
GS1_171.02,15.7331655129012,12
GS1_171.03,14.5751633986928,5
GS1_171.03,16.7307692307692,12
GS1_171.04,19.4915254237288,5
GS1_171.04,17.4904942965779,12
GS1_171.05,15.1401869158879,5
GS1_171.05,14.6009085009734,12
GS1_171.06,15.3035935563817,5
GS1_171.06,14.6183699870634,12
GS1_172.01,22.8888888888889,4
GS1_172.02,16.687898089172,4
GS1_172.03,13.841059602649,4
GS1_172.04,21.6613418530351,4
GS1_172.05,14.9774047772757,4
GS1_172.06,13.7702946482261,4
GS1_173.01,22.3489932885906,2
GS1_173.02,15.2807391613362,2
GS1_173.03,15.058986814712,2
GS1_173.04,13.8228941684665,2
GS1_173.05,16.2844036697248,2
GS1_173.06,17.3233270794246,2
GS1_174.01,19.041769041769,10
GS1_174.02,16.6666666666667,10
GS1_174.03,16.2328767123288,10
GS1_174.04,18.3578104138852,10
GS1_174.05,17.5333333333333,10
GS1_175.01,18.1102362204724,3
GS1_175.02,14.919113241462,3
GS1_175.03,17.530390275112,3
GS1_175.04,17.4815807099799,3
GS1_175.05,17.5097276264591,3
GS1_175.06,16.1461794019934,3
GS1_176.01,17.2437673130194,2
GS1_176.02,15.8130601792574,2
GS1_176.03,14.6517739816032,2
GS1_176.04,13.8451856513531,2
GS1_176.05,15.3553299492386,2
GS1_176.06,14.5090681676048,2
GS1_177.01,18.0263157894737,2
GS1_177.02,15.5006858710562,2
GS1_177.03,13.2038834951456,2
GS1_177.04,19.7643979057592,2
GS1_177.05,16.4634146341463,2
GS1_177.06,16.8380462724936,2
GS1_178.01,14.6137787056367,2
GS1_178.02,17.0504044803983,2
GS1_178.03,15.4048716260698,2
GS1_178.04,11.8527760449158,2
GS1_178.05,15.1851851851852,2
GS1_178.06,12.2171945701357,2
GS1_179.01,15.0031786395423,2
GS1_179.02,17.6219512195122,2
GS1_179.03,15.3266331658291,2
GS1_179.04,18.4848484848485,2
GS1_179.05,20.7332490518331,2
GS1_179.06,22.0212102308172,2
GS1_18.01,17.3708920187793,8
GS1_18.02,15.6438026474128,8
GS1_18.03,14.8546144121365,8
GS1_18.04,14.3593045717965,8
GS1_18.05,19.3742478941035,8
GS1_18.06,19.1627358490566,8
GS1_180.1,14.2270861833105,1
GS1_180.2,12.3380629241209,1
GS1_180.3,12.5,1
GS1_180.4,14.2167011732229,1
GS1_180.5,12.815269256987,1
GS1_180.6,12.3618784530387,1
GS1_181.01,14.2403051493961,12
GS1_181.02,15.1002506265664,12
GS1_181.03,15.4238368387508,12
GS1_181.04,14.8976982097187,12
GS1_181.05,14.089121887287,12
GS1_181.06,15.6312625250501,12
GS1_182.01,13.1406044678055,9
GS1_182.02,14.3239625167336,9
GS1_182.03,12.9740518962076,9
GS1_182.04,11.6479152878888,9
GS1_182.05,13.3640552995392,9
GS1_182.06,14.5569620253165,9
GS1_183.01,11.348897535668,2
GS1_183.02,13.0520764667106,2
GS1_183.03,13.8925294888598,2
GS1_183.04,9.514687100894,2
GS1_183.05,9.6961861667744,2
GS1_184.01,12.4137931034483,1
GS1_184.02,13.9385275196569,1
GS1_184.03,17.375,1
GS1_184.04,18.7878787878788,1
GS1_184.05,13.3205863607393,1
GS1_184.06,13.2027795325332,1
GS1_185.01,13.8799225306649,2
GS1_185.02,16.2820512820513,2
GS1_185.03,15.1746031746032,2
GS1_185.04,15.1849448410123,2
GS1_185.05,15.565729234794,2
GS1_185.06,14.9463806970509,2
GS1_186.01,12.0757180156658,2
GS1_186.01,17.4543163201008,12
GS1_186.02,15.1761517615176,2
GS1_186.02,16.25,12
GS1_186.03,13.953488372093,2
GS1_186.03,17.7165354330709,12
GS1_186.04,13.5101789019124,2
GS1_186.04,16.2459546925566,12
GS1_186.05,16.6221628838451,2
GS1_186.06,14.2948717948718,2
GS1_187.01,14.0102827763496,12
GS1_187.02,19.3569553805774,12
GS1_187.03,20.584498094028,12
GS1_187.04,17.2413793103448,12
GS1_187.05,15.4761904761905,12
GS1_187.06,12.7713920817369,12
GS1_188.01,11.4208021753909,10
GS1_188.02,16.1268556005398,10
GS1_188.03,12.6239259748843,10
GS1_188.04,15.6033287101248,10
GS1_189.01,14.4570286475683,4
GS1_189.02,14.68788249694,4
GS1_189.03,10.1758793969849,4
GS1_189.04,14.5859872611465,4
GS1_189.05,12.568306010929,4
GS1_189.06,12.70337922403,4
GS1_19.01,15.2849740932642,5
GS1_19.02,15.8497772119669,5
GS1_19.03,16.6121648136037,5
GS1_19.04,16.5927802406586,5
GS1_19.05,13.3202099737533,5
GS1_19.06,15.0155763239875,5
GS1_190.01,17.3770491803279,5
GS1_190.02,13.2982225148124,5
GS1_190.03,17.6952141057935,5
GS1_190.04,17.1206225680934,5
GS1_190.05,16.883963494133,5
GS1_190.06,14.4132653061224,5
GS1_191.02,12.8391793514229,12
GS1_192.01,13.4114583333333,2
GS1_192.02,14.5331325301205,2
GS1_192.03,15.2215799614644,2
GS1_192.04,12.8619528619529,2
GS1_192.05,15.0573936529372,2
GS1_192.06,12.6565589980224,2
GS1_193.01,11.976911976912,10
GS1_193.02,11.5064345193036,10
GS1_193.03,12.5092524056255,10
GS1_193.04,10.3048780487805,10
GS1_193.05,13.6159280667951,10
GS1_193.06,12.0557491289199,10
GS1_194.01,16.1643835616438,2
GS1_194.02,14.8293963254593,2
GS1_194.03,14.9655172413793,2
GS1_194.04,16.0320641282565,2
GS1_194.05,13.5487880671224,2
GS1_194.06,12.3076923076923,2
GS1_195.01,17.8497587870434,12
GS1_195.02,19.2254495159059,12
GS1_195.03,18.4128952262864,12
GS1_195.04,15.3289473684211,12
GS1_195.05,17.6701570680628,12
GS1_195.06,17.9344465058751,12
GS1_196.01,15.3585926928281,12
GS1_196.02,9.84455958549223,12
GS1_196.03,15.3130812151271,12
GS1_196.04,10.6752411575563,12
GS1_196.05,9.82019363762102,12
GS1_196.06,9.57727873183619,12
GS1_197.01,18.230563002681,2
GS1_197.02,15.1515151515152,2
GS1_197.03,23.5069885641677,2
GS1_197.04,14.3333333333333,2
GS1_197.05,16.0427807486631,2
GS1_197.06,16.0077770576798,2
GS1_198.01,18.6076772934288,7
GS1_198.02,18.1758096497026,7
GS1_198.03,16.4035689773507,7
GS1_198.04,19.9483537766301,7
GS1_198.05,18.3310533515732,7
GS1_199.01,17.4528301886792,5
GS1_199.02,17.3967459324155,5
GS1_199.03,18.3041722745626,5
GS1_199.04,17.7854671280277,5
GS1_199.05,14.5100502512563,5
GS1_199.06,14.7058823529412,5
GS1_2.01,15.3649167733675,8
GS1_2.02,15.5161881490531,8
GS1_2.03,15.1307596513076,8
GS1_2.04,15.1515151515152,8
GS1_2.05,19.4278903456496,8
GS1_2.06,15.0187734668335,8
GS1_20.01,16.5217391304348,7
GS1_20.02,16.3945133899412,7
GS1_20.03,16.2692847124825,7
GS1_20.04,19.4010416666667,7
GS1_20.05,18.3608640406607,7
GS1_20.06,17.1466845277964,7
GS1_200.01,19.9867637326274,6
GS1_200.02,17.8571428571429,6
GS1_200.03,18.4397163120567,6
GS1_200.04,15.7347204161248,6
GS1_200.05,15.7615894039735,6
GS1_200.06,16.2953532781668,6
GS1_201.01,11.4754098360656,6
GS1_201.02,13.8089005235602,6
GS1_201.03,13.263296126067,6
GS1_201.04,11.9795003203075,6
GS1_201.05,12.0281509916827,6
GS1_201.06,11.1621799080762,6
GS1_202.01,13.3946158896914,12
GS1_202.02,13.3592736705577,12
GS1_202.03,12.7237851662404,12
GS1_202.04,14.974293059126,12
GS1_202.05,12.6329787234043,12
GS1_202.06,13.585155732273,12
GS1_203.01,16.5586328815557,4
GS1_203.02,14.6833681280445,4
GS1_203.03,16.2313432835821,4
GS1_203.04,14.6517739816032,4
GS1_203.05,12.8452151573539,4
GS1_203.06,13.1341209173037,4
GS1_204.01,14.5172180958812,10
GS1_204.02,11.5360101975781,10
GS1_204.03,13.7751786874594,10
GS1_204.04,11.3854595336077,10
GS1_205.01,15.438373570521,9
GS1_205.02,13.6,9
GS1_205.03,13.4035087719298,9
GS1_205.04,13.6492220650636,9
GS1_205.05,14.8421759570181,9
GS1_205.06,15.8554572271386,9
GS1_206.01,14.7741935483871,12
GS1_206.02,15.1079136690647,12
GS1_206.03,14.0779907468605,12
GS1_206.04,12.4335106382979,12
GS1_206.05,12.2147651006711,12
GS1_206.06,13.7355584082157,12
GS1_207.01,13.3289124668435,12
GS1_207.02,13.4831460674157,12
GS1_207.03,12.0364346128822,12
GS1_207.04,13.9055222887558,12
GS1_207.05,14.2386288727752,12
GS1_207.06,12.3056994818653,12
GS1_208.01,11.1491108071135,2
GS1_208.02,15.0499286733238,2
GS1_208.03,12.5,2
GS1_208.04,15.1688973868706,2
GS1_208.05,13.550135501355,2
GS1_208.06,15.9003831417625,2
GS1_209.01,13.2707774798928,12
GS1_209.02,14.2762723066755,12
GS1_209.03,15.4545454545455,12
GS1_209.04,12.2829581993569,12
GS1_209.05,13.618925831202,12
GS1_209.06,12.9310344827586,12
GS1_21.01,10.7400130975769,6
GS1_21.02,14.1276041666667,6
GS1_21.03,13.7508069722402,6
GS1_21.04,13.8237159162968,6
GS1_21.05,14.1650422352177,6
GS1_21.06,15.6329113924051,6
GS1_210.01,16.0762942779292,12
GS1_210.02,16.4955070603338,12
GS1_210.03,14.9580915538362,12
GS1_210.04,14.3989431968296,12
GS1_210.05,14.1025641025641,12
GS1_210.06,14.6229508196721,12
GS1_211.01,15.5898876404494,4
GS1_211.02,15.921963499056,4
GS1_211.03,14.7330960854093,4
GS1_211.04,14.5150501672241,4
GS1_211.05,15.6493506493506,4
GS1_211.06,16.3584637268848,4
GS1_212.01,11.6793365583967,4
GS1_212.02,14.7596479350034,4
GS1_212.03,15.6210790464241,4
GS1_212.04,16.8891855807744,4
GS1_212.05,16.9201520912548,4
GS1_212.06,13.0403968816442,4
GS1_22.01,7.89957134109002,8
GS1_22.02,14.2767295597484,8
GS1_22.03,12.9380053908356,8
GS1_22.04,11.8859915100061,8
GS1_22.05,15.7626037013401,8
GS1_22.06,11.3493064312736,8
GS1_23.01,14.2672692059393,12
GS1_23.02,14.4212523719165,12
GS1_23.03,9.484404837683,12
GS1_23.04,12.3803446075303,12
GS1_23.05,12.7862595419847,12
GS1_23.06,16.0485933503836,12
GS1_24.01,15.7859078590786,1
GS1_24.02,15.7697121401752,1
GS1_24.03,14.6112600536193,1
GS1_24.04,16.2073490813648,1
GS1_24.05,14.6437994722955,1
GS1_24.06,13.8681592039801,1
GS1_25.01,13.013698630137,9
GS1_25.02,9.77917981072555,9
GS1_25.03,14.3979057591623,9
GS1_25.04,13.1547619047619,9
GS1_25.05,15.6956819739548,9
GS1_25.06,15.3008962868118,9
GS1_26.01,17.1655467318265,6
GS1_26.02,15.7407407407407,6
GS1_26.03,17.8082191780822,6
GS1_26.04,16.4141414141414,6
GS1_26.05,15.8590308370044,6
GS1_26.06,17.5895765472313,6
GS1_27.01,17.5427069645204,5
GS1_27.02,14.1861937935402,5
GS1_27.03,14.6771037181996,5
GS1_27.04,14.6467919637071,5
GS1_27.05,14.9616368286445,5
GS1_27.06,13.7908915971777,5
GS1_28.01,19.3227091633466,12
GS1_28.02,20.4330175913396,12
GS1_28.03,19.2207792207792,12
GS1_29.01,13.7388926862611,1
GS1_29.02,16.3265306122449,1
GS1_29.03,15.542328042328,1
GS1_29.04,17.1974522292994,1
GS1_29.05,14.7247119078105,1
GS1_29.06,16.0224438902743,1
GS1_3.01,14.5192936559843,10
GS1_3.02,16.6146158650843,10
GS1_3.03,14.2392717815345,10
GS1_3.04,16.3265306122449,10
GS1_3.05,20.8274894810659,10
GS1_3.06,15.9214092140921,10
GS1_30.01,15.4057771664374,1
GS1_30.02,15.6934306569343,1
GS1_30.03,12.9251700680272,1
GS1_30.04,15.8018867924528,1
GS1_30.05,13.8439915671117,1
GS1_30.06,14.5443196004994,1
GS1_31.01,18.8987083616587,7
GS1_31.02,18.651832460733,7
GS1_31.03,13.75,7
GS1_31.04,16.327868852459,7
GS1_31.05,13.7539432176656,7
GS1_31.06,11.3183279742765,7
GS1_32.01,15.3230769230769,5
GS1_32.02,14.7766323024055,5
GS1_32.03,13.0257801899593,5
GS1_32.04,14.9272612270715,5
GS1_32.05,14.8474576271186,5
GS1_32.06,14.0749846342962,5
GS1_33.01,16.374269005848,9
GS1_33.02,14.7077713551702,9
GS1_33.03,16.140350877193,9
GS1_33.04,14.2061281337047,9
GS1_33.05,14.7413182140326,9
GS1_33.06,14.4479495268139,9
GS1_34.01,16.2612035851472,8
GS1_34.02,15.1238591916558,8
GS1_34.03,14.320987654321,8
GS1_34.04,19.9305555555556,8
GS1_34.05,12.3704215618521,8
GS1_34.06,14.6341463414634,8
GS1_35.01,14.1340411413404,4
GS1_35.02,12.7038043478261,4
GS1_35.03,11.2621359223301,4
GS1_35.04,13.3816743572841,4
GS1_35.05,11.2649465072373,4
GS1_35.06,14.8242811501597,4
GS1_36.01,14.6060606060606,7
GS1_36.02,13.0293159609121,7
GS1_36.03,14.7255689424364,7
GS1_36.04,14.6374829001368,7
GS1_36.05,14.431586113002,7
GS1_36.06,12.7824858757062,7
GS1_37.01,14.934660858743,10
GS1_37.02,11.8824265165729,10
GS1_37.03,15.5417956656347,10
GS1_37.04,12.7182044887781,10
GS1_37.05,13.6026936026936,10
GS1_37.06,17.979797979798,10
GS1_38.01,17.1970209884902,7
GS1_38.02,16.9112954690491,7
GS1_38.03,23.6138290932812,7
GS1_38.04,17.5524475524475,7
GS1_38.05,15.359477124183,7
GS1_38.06,16.7002012072435,7
GS1_39.01,15.8354114713217,7
GS1_39.02,24.0482233502538,7
GS1_39.03,20.0395517468688,7
GS1_39.04,24.888321633695,7
GS1_39.05,12.6255380200861,7
GS1_39.06,17.8988326848249,7
GS1_4.01,18.1818181818182,4
GS1_4.02,16.5542611894543,4
GS1_4.03,11.653447223917,4
GS1_4.04,14.4040790312301,4
GS1_4.05,14.4429160935351,4
GS1_4.06,13.4591194968553,4
GS1_40.01,16.4017800381437,8
GS1_40.02,15.4811715481172,8
GS1_40.03,18.0923076923077,8
GS1_40.05,21.4539007092199,8
GS1_40.06,17.4177831912302,8
GS1_41.01,16.5436654366544,8
GS1_41.01,15.4335719968178,12
GS1_41.02,15.4354354354354,8
GS1_41.02,15.9841479524439,12
GS1_41.03,15.4534606205251,8
GS1_41.03,15.3405474220242,12
GS1_41.04,17.422748191979,12
GS1_41.05,15.6792339916218,8
GS1_41.05,15.8163265306122,12
GS1_41.06,14.1460234680574,12
GS1_43.01,17.1165240289664,10
GS1_43.01,15.7793457344452,11
GS1_43.02,17.4757281553398,10
GS1_43.02,16.9122807017544,11
GS1_43.03,19.1082802547771,10
GS1_43.03,14.6747352496218,11
GS1_43.04,14.5625,10
GS1_43.04,17.0025188916877,11
GS1_43.05,15.3419593345656,10
GS1_43.06,14.4595561918397,10
GS1_44.01,14.6103896103896,5
GS1_44.02,15.0649350649351,5
GS1_44.03,13.3863485752154,5
GS1_44.04,11.749680715198,5
GS1_44.05,14.2207792207792,5
GS1_44.06,18.1703470031546,5
GS1_45.01,18.0816591056384,7
GS1_45.02,20.7520891364903,7
GS1_45.03,16.038338658147,7
GS1_45.04,14.9004495825305,7
GS1_45.05,20.5018359853121,7
GS1_45.06,12.8681177976953,7
GS1_46.01,14.411964649898,9
GS1_46.02,10.9756097560976,9
GS1_46.03,13.741935483871,9
GS1_46.04,15.2101400933956,9
GS1_46.05,14.9303251493033,9
GS1_46.06,14.002557544757,9
GS1_47.01,14.3324607329843,3
GS1_47.02,12.9654255319149,3
GS1_47.03,16.4564943253468,3
GS1_47.04,14.2246642246642,3
GS1_47.05,13.9368671828469,3
GS1_47.06,14.1748942172073,3
GS1_48.01,16.3239875389408,6
GS1_48.02,20.3473945409429,6
GS1_48.03,16.403162055336,6
GS1_48.04,15.7684630738523,6
GS1_48.05,12.7686472819216,6
GS1_48.06,15.3008962868118,6
GS1_49.01,13.9016897081413,2
GS1_49.02,14.9654643131236,2
GS1_49.03,14.1993957703927,2
GS1_49.04,15.6224572823434,2
GS1_49.05,15.4302670623145,2
GS1_49.06,15.7056145675266,2
GS1_5.01,19.6169088507266,6
GS1_5.02,20.2380952380952,6
GS1_5.03,14.386189258312,6
GS1_5.04,15.5852417302799,6
GS1_5.05,15.5263157894737,6
GS1_5.06,13.963963963964,6
GS1_50.01,14.1479099678457,9
GS1_50.02,12.4833997343957,9
GS1_50.03,14.9156939040208,9
GS1_50.04,15.5038759689922,9
GS1_50.05,11.9821542383684,9
GS1_50.06,19.6143617021277,9
GS1_51.01,15.0730411686587,1
GS1_51.02,17.6347095871239,1
GS1_51.03,17.4468085106383,1
GS1_51.04,16.0727824109174,1
GS1_51.05,17.2077922077922,1
GS1_51.06,16.1814488828707,1
GS1_52.01,16.1111111111111,7
GS1_52.02,15.6583629893238,7
GS1_52.03,18.7992722862341,7
GS1_52.04,15.0889679715302,7
GS1_52.05,6.54205607476635,7
GS1_52.06,15.3027278775782,7
GS1_53.01,15.9574468085106,7
GS1_53.02,14.4670050761421,7
GS1_53.03,13.1897711978466,7
GS1_53.04,16.1401098901099,7
GS1_53.05,16.9023136246787,7
GS1_53.06,17.5816993464052,7
GS1_54.01,17.4939467312349,8
GS1_54.02,15.6186612576065,8
GS1_54.03,22.6567349472377,8
GS1_54.04,14.6788990825688,8
GS1_54.05,15.6387665198238,8
GS1_54.06,14.7474747474747,8
GS1_55.01,14.2691415313225,7
GS1_55.02,11.2410656270305,7
GS1_55.03,14.9645390070922,7
GS1_55.04,13.2578281145903,7
GS1_55.05,16.2907268170426,7
GS1_55.06,13.7355584082157,7
GS1_56.01,16.2642947903431,8
GS1_56.02,16.0579345088161,8
GS1_56.03,14.1216216216216,8
GS1_56.04,16.4057608015028,8
GS1_56.05,20.0723327305606,8
GS1_56.06,19.3625977149729,8
GS1_57.01,15.2294853963839,9
GS1_57.02,17.0547514159849,9
GS1_57.03,13.3660331085224,9
GS1_57.04,21.1229946524064,9
GS1_57.05,16.2081784386617,9
GS1_58.01,17.5606641123882,6
GS1_58.02,16.0077770576798,6
GS1_58.03,18.8251001335113,6
GS1_58.04,15.7963446475196,6
GS1_58.05,15.6182212581345,6
GS1_58.06,16.474358974359,6
GS1_59.01,12.9824561403509,4
GS1_59.02,20.1702685003274,4
GS1_59.03,13.9222614840989,4
GS1_59.04,15.043695380774,4
GS1_59.05,12.2635355512068,4
GS1_59.06,11.5284974093264,4
GS1_6.01,13.364872856298,5
GS1_6.02,12.655737704918,5
GS1_6.03,16.4606376057254,5
GS1_6.04,14.4466534128562,5
GS1_6.05,16.2866449511401,5
GS1_6.06,19.7253433208489,5
GS1_60.01,14.0385894876913,9
GS1_60.02,13.7590520078999,9
GS1_60.03,11.1601513240858,9
GS1_60.04,12.2617534942821,9
GS1_60.05,14.8391332895601,9
GS1_60.06,12.1344119477287,9
GS1_61.01,16.8707482993197,9
GS1_61.02,15.3068105192178,9
GS1_61.03,13.0615065653075,9
GS1_61.04,15.8408932309839,9
GS1_61.05,12.6444159178434,9
GS1_61.06,18.3098591549296,9
GS1_62.01,12.78600269179,1
GS1_62.02,13.8064516129032,1
GS1_62.03,13.5488308115543,1
GS1_62.04,17.0776818742293,1
GS1_62.05,13.3424098025868,1
GS1_62.06,18.1520314547837,1
GS1_63.01,14.3359100491918,7
GS1_63.02,16.5156794425087,7
GS1_63.03,17.6065162907268,7
GS1_63.04,15.5048859934853,7
GS1_63.05,15.0069156293223,7
GS1_63.06,15.648085963734,7
GS1_64.01,14.5712443584784,5
GS1_64.02,13.2947976878613,5
GS1_64.03,15.8907510862818,5
GS1_64.04,16.6562304320601,5
GS1_64.05,14.8053605615826,5
GS1_64.06,16.6251556662516,5
GS1_65.01,12.3923127899271,9
GS1_65.02,13.1263232180663,9
GS1_65.03,12,9
GS1_65.04,12.2081387591728,9
GS1_65.05,11.6164720344192,9
GS1_65.06,12.0576671035387,9
GS1_66.01,14.2007926023778,7
GS1_66.02,13.7862796833773,7
GS1_66.03,17.2268907563025,7
GS1_66.04,15.0614091790562,7
GS1_66.05,14.9185667752443,7
GS1_66.06,16.4112388250319,7
GS1_67.01,14.0977443609023,10
GS1_67.02,14.6292585170341,10
GS1_67.03,14.5220588235294,10
GS1_67.04,13.8680659670165,10
GS1_67.05,14.3049026192075,10
GS1_67.06,13.5636596289187,10
GS1_68.01,17.5920149719276,12
GS1_68.02,16.7660702451955,12
GS1_68.03,14.294790343075,12
GS1_68.04,14.2764857881137,12
GS1_68.05,15.2431011826544,12
GS1_69.01,16.8495803744351,9
GS1_69.02,16.9432918395574,9
GS1_69.03,16.6783461807989,9
GS1_69.04,16.8395363026235,9
GS1_69.05,17.5130208333333,9
GS1_69.06,18.2104599873976,9
GS1_7.04,15.3465346534653,5
GS1_7.05,21.0178453403833,5
GS1_7.06,13.8713745271122,5
GS1_70.01,13.4864546525324,3
GS1_70.02,14.7058823529412,3
GS1_70.03,12.0098039215686,3
GS1_70.04,14.2757660167131,3
GS1_70.05,15.1006711409396,3
GS1_70.06,12.5911199469848,3
GS1_71.01,15.3846153846154,12
GS1_71.02,17.1299288946348,12
GS1_71.03,17.9354838709677,12
GS1_71.04,17.36066623959,12
GS1_71.05,17.2255095332018,12
GS1_71.06,15.6088082901554,12
GS1_72.01,20.5298013245033,9
GS1_72.02,17.0077628793225,9
GS1_72.03,6.22516556291391,9
GS1_72.04,18.0802103879027,9
GS1_72.05,18.7045604758757,9
GS1_72.06,17.0268500327439,9
GS1_73.01,13.4035087719298,9
GS1_73.02,13.3187772925764,9
GS1_73.03,10.0350877192982,9
GS1_73.04,14.2312579415502,9
GS1_73.05,12.1168923734854,9
GS1_73.06,13.2903225806452,9
GS1_74.01,13.3682830930537,12
GS1_74.02,12.4195624195624,12
GS1_74.03,13.7450199203187,12
GS1_74.04,12.4256444150694,12
GS1_74.05,10.8091024020228,12
GS1_75.01,13.7732222934017,4
GS1_75.02,20.2263083451202,4
GS1_75.03,15.8105403602402,4
GS1_75.04,16.5371024734982,4
GS1_75.05,14.2422398052343,4
GS1_75.06,14.6500981033355,4
GS1_76.01,12.7450980392157,7
GS1_76.02,17.2262773722628,7
GS1_76.03,14.8242811501597,7
GS1_76.04,17.9314976494291,7
GS1_76.05,14.3521594684385,7
GS1_76.06,14.2405063291139,7
GS1_77.01,14.6164021164021,1
GS1_77.02,15.3710247349823,1
GS1_77.03,17.2715894868586,1
GS1_77.04,15.8163265306122,1
GS1_77.05,14.640356460853,1
GS1_77.06,16.3559831629585,1
GS1_78.01,14.2958244869073,1
GS1_78.02,13.347022587269,1
GS1_78.03,19.2142857142857,1
GS1_78.04,15.6771180787191,1
GS1_78.05,13.3940182054616,1
GS1_78.06,13.5313531353135,1
GS1_79.01,16.0469667318982,9
GS1_79.02,11.968085106383,9
GS1_79.03,15.2749490835031,9
GS1_79.04,18.150917743032,9
GS1_79.05,14.2287234042553,9
GS1_79.06,16.2541806020067,9
GS1_8.01,18.1132075471698,5
GS1_8.01,14.1009852216749,8
GS1_8.02,14.1123882503193,5
GS1_8.02,12.3448275862069,8
GS1_8.03,18.0746561886051,5
GS1_8.04,10.5620753551575,5
GS1_8.05,13.5403726708075,5
GS1_8.06,14.6198830409357,5
GS1_80.01,16.9375,1
GS1_80.02,11.2551159618008,1
GS1_80.03,16.1680458306811,1
GS1_80.04,15.989847715736,1
GS1_80.05,19.2704748795595,1
GS1_80.06,13.119330076762,1
GS1_81.01,12.5566343042071,6
GS1_81.02,13.7795275590551,6
GS1_81.03,13.5973597359736,6
GS1_81.04,13.8221933809215,6
GS1_81.05,14.7713226205192,6
GS1_81.06,15.1746031746032,6
GS1_82.01,18.0221210149642,5
GS1_82.02,15.4911838790932,5
GS1_82.03,13.8728323699422,5
GS1_82.04,16.3021868787276,5
GS1_82.05,17.5449871465296,5
GS1_82.06,18.0051813471503,5
GS1_83.01,18.988173455979,12
GS1_83.02,14.3236074270557,12
GS1_83.03,14.3040410519564,12
GS1_83.04,18.8786373314407,12
GS1_83.05,14.5643693107932,12
GS1_83.06,13.0714285714286,12
GS1_84.01,15.2131147540984,1
GS1_84.01,15.4150197628458,5
GS1_84.02,14.4206549118388,1
GS1_84.02,13.3377571333776,5
GS1_84.03,15.7055214723926,1
GS1_84.03,17.0654911838791,5
GS1_84.04,18.0116204002582,1
GS1_84.04,19.0885072655218,5
GS1_84.05,14.7592245153221,1
GS1_84.05,16.059379217274,5
GS1_84.06,19.8019801980198,1
GS1_84.06,16.4425427872861,5
GS1_86.01,17.6864244741874,6
GS1_86.02,14.1555711282411,6
GS1_86.03,18.6507936507937,6
GS1_86.04,18.6372745490982,6
GS1_87.01,16.0416666666667,4
GS1_87.02,18.494623655914,4
GS1_87.03,16.6233766233766,4
GS1_87.04,16.1805555555556,4
GS1_87.05,15.6956819739548,4
GS1_87.06,14.9214659685864,4
GS1_88.01,14.0926640926641,8
GS1_88.02,12.6666666666667,8
GS1_88.03,13.8853503184713,8
GS1_88.04,13.9216904909882,8
GS1_88.05,13.7931034482759,8
GS1_88.06,14.3028126870138,8
GS1_89.01,20.7333333333333,5
GS1_89.02,15.7310302282542,5
GS1_89.03,16.4021164021164,5
GS1_89.04,16.6117336849044,5
GS1_89.05,16.7003367003367,5
GS1_89.06,18.5893210283454,5
GS1_9.01,19.0807799442897,12
GS1_9.02,17.8825048418334,12
GS1_9.03,18.6904005085823,12
GS1_9.04,15.2555910543131,12
GS1_9.05,18.2767624020888,12
GS1_9.06,17.1621621621622,12
GS1_90.01,16.5652467883705,1
GS1_90.02,15.5430711610487,1
GS1_90.03,14.0445644834571,1
GS1_90.04,14.5804676753783,1
GS1_90.05,14.4882860665845,1
GS1_90.06,13.2225913621262,1
GS1_91.01,16.0777385159011,8
GS1_91.02,15.6921241050119,8
GS1_91.03,16.390306122449,8
GS1_91.04,15.7966101694915,8
GS1_91.05,16.8532704773129,8
GS1_91.06,16.726403823178,8
GS1_92.01,15.5365371955234,6
GS1_92.02,16.3870967741935,6
GS1_92.03,17.6662320730117,6
GS1_92.04,15.4903185509057,6
GS1_92.05,17.4887892376682,6
GS1_92.06,14.6674953387197,6
GS1_93.01,16.8260038240918,12
GS1_93.02,16.0598179453836,12
GS1_93.03,17.056856187291,12
GS1_93.04,13.5626216742375,12
GS1_93.05,15.5927835051546,12
GS1_93.06,17.0432537120723,12
GS1_94.01,14.5431145431145,6
GS1_94.02,14.1570141570142,6
GS1_94.03,15.43007222587,6
GS1_94.04,14.8744365743722,6
GS1_94.05,14.7882736156352,6
GS1_94.06,15.5183116076971,6
GS1_95.02,13.4337727558067,10
GS1_95.04,13.9367816091954,10
GS1_95.05,13.7414116177389,10
GS1_95.06,13.5333333333333,10
GS1_96.01,15.0586701434159,12
GS1_96.02,16.2018592297477,12
GS1_96.03,16.7948717948718,12
GS1_96.04,16.4254247954688,12
GS1_96.05,19.0903267136451,12
GS1_96.06,17.8856382978723,12
GS1_97.01,15.8505154639175,10
GS1_97.02,16.9878658101356,10
GS1_97.03,17.7991581479254,10
GS1_97.04,15.0412087912088,10
GS1_97.05,16.3879598662207,10
GS1_97.06,17.7283653846154,10
GS1_98.01,17.5068119891008,9
GS1_98.02,14.4602851323829,9
GS1_98.03,15.5934343434343,9
GS1_98.04,16.4872139973082,9
GS1_98.05,14.8121899362155,9
GS1_98.06,16.6436464088398,9
GS1_99.01,17.7593889242521,5
GS1_99.02,14.9358974358974,5
GS1_99.03,15.5951623169955,5
GS1_99.04,15.6801007556675,5
GS1_99.05,15.2574698029243,5
GS1_99.06,14.484126984127,5
