"Name","wet_weight","wet_date","wet_order"
"17-187_1-1B.11",12.24,1,1
"17-187_1-1B.12",9.86,1,2
"17-187_1-1B.15",12.12,1,3
"17-187_1-1B.07",14.42,1,4
"17-187_1-1B.13",10.57,1,5
"17-187_1-1B.08",14.06,1,6
"17-187_1-1B.09",7.13,1,7
"17-187_1-1B.10",14.61,1,8
"17-187_1-1B.14",13.07,1,9
"17-187_1-1B.01",15.38,1,10
"17-187_1-1B.06",14.52,1,11
"17-184_1B.03",12.82,1,12
"17-187_1-1B.04",15.26,1,13
"17-187_1-1B.05",9.88,1,14
"17-187_1-1B.03",14.61,1,15
"17-184_1B.02",14.01,1,16
"17-184_1B.04",8.59,1,17
"17-187_1-1B.02",9.2,1,18
"17-184_1B.01",10.22,1,19
"17-184_1B.05",10.68,1,20
"17-187_1-1B.16",13.9,1,21
"17-187_1-1B.17",15.57,1,22
"17-187_1-1B.18",15.21,1,23
"17-187_1-1B.19",14.56,1,24
"17-187_1-1B.20",15.32,1,25
"17-187_1-1B.21",14.34,1,26
"17-187_1-1B.22",13.11,1,27
"17-187_1-1B.23",14.46,1,28
"17-187_1-1B.24",13.28,1,29
"17-180_1-2B.06",15.15,1,30
"17-180_1-2B.10",15.08,1,31
"17-180_1-2B.07",14.43,1,32
"17-180_1-2B.08",12.21,1,33
"17-180_1-2B.09",15.34,1,34
"17-180_1-2B.01",14.61,1,35
"17-180_1-2B.04",14.15,1,36
"17-180_1-2B.02",14.71,1,37
"17-180_1-2B.03",14.25,1,38
"17-180_1-2B.05",15.02,1,39
"17-180_1-2B.21",15,1,40
"17-180_1-2B.22",15.04,1,41
"17-180_1-2B.23",14.57,1,42
"17-180_1-2B.24",14.59,1,43
"17-180_1-2B.25",15.41,1,44
"17-180_1-2B.20",14.13,1,45
"17-180_1-2B.13",15.04,1,46
"17-180_1-2B.14",15.36,1,47
"17-180_1-2B.15",16.06,1,48
"17-180_1-2B.18",15.12,1,49
"17-180_1-2B.19",15.55,1,50
"17-180_1-2B.16",14.45,1,51
"17-180_1-2B.11",14.3,1,52
"17-180_1-2B.17",14.38,1,53
"17-180_1-2B.12",15.48,1,54
"17-180_1-1B.15",15.05,2,1
"17-180_1-1B.16",15.85,2,2
"17-180_1-1B.08",15.74,2,3
"17-180_1-1B.09",14.69,2,4
"17-180_1-1B.10",14.87,2,5
"17-180_1-1B.02",13.08,2,6
"17-180_1-1B.01",14.75,2,7
"17-180_1-1B.05",15.93,2,8
"17-180_1-1B.11",16.04,2,9
"17-180_1-1B.06",14.17,2,10
"17-180_1-1B.04",14.96,2,11
"17-180_1-1B.03",13.11,2,12
"17-180_1-1B.07",12.57,2,13
"17-185_1B.01",15.36,2,14
"17-185_1B.02",15.56,2,15
"17-185_1B.03",14.27,2,16
"17-185_1B.04",15.56,2,17
"17-185_1B.05",15.85,2,18
"17-180_1-1B.17",15.91,2,19
"17-180_1-1B.18",15.46,2,20
"17-180_1-1B.19",15.35,2,21
"17-180_1-1B.20",15.1,2,22
"17-180_1-1B.21",16.27,2,23
"17-180_1-1B.12",16.19,2,24
"17-180_1-1B.13",15.46,2,25
"17-180_1-1B.14",14.72,2,26
"17-182_1-1B.04",14.07,2,27
"17-182_1-1B.01",14.74,2,28
"17-182_1-1B.05",15.55,2,29
"17-182_1-1B.08",14.6,2,30
"17-185_1B.06",15.15,2,31
"17-182_1-1B.06",15.17,2,32
"17-182_1-1B.20",15.6,2,33
"17-182_1-1B.02",14.96,2,34
"17-182_1-1B.07",15.31,2,35
"17-182_1-1B.13",14.2,2,36
"17-182_1-1B.03",14.58,2,37
"17-182_1-2B.08",14.43,2,38
"17-182_1-2B.01",14.98,2,39
"17-182_1-2B.05",16.32,2,40
"17-182_1-1B.24",15.89,2,41
"17-182_1-2B.10",15.07,2,42
"17-182_1-1B.16",15.34,2,43
"17-182_1-2B.09",15.35,2,44
"17-182_1-2B.02",15.03,2,45
"17-182_1-1B.21",14.85,2,46
"17-182_1-1B.25",15.51,2,47
"17-182_1-1B.22",15.69,2,48
"17-182_1-2B.03",15.89,2,49
"17-182_1-2B.04",15.77,2,50
"17-182_1-1B.23",15.08,2,51
"17-182_1-1B.14",15.3,2,52
"17-182_1-1B.15",15.35,2,53
"17-182_1-1B.17",15.25,2,54
"17-182_1-1B.19",15.61,2,55
"17-182_1-1B.18",15.75,2,56
"17-182_1-1B.12",15.9,2,57
"17-182_1-1B.11",15.51,2,58
"17-182_1-1B.10",14.58,2,59
"17-182_1-1B.09",14.63,2,60
"17-182_1-2B.19",15.73,2,61
"17-182_1-2B.20",15.92,2,62
"17-182_1-2B.21",14.62,2,63
"17-182_1-2B.07",14.05,2,64
"17-182_1-2B.22",14.95,2,65
"17-182_1-2B.17",14.86,2,66
"17-182_1-2B.24",15.49,2,67
"17-182_1-2B.23",15.49,2,68
"17-182_1-2B.13",14.88,2,69
"17-182_1-2B.11",14.68,2,70
"17-182_1-2B.18",14.36,2,71
"17-182_1-2B.14",15.43,2,72
"17-182_1-2B.15",14.23,2,73
"17-182_1-2B.16",15.35,2,74
"17-182_1-2B.06",14.92,2,75
"17-182_1-2B.12",15.65,2,76
"17-181_1-2B.16",15.56,2,77
"17-181_1-2B.17",14.93,2,78
"17-181_1-2B.20",14.94,2,79
"17-181_1-2B.11",14.63,2,80
"17-181_1-2B.18",15.26,2,81
"17-181_1-2B.19",14.9,2,82
"17-181_1-2B.12",15.14,2,83
"17-181_1-2B.13",14.13,2,84
"17-181_1-2B.14",14.03,2,85
"17-181_1-2B.15",14.68,2,86
"17-181_1-2B.06",15.91,2,87
"17-181_1-2B.07",15.04,2,88
"17-181_1-2B.08",14.5,2,89
"17-181_1-2B.10",14.05,2,90
"17-181_1-2B.09",15.38,2,91
"17-181_1-2B.01",15.5,2,92
"17-181_1-2B.02",15.86,2,93
"17-181_1-2B.05",14.57,2,94
"17-181_1-2B.04",15.04,2,95
"17-181_1-2B.03",15.01,2,96
"17-181_1-1B.09",14.27,2,97
"17-181_1-1B.03",14.3,2,98
"17-181_1-1B.04",14.25,2,99
"17-183_1B.01",15.27,2,100
"17-181_1-1B.10",14.83,2,101
"17-181_1-1B.05",14.81,2,102
"17-183_1B.02",14.33,2,103
"17-181_1-1B.01",15.92,2,104
"17-183_1B.03",15.79,2,105
"17-181_1-2B.21",14.63,2,106
"17-181_1-1B.02",15.7,2,107
"17-183_1B.04",15.06,2,108
"17-181_1-2B.22",14.55,2,109
"17-181_1-1B.12",14.33,2,110
"17-181_1-1B.13",14.25,2,111
"17-181_1-1B.24",15.22,2,112
"17-181_1-1B.25",14.28,2,113
"17-181_1-1B.14",15.16,2,114
"17-181_1-1B.11",15.08,2,115
"17-181_1-1B.06",15.79,2,116
"17-181_1-1B.15",14.48,2,117
"17-181_1-1B.20",14.49,2,118
"17-181_1-1B.21",14.34,2,119
"17-181_1-1B.22",15.03,2,120
"17-181_1-1B.19",14.54,2,121
"17-181_1-1B.16",14.92,2,122
"17-181_1-1B.23",15.13,2,123
"17-181_1-1B.18",12.4,2,124
"17-181_1-1B.07",14.12,2,125
"17-181_1-1B.17",15.26,2,126
"17-181_1-1B.08",14.89,2,127
"17-187_1-2B.06",14.67,2,128
"17-187_1-2B.07",14.35,2,129
"17-187_1-2B.05",15.04,2,130
"17-187_1-2B.04",14.91,2,131
"17-187_1-2B.03",13.73,2,132
"17-187_1-2B.02",13.96,2,133
"17-187_1-2B.01",14.56,2,134
"17-187_1-2B.10",14.59,2,135
"17-187_1-2B.09",15.97,2,136
"17-187_1-2B.08",15.12,2,137
"17-187_1-2B.12",14.44,2,138
"17-187_1-2B.11",14.56,2,139
"17-187_1-2B.13",15.18,2,140
"17-187_1-2B.15",14.77,2,141
"17-187_1-2B.17",14.38,2,142
"17-187_1-2B.20",13.21,2,143
"17-187_1-2B.14",13.91,2,144
"17-187_1-2B.19",14.96,2,145
"17-187_1-2B.18",14.88,2,146
"17-187_1-2B.16",14.86,2,147
"17-180_2-1B.05",15.11,3,1
"17-180_2-1B.06",15.73,3,2
"17-180_2-1B.07",14.06,3,3
"17-180_2-1B.01",15.34,3,4
"17-180_2-1B.09",14.26,3,5
"17-180_2-1B.08",15.66,3,6
"17-180_2-1B.04",14.83,3,7
"17-180_2-1B.10",14.25,3,8
"17-180_2-1B.02",15.89,3,9
"17-180_2-1B.03",15.74,3,10
"17-180_2-1B.16",15.72,3,11
"17-180_2-1B.17",13.34,3,12
"17-180_2-1B.12",14.7,3,13
"17-180_2-1B.11",14.21,3,14
"17-180_2-1B.19",15.3,3,15
"17-180_2-1B.18",13.46,3,16
"17-180_2-1B.15",14.17,3,17
"17-180_2-1B.14",13.79,3,18
"17-180_2-1B.20",14.28,3,19
"17-180_2-1B.13",14.12,3,20
"17-185_2B.05",14.28,3,21
"17-185_2B.08",15.11,3,22
"17-185_2B.07",14.58,3,23
"17-185_2B.06",12.44,3,24
"17-185_2B.04",15.6,3,25
"17-180_2-1B.21",14.25,3,26
"17-185_2B.02",14.03,3,27
"17-185_2B.03",14.94,3,28
"17-185_2B.01",14.17,3,29
"17-180_2-1B.22",14,3,30
"17-187_2-1B.05",15.06,3,31
"17-187_2-1B.08",15.16,3,32
"17-187_2-1B.07",14.55,3,33
"17-187_2-1B.01",14.93,3,34
"17-187_2-1B.10",14.72,3,35
"17-187_2-1B.09",14.93,3,36
"17-187_2-1B.03",14.58,3,37
"17-187_2-1B.04",14.56,3,38
"17-187_2-1B.06",13.71,3,39
"17-187_2-1B.02",14.22,3,40
"17-187_2-1B.11",14.56,3,41
"17-187_2-1B.15",13.35,3,42
"17-187_2-1B.14",15.05,3,43
"17-187_2-1B.13",15.1,3,44
"17-187_2-1B.12",14.25,3,45
" 17-182_2-2B.06",15.28,3,46
"17-182_2-2B.05",13.26,3,47
"17-182_2-2B.04",15.07,3,48
"17-182_2-2B.03",15.49,3,49
"17-182_2-2B.01",14.54,3,50
"17-182_2-2B.02",15.31,3,51
"17-182_2-2B.12",12.54,3,52
"17-182_2-2B.11",15.06,3,53
"17-182_2-2B.10",14.57,3,54
"17-182_2-2B.09",15.71,3,55
"17-182_2-2B.08",14.75,3,56
"17-182_2-2B.07",13.6,3,57
"17-182_2-2B.20",10.76,3,58
"17-182_2-2B.19",14.21,3,59
"17-182_2-2B.18",15.52,3,60
"17-182_2-2B.17",14.63,3,61
"17-182_2-2B.13",14.92,3,62
"17-182_2-2B.16",14.9,3,63
"17-182_2-2B.15",13.78,3,64
"17-182_2-2B.14",11.93,3,65
"17-184_2B.06",13.14,3,66
"17-184_2B.07",14.2,3,67
"17-184_2B.08",14.01,3,68
"17-184_2B.09",14.81,3,69
"17-184_2B.01",14.24,3,70
"17-184_2B.02",14.23,3,71
"17-184_2B.03",14.58,3,72
"17-182_2-2B.25",14.67,3,73
"17-184_2B.10",13.48,3,74
"17-184_2B.05",14.93,3,75
"17-184_2B.04",14.21,3,76
"17-182_2-2B.21",14.64,3,77
"17-182_2-2B.22",14.33,3,78
"17-182_2-2B.23",15.5,3,79
"17-182_2-2B.24",15.92,3,80
"17-181_2-1B.11",13.75,3,81
"17-181_2-1B.12",14.58,3,82
"17-181_2-1B.13",14.92,3,83
"17-181_2-1B.14",13.64,3,84
"17-181_2-1B.15",14.65,3,85
"17-181_2-1B.05",14.57,3,86
"17-181_2-1B.04",14.3,3,87
"17-181_2-1B.03",14.92,3,88
"17-181_2-1B.02",14.59,3,89
"17-181_2-1B.01",15.11,3,90
"17-181_2-1B.10",14.07,3,91
"17-181_2-1B.09",14.49,3,92
"17-181_2-1B.08",14.29,3,93
"17-181_2-1B.06",15.6,3,94
"17-181_2-1B.07",14.01,3,95
" 17-181_2-1B.16",13.36,3,96
"17-181_2-1B.25",14.17,3,97
"17-181_2-1B.17",14.59,3,98
"17-181_2-1B.24",14.51,3,99
"17-181_2-1B.22",14.83,3,100
"17-181_2-1B.18",15.04,3,101
"17-181_2-1B.21",14.71,3,102
"17-181_2-1B.20",15.64,3,103
"17-181_2-1B.19",16.6,3,104
"17-181_2-1B.23",14.52,3,105
"17-187_2-2B.05",14.63,4,1
"17-187_2-2B.06",15.04,4,2
"17-187_2-2B.03",13.89,4,3
"17-187_2-2B.02",15.54,4,4
"17-187_2-2B.01",15.81,4,5
"17-187_2-2B.04",15.76,4,6
"17-187_2-2B.11",15.9,4,7
"17-187_2-2B.07",16.55,4,8
"17-187_2-2B.08",14.36,4,9
"17-187_2-2B.09",15.21,4,10
"17-187_2-2B.10",15.3,4,11
"17-187_2-2B.12",14.57,4,12
"17-187_2-2B.13",16.36,4,13
"17-187_2-2B.16",16.21,4,14
"17-187_2-2B.14",14.88,4,15
"17-187_2-2B.15",15.75,4,16
"17-187_2-2B.19",15.13,4,17
"17-187_2-2B.18",14.74,4,18
"17-187_2-2B.20",14.96,4,19
"17-187_2-2B.17",16.36,4,20
"17-187_2-2B.21",14.79,4,21
"17-187_2-2B.25",14.51,4,22
"17-187_2-2B.24",14.25,4,23
"17-187_2-2B.22",14.23,4,24
"17-187_2-2B.23",15.41,4,25
"17-183_2B.01",15.7,4,26
"17-183_2B.02",15.45,4,27
"17-183_2B.03",15.65,4,28
"17-183_2B.04",15.25,4,29
"17-183_2B.05",15.53,4,30
"17-183_2B.06",12.61,4,31
"17-183_2B.07",14.58,4,32
"17-183_2B.08",15.18,4,33
"17-183_2B.09",15.54,4,34
"17-181_2-2B.04",15.02,4,35
"17-181_2-2B.02",14.51,4,36
"17-181_2-2B.01",14.85,4,37
"17-181_2-2B.03",16.18,4,38
"17-181_2-2B.05",14.98,4,39
"17-181_2-2B.15",14.94,4,40
"17-181_2-2B.11",15.76,4,41
"17-181_2-2B.12",16.14,4,42
"17-181_2-2B.13",15.61,4,43
"17-181_2-2B.14",15.39,4,44
"17-181_2-2B.06",16.03,4,45
"17-181_2-2B.07",15.25,4,46
"17-181_2-2B.08",15.62,4,47
"17-181_2-2B.09",14.75,4,48
"17-181_2-2B.10",15.52,4,49
"17-181_2-2B.16",16.28,4,50
"17-181_2-2B.17",15.32,4,51
"17-181_2-2B.18",14.58,4,52
"17-181_2-2B.19",14.64,4,53
"17-181_2-2B.20",14.97,4,54
"17-182_2-1B.09",15.55,4,55
"17-181_2-2B.21",15.27,4,56
"17-181_2-2B.22",15.28,4,57
"17-181_2-2B.23",15.3,4,58
"17-181_2-2B.24",15.53,4,59
"17-182_2-1B.06",16.67,4,60
"17-182_2-1B.07",16.69,4,61
"17-182_2-1B.08",15.69,4,62
"17-182_2-1B.10",16.32,4,63
"17-182_2-1B.11",14.85,4,64
"17-182_2-1B.12",14.07,4,65
"17-182_2-1B.13",15.78,4,66
"17-182_2-1B.15",13.67,4,67
"17-182_2-1B.05",15.59,4,68
"17-182_2-1B.04",15.08,4,69
"17-182_2-1B.14",15.58,4,70
"17-182_2-1B.03",14.46,4,71
"17-182_2-1B.01",14.25,4,72
"17-182_2-1B.02",14.59,4,73
"17-182_2-1B.19",15.15,4,74
"17-182_2-1B.20",13.89,4,75
"17-182_2-1B.25",13.6,4,76
"17-182_2-1B.16",12.28,4,77
"17-182_2-1B.17",15.23,4,78
"17-182_2-1B.18",14.79,4,79
"17-182_2-1B.24",14.69,4,80
"17-182_2-1B.23",14.92,4,81
"17-182_2-1B.22",14.3,4,82
"17-182_2-1B.21",13.03,4,83
"17-180_2-2B.01",14.44,4,84
"17-180_2-2B.05",14.86,4,85
"17-180_2-2B.02",14.74,4,86
"17-180_2-2B.04",16.06,4,87
"17-180_2-2B.03",14.89,4,88
"17-180_2-2B.15",14.05,4,89
"17-180_2-2B.14",15.84,4,90
"17-180_2-2B.06",15.2,4,91
"17-180_2-2B.07",14.8,4,92
"17-180_2-2B.08",14.47,4,93
"17-180_2-2B.09",14.49,4,94
"17-180_2-2B.11",14.79,4,95
"17-180_2-2B.10",14.81,4,96
"17-180_2-2B.12",14.51,4,97
"17-180_2-2B.13",14.17,4,98
"17-180_2-2B.25",14.34,4,99
"17-180_2-2B.16",14.09,4,100
"17-180_2-2B.17",14.05,4,101
"17-180_2-2B.18",14.62,4,102
"17-180_2-2B.24",14.27,4,103
"17-180_2-2B.23",15.46,4,104
"17-180_2-2B.20",15.53,4,105
"17-180_2-2B.22",15.06,4,106
"17-180_2-2B.21",15.74,4,107
"17-180_2-2B.19",14.74,4,108
"17-181_3-1B.01",15.75,4,109
"17-181_3-1B.02",15.86,4,110
"17-181_3-1B.04",14.72,4,111
"17-181_3-1B.05",15.34,4,112
"17-181_3-1B.06",14.72,4,113
"17-181_3-1B.03",15.06,4,114
"17-181_3-1B.07",15.93,4,115
"17-181_3-1B.08",14.74,4,116
"17-181_3-1B.09",14.33,4,117
"17-181_3-1B.10",15.26,4,118
"17-181_3-1B.11",15.75,4,119
"17-181_3-1B.12",14.17,4,120
"17-181_3-1B.15",15.17,4,121
"17-181_3-1B.16",14.95,4,122
"17-181_3-1B.19",14.7,4,123
"17-181_3-1B.13",14.89,4,124
"17-181_3-1B.17",15.75,4,125
"17-181_3-1B.18",15.38,4,126
"17-181_3-1B.24",15.13,4,127
"17-181_3-1B.23",14.81,4,128
"17-181_3-1B.20",15.11,4,129
"17-181_3-1B.21",15.07,4,130
"17-181_3-1B.25",15.13,4,131
"17-182_3-2B.03",15.84,4,132
"17-182_3-2B.05",14.78,4,133
"17-182_3-2B.01",15.47,4,134
"17-182_3-2B.09",15.77,4,135
"17-182_3-2B.04",15.47,4,136
"17-182_3-2B.07",15.32,4,137
"17-182_3-2B.08",14.33,4,138
"17-182_3-2B.12",15.31,4,139
"17-182_3-2B.10",15.52,4,140
"17-182_3-2B.20",14.87,4,141
"17-182_3-2B.19",15.23,4,142
"17-182_3-2B.18",15.6,4,143
"17-182_3-2B.15",14.47,4,144
"17-182_3-2B.17",14.72,4,145
"17-182_3-2B.16",15.33,4,146
"17-182_3-2B.14",15.41,4,147
"17-182_3-2B.24",14.3,4,148
"17-182_3-2B.13",14.95,4,149
"17-182_3-2B.11",15.03,4,150
"17-182_3-2B.22",15.09,4,151
"17-182_3-2B.23",15.21,4,152
"17-182_3-2B.25",14.33,4,153
"17-181_3-2B.05",15.19,4,154
"17-181_3-2B.07",15.29,4,155
"17-181_3-2B.01",14.66,4,156
"17-181_3-1B.22",14.82,4,157
"17-181_3-2B.03",14.52,4,158
"17-181_3-2B.04",14.55,4,159
"17-182_3-2B.02",15.39,4,160
"17-181_3-2B.02",14.85,4,161
"17-181_3-2B.13",14.8,4,162
"17-181_3-2B.12",15.22,4,163
"17-181_3-2B.10",15.48,4,164
"17-181_3-2B.06",14.93,4,165
"17-182_3-2B.06",14.56,4,166
"17-181_3-2B.08",15.25,4,167
"17-181_3-2B.11",15.45,4,168
"17-181_3-2B.09",15.85,4,169
"17-181_3-2B.16",14.44,4,170
"17-181_3-2B.17",14.61,4,171
"17-181_3-2B.18",14.93,4,172
"17-181_3-2B.15",14.76,4,173
"17-181_3-2B.14",15.34,4,174
"17-181_3-2B.19",14.2,4,175
"17-181_3-2B.22",14.58,4,176
"17-180_3-2B.02",15.43,4,177
"17-181_3-2B.21",15.12,4,178
"17-180_3-2B.01",14.43,4,179
"17-180_3-2B.03",14.57,4,180
"17-180_3-2B.04",15.42,4,181
"17-180_3-2B.05",14.96,4,182
"17-180_3-2B.12",14.38,4,183
"17-180_3-2B.08",15.08,4,184
"17-180_3-2B.09",14.21,4,185
"17-180_3-2B.07",14.63,4,186
"17-180_3-2B.06",15.35,4,187
"17-180_3-2B.10",15.5,4,188
"17-180_3-2B.13",15.66,4,189
"17-180_3-2B.15",15.24,4,190
"17-180_3-2B.17",14.95,4,191
"17-180_3-2B.16",15.38,4,192
"17-180_3-2B.14",15.08,4,193
"17-180_3-2B.11",14.12,4,194
"17-187_3-2B.01",14.73,4,195
"17-181_3-2B.20",14.82,4,196
"17-187_3-2B.02",15.44,4,197
"17-187_3-2B.15",15.9,4,198
"17-187_3-2B.13",14.77,4,199
"17-187_3-2B.12",14.29,4,200
"17-187_3-2B.07",14.7,4,201
"17-187_3-2B.16",15.22,4,202
"17-187_3-2B.03",15.86,4,203
"17-187_3-2B.14",14.95,4,204
"17-187_3-2B.09",14.35,4,205
"17-187_3-2B.06",14.92,4,206
"17-187_3-2B.10",14.44,4,207
"17-187_3-2B.11",14.79,4,208
"17-187_3-2B.08",15.18,4,209
"17-187_3-2B.05",14.71,4,210
"17-180_3-1B.04",15.31,4,211
"17-180_3-1B.05",15.66,4,212
"17-187_3-2B.04",14.28,4,213
"17-187_3-2B.17",15.04,4,214
"17-180_3-1B.01",14.48,4,215
"17-187_3-2B.20",14.48,4,216
"17-180_3-1B.02",14.97,4,217
"17-187_3-2B.18",14.11,4,218
"17-180_3-1B.03",15.37,4,219
"17-187_3-2B.19",14.13,4,220
"17-180_3-1B.06",15.15,4,221
"17-180_3-1B.07",14.77,4,222
"17-180_3-1B.09",15.31,4,223
"17-180_3-1B.08",15.27,4,224
"17-180_3-1B.10",14.25,4,225
"17-180_3-1B.11",15.31,4,226
"17-180_3-1B.12",15.02,4,227
"17-180_3-1B.13",14.12,4,228
"17-180_3-1B.17",14.25,4,229
"17-180_3-1B.19",14.77,4,230
"17-180_3-1B.15",14.84,4,231
"17-180_3-1B.18",15.84,4,232
"17-180_3-1B.16",14.81,4,233
"17-180_3-1B.14",15.87,4,234
"17-187_3-1B.09",14.92,4,235
"17-187_3-1B.08",14.71,4,236
"17-187_3-1B.10",15.61,4,237
"17-187_3-1B.02",15.93,4,238
"17-187_3-1B.07",15.28,4,239
"17-187_3-1B.04",15.63,4,240
"17-187_3-1B.06",14.66,4,241
"17-187_3-1B.01",14.63,4,242
"17-187_3-1B.05",14.9,4,243
"17-187_3-1B.03",15.11,4,244
"17-180_3-1B.21",15.05,4,245
"17-180_3-1B.24",15.25,4,246
"17-180_3-1B.25",14.69,4,247
"17-180_3-1B.22",14.55,4,248
"17-180_3-1B.23",15.9,4,249
"17-187_3-1B.20",15.66,4,250
"17-187_3-1B.21",15.65,4,251
"17-187_3-1B.11",15.68,4,252
"17-187_3-1B.17",14.42,4,253
"17-187_3-1B.18",14.6,4,254
"17-187_3-1B.14",14.95,4,255
"17-187_3-1B.15",14.69,4,256
"17-187_3-1B.19",15.2,4,257
"17-187_3-1B.12",14.57,4,258
"17-187_3-1B.16",15.26,4,259
"17-187_3-1B.13",14.35,4,260
"17-185_3B.01",15.62,5,1
"17-185_3B.02",15.47,5,2
"17-185_3B.03",15.1,5,3
"17-185_3B.06",15.06,5,4
"17-185_3B.04",15.38,5,5
"17-185_3B.05",16.18,5,6
"17-185_3B.07",15.82,5,7
"17-185_3B.08",14.17,5,8
"17-185_3B.09",14.22,5,9
"17-185_3B.10",14.79,5,10
"17-182_3-1B.06",14.2,5,11
"17-182_3-1B.01",15.31,5,12
"17-182_3-1B.02",15.23,5,13
"17-182_3-1B.15",15.24,5,14
"17-182_3-1B.16",15.25,5,15
"17-182_3-1B.07",14.56,5,16
"17-182_3-1B.04",14.78,5,17
"17-182_3-1B.05",15.26,5,18
"17-182_3-1B.09",15.61,5,19
"17-182_3-1B.08",15.62,5,20
"17-182_3-1B.14",15.96,5,21
"17-182_3-1B.11",15.2,5,22
"17-182_3-1B.03",15.42,5,23
"17-182_3-1B.25",15.23,5,24
"17-182_3-1B.17",15.32,5,25
"17-182_3-1B.18",15.82,5,26
"17-182_3-1B.10",15.34,5,27
"17-182_3-1B.19",14.76,5,28
"17-183_3B.06",15.03,5,29
"17-183_3B.09",14.86,5,30
"17-183_3B.03",14.46,5,31
"17-183_3B.05",14.48,5,32
"17-182_3-1B.23",15.36,5,33
"17-183_3B.02",15.71,5,34
"17-183_3B.04",16,5,35
"17-184_3B.08",15.05,5,36
"17-182_3-1B.20",14.61,5,37
"17-184_3B.03",14.63,5,38
"17-182_3-1B.22",15.06,5,39
"17-184_3B.04",14.81,5,40
"17-184_3B.02",14.66,5,41
"17-183_3B.01",15.26,5,42
"17-182_3-1B.13",14.37,5,43
"17-184_3B.01",14.85,5,44
"17-184_3B.07",14.18,5,45
"17-183_3B.07",14.78,5,46
"17-183_3B.08",14.36,5,47
"17-184_3B.06",15.59,5,48
"17-182_3-1B.12",14.69,5,49
"17-182_3-1B.21",15.13,5,50
"17-184_3B.05",15.64,5,51
"17-183_3B.10",15.14,5,52
"17-180_4-1O.03",14.88,5,53
"17-180_4-1O.01",14.77,5,54
"17-180_4-1O.02",15.6,5,55
"17-180_4-1O.07",14.1,5,56
"17-180_4-1O.05",14.55,5,57
"17-180_4-1O.09",15.42,5,58
"17-180_4-1O.04",16.08,5,59
"17-180_4-1O.08",15.62,5,60
"17-180_4-1O.06",15.41,5,61
"17-180_4-1O.13",15.44,5,62
"17-180_4-1O.15",14.75,5,63
"17-180_4-1O.14",16.31,5,64
"17-180_4-1O.12",14.84,5,65
"17-180_4-1O.21",15.01,5,66
"17-180_4-1O.11",15.66,5,67
"17-180_4-1O.19",16.08,5,68
"17-180_4-1O.10",14.88,5,69
"17-180_4-1O.20",16.51,5,70
"17-180_4-1O.16",16.49,5,71
"17-180_4-1O.17",15.99,5,72
"17-180_4-1O.18",15.33,5,73
"17-180_4-1O.22",14.46,5,74
"17-180_4-1O.23",15.58,5,75
"17-180_4-1O.24",16.06,5,76
"17-180_4-1O.25",13.89,5,77
"17-180_2-1O.03",13.56,5,78
"17-180_2-1O.02",14.14,5,79
"17-180_2-1O.10",13.59,5,80
"17-180_2-1O.01",14.04,5,81
"17-180_2-1O.07",13.47,5,82
"17-180_2-1O.06",14.32,5,83
"17-180_2-1O.09",14.92,5,84
"17-180_2-1O.08",14.52,5,85
"17-180_2-1O.05",14.32,5,86
"17-180_2-1O.04",14.05,5,87
"17-180_2-1O.16",14.22,5,88
"17-180_2-1O.17",15.21,5,89
"17-180_2-1O.18",14.32,5,90
"17-180_2-1O.12",14.76,5,91
"17-180_2-1O.20",15.01,5,92
"17-180_2-1O.11",14.26,5,93
"17-180_2-1O.19",14.71,5,94
"17-180_2-1O.15",15.48,5,95
"17-180_2-1O.14",15.95,5,96
"17-180_2-1O.13",14.88,5,97
"17-183_2O.04",11.15,8,1
"17-183_2O.03",15.79,8,2
"17-183_2O.02",14.67,8,3
"17-183_2O.01",13.44,8,4
"17-183_2O.07",13.58,8,5
"17-183_2O.06",14.76,8,6
"17-183_2O.05",15.15,8,7
"17-183_2O.08",14.62,8,8
"17-183_2O.09",14.03,8,9
"17-183_2O.10",14.67,8,10
"17-182_3-1O.04",15.87,8,11
"17-182_3-1O.12",15.78,8,12
"17-182_3-1O.05",15.26,8,13
"17-182_3-1O.01",15.09,8,14
"17-182_3-1O.10",15.63,8,15
"17-182_3-1O.02",14.87,8,16
"17-182_3-1O.03",15.24,8,17
"17-182_3-1O.09",15.23,8,18
"17-182_3-1O.17",15.29,8,19
"17-182_3-1O.11",15.05,8,20
"17-182_3-1O.14",14.25,8,21
"17-182_3-1O.15",15.54,8,22
"17-182_3-1O.07",14.35,8,23
"17-182_3-1O.13",14.29,8,24
"17-182_3-1O.16",14.35,8,25
"17-182_3-1O.24",12.35,8,26
"17-187_4-1O.01",15.55,8,27
"17-182_3-1O.18",14.04,8,28
"17-182_3-1O.25",15.15,8,29
"17-187_4-1O.03",15.44,8,30
"17-182_3-1O.06",14.42,8,31
"17-182_3-1O.21",14.56,8,32
"17-187_4-1O.09",15.7,8,33
"17-182_3-1O.22",15.81,8,34
"17-187_4-1O.02",14.12,8,35
"17-182_3-1O.23",14.28,8,36
"17-182_3-1O.19",15.6,8,37
"17-182_3-1O.20",14.81,8,38
"17-187_4-1O.23",14.23,8,39
"17-187_4-1O.10",15.44,8,40
"17-187_4-1O.15",15.35,8,41
"17-187_4-1O.12",15.33,8,42
"17-187_4-1O.16",14.93,8,43
"17-187_4-1O.18",14.72,8,44
"17-187_4-1O.05",15.87,8,45
"17-187_4-1O.13",15.74,8,46
"17-187_4-1O.11",15.34,8,47
"17-187_4-1O.24",14.88,8,48
"17-187_4-1O.08",15.62,8,49
"17-187_4-1O.17",14.49,8,50
"17-187_4-1O.07",14.64,8,51
"17-187_4-1O.06",15.5,8,52
"17-187_4-1O.04",15.38,8,53
"17-187_4-1O.20",15.02,8,54
"17-187_4-1O.25",15.78,8,55
"17-182_2-1O.16",15.11,8,56
"17-182_2-1O.09",14.6,8,57
"17-187_4-1O.22",14.72,8,58
"17-187_4-1O.19",15.23,8,59
"17-182_2-1O.01",15.51,8,60
"17-182_2-1O.07",15.69,8,61
"17-187_4-1O.14",14.77,8,62
"17-182_2-1O.08",14.69,8,63
"17-182_2-1O.04",15.36,8,64
"17-187_4-1O.21",15.73,8,65
"17-182_2-1O.02",14.06,8,66
"17-182_2-1O.10",14.88,8,67
"17-182_2-1O.03",15.84,8,68
"17-187_1-1O.01",15.38,8,69
"17-182_2-1O.12",14.87,8,70
"17-182_2-1O.18",15.41,8,71
"17-182_2-1O.17",15.67,8,72
"17-187_1-1O.14",14.11,8,73
"17-182_2-1O.13",14.64,8,74
"17-182_2-1O.14",14.9,8,75
"17-182_2-1O.15",15.55,8,76
"17-182_2-1O.11",15.53,8,77
"17-182_2-1O.25",15.62,8,78
"17-182_2-1O.19",15.96,8,79
"17-182_2-1O.20",15.45,8,80
"17-182_2-1O.05",14.71,8,81
"17-182_2-1O.21",15.09,8,82
"17-182_2-1O.06",15.42,8,83
"17-187_1-1O.22",15.3,8,84
"17-187_1-1O.11",14.84,8,85
"17-187_1-1O.06",14.26,8,86
"17-187_1-1O.16",15.04,8,87
"17-187_1-1O.13",14.57,8,88
"17-187_1-1O.15",15.57,8,89
"17-187_1-1O.09",15.84,8,90
"17-182_2-1O.23",15.01,8,91
"17-187_1-1O.04",15.16,8,92
"17-187_1-1O.10",14.68,8,93
"17-187_1-1O.02",14.42,8,94
"17-187_1-1O.05",14.55,8,95
"17-182_2-1O.24",15.68,8,96
"17-182_2-1O.22",15.39,8,97
"17-187_1-1O.12",14.9,8,98
"17-187_1-1O.07",15.46,8,99
"17-187_1-1O.08",14.84,8,100
"17-187_1-1O.03",15.16,8,102
"17-183_1O.01",14.36,8,103
"17-183_1O.05",14.78,8,104
"17-185_3O.06",15.32,8,105
"17-183_1O.03",14.87,8,106
"17-183_1O.08",14.97,8,107
"17-187_1-1O.25",15.61,8,108
"17-183_1O.06",15.6,8,109
"17-187_1-1O.20",16.19,8,110
"17-187_1-1O.17",15.67,8,111
"17-187_1-1O.23",15.07,8,112
"17-183_1O.02",15.9,8,113
"17-183_1O.07",15.13,8,114
"17-187_1-1O.18",14.35,8,115
"17-187_1-1O.19",14.79,8,116
"17-187_1-1O.21",15.82,8,117
"17-183_1O.04",14.87,8,118
"17-187_1-1O.24",14.97,8,119
"17-183_1O.09",14.6,8,120
"17-183_1O.10",14.21,8,121
"17-185_3O.02",15.19,8,122
"17-185_3O.03",15.33,8,123
"17-187_3-2O.03",15.02,8,124
"17-185_3O.01",14.03,8,125
"17-185_3O.04",15.64,8,126
"17-185_3O.05",15.19,8,127
"17-187_3-2O.01",15.27,8,128
"17-187_3-2O.05",15.61,8,129
"17-187_3-2O.09",14.02,8,130
"17-187_3-2O.02",15.14,8,131
"17-187_3-2O.04",13.58,8,132
"17-187_3-2O.10",15.19,8,133
"17-185_3O.10",15.45,8,134
"17-187_3-2O.07",15.05,8,135
"17-187_3-2O.08",15.56,8,136
"17-185_3O.09",15.22,8,137
"17-187_3-2O.14",14.27,8,138
"17-187_3-2O.18",14.78,8,139
"17-187_3-2O.21",14.35,8,140
"17-187_3-2O.24",15.09,8,141
"17-187_3-2O.06",15,8,142
"17-187_3-2O.20",14.89,8,143
"17-187_3-2O.25",14.39,8,144
"17-187_3-2O.23",15.28,8,145
"17-187_3-2O.19",15.83,8,146
"17-187_3-2O.22",15.14,8,147
"17-185_3O.07",15.49,8,148
"17-187_3-2O.11",14.53,8,149
"17-187_3-2O.13",14.88,8,150
"17-185_3O.08",14.31,8,151
"17-187_3-2O.12",15.57,8,152
"17-180_1-2O.01",15.02,8,153
"17-180_1-2O.02",14.84,8,154
"17-180_1-2O.03",14.93,8,155
"17-180_1-2O.05",13.99,8,156
"17-180_1-2O.04",15.7,8,157
"17-180_1-2O.14",14.92,8,158
"17-180_1-2O.20",14.2,8,159
"17-187_3-2O.17",14.57,8,160
"17-180_1-2O.13",15.54,8,161
"17-180_1-2O.11",14.31,8,162
"17-187_3-2O.16",14.76,8,163
"17-187_3-2O.15",15.89,8,164
"17-180_1-2O.19",14.74,8,165
"17-180_1-2O.07",15.41,8,166
"17-180_1-2O.15",15.36,8,167
"17-180_1-2O.17",15.41,8,168
"17-180_1-2O.09",15.33,8,169
"17-180_1-2O.12",14.82,8,170
"17-180_1-2O.06",14.78,8,171
"17-180_1-2O.08",14.45,8,172
"17-180_1-2O.10",14.53,8,173
"17-180_1-2O.18",14.43,8,174
"17-180_1-2O.16",15.95,8,175
"17-181_4-1O.04",14.49,8,176
"17-181_4-1O.09",14.97,8,177
"17-181_4-1O.03",15.32,8,178
"17-181_4-1O.05",14.56,8,179
"17-180_1-2O.22",14.96,8,180
"17-181_4-1O.01",15.6,8,181
"17-180_1-2O.21",14.85,8,182
"17-181_4-1O.08",14.36,8,183
"17-180_1-2O.25",14.28,8,184
"17-180_1-2O.24",15.88,8,185
"17-181_4-1O.06",15.18,8,186
"17-181_4-1O.07",15.23,8,187
"17-181_4-1O.02",14.94,8,188
"17-180_1-2O.23",14.48,8,189
"17-181_4-1O.13",15.44,8,190
"17-181_4-1O.20",15.6,8,191
"17-181_4-1O.21",14.54,8,192
"17-181_4-1O.23",15.07,8,193
"17-181_4-1O.11",14.53,8,194
"17-181_4-1O.14",15.33,8,195
"17-181_4-1O.12",14.77,8,196
"17-181_4-1O.10",14.56,8,197
"17-181_4-1O.15",15.79,8,198
"17-181_4-1O.18",15.92,8,199
"17-181_4-1O.22",14.16,8,200
"17-181_4-1O.17",14.86,8,201
"17-181_4-1O.16",14.25,8,202
"17-182_4-1O.12",15.37,8,203
"17-182_4-1O.05",14.89,8,204
"17-182_4-1O.08",15.28,8,205
"17-182_4-1O.11",15.05,8,206
"17-182_4-1O.04",15.82,8,207
"17-182_4-1O.10",14.58,8,208
"17-182_4-1O.07",14.78,8,209
"17-182_4-1O.03",15.53,8,210
"17-182_4-1O.13",14.08,8,211
"17-182_4-1O.06",15.23,8,212
"17-182_4-1O.02",14.29,8,213
"17-181_4-1O.25",14.57,8,214
"17-182_4-1O.01",15.2,8,215
"17-181_4-1O.24",15.35,8,216
"17-181_4-1O.19",14.17,8,217
"17-182_4-1O.20",14.34,8,218
"17-182_4-1O.19",14.09,8,219
"17-182_4-1O.25",12.92,8,220
"17-182_4-1O.17",14.79,8,221
"17-182_4-1O.16",14.68,8,222
"17-182_4-1O.21",14.85,8,223
"17-182_4-1O.14",15.8,8,224
"17-182_4-1O.22",14.96,8,225
"17-182_4-1O.23",15.66,8,226
"17-182_4-1O.18",15.52,8,227
"17-182_4-1O.15",15.13,8,228
"17-182_4-1O.24",15.01,8,229
"17-182_4-1O.09",15.96,8,230
"17-182_1-1O.05",14.57,9,1
"17-182_1-1O.12",14.49,9,2
"17-182_1-1O.07",14.42,9,3
"17-182_1-1O.06",15.4,9,4
"17-182_1-1O.03",14.07,9,5
"17-182_1-1O.14",15.85,9,6
"17-182_1-1O.08",15.52,9,7
"17-182_1-1O.01",14.78,9,8
"17-182_1-1O.09",14.98,9,9
"17-182_1-1O.10",15.27,9,10
"17-182_1-1O.02",14,9,11
"17-182_1-1O.04",13.38,9,12
"17-182_1-1O.21",15.58,9,13
"17-182_1-1O.22",15.51,9,14
"17-182_1-1O.23",14.77,9,15
"17-182_1-1O.18",15.07,9,16
"17-182_1-1O.24",15.59,9,17
"17-182_1-1O.25",14.09,9,18
"17-182_1-1O.13",14.72,9,19
"17-182_1-1O.15",14.84,9,20
"17-182_1-1O.11",15.31,9,21
"17-182_1-1O.17",15.32,9,22
"17-182_1-1O.19",15.34,9,23
"17-182_1-1O.20",15.17,9,24
"17-182_1-1O.16",14.66,9,25
"17-187_2-1O.02",14.95,9,26
"17-184_4O.09",14.07,9,27
"17-184_4O.05",14.62,9,28
"17-184_4O.01",15,9,29
"17-184_4O.08",14.62,9,30
"17-184_4O.07",14.03,9,31
"17-184_4O.06",14.33,9,32
"17-184_4O.10",14.45,9,33
"17-187_2-1O.01",15.29,9,34
"17-184_4O.04",14.31,9,35
"17-184_4O.02",14.55,9,36
"17-184_4O.03",15.79,9,37
"17-187_2-1O.14",14.64,9,38
"17-187_2-1O.07",15.05,9,39
"17-187_2-1O.04",14.97,9,40
"17-187_2-1O.03",15.18,9,41
"17-187_2-1O.08",14.69,9,42
"17-187_2-1O.09",14.32,9,43
"17-187_2-1O.13",14.85,9,44
"17-187_2-1O.06",14.26,9,45
"17-187_2-1O.05",14.97,9,46
"17-187_2-1O.17",14.5,9,47
"17-187_2-1O.11",14.71,9,48
"17-187_2-1O.10",14.91,9,49
"17-187_2-1O.12",15.42,9,50
"17-187_2-1O.22",14.57,9,51
"17-187_2-1O.20",14.28,9,52
"17-187_2-1O.25",14.32,9,53
"17-187_2-1O.23",15.77,9,54
"17-187_2-1O.16",15.42,9,55
"17-187_2-1O.15",14.32,9,56
"17-187_2-1O.24",15,9,57
"17-187_2-1O.19",14.35,9,58
"17-187_2-1O.21",14.51,9,59
"17-187_2-1O.18",14.33,9,60
"17-180_1-1O.02",15.45,9,61
"17-180_1-1O.03",14.16,9,62
"17-180_1-1O.07",15.7,9,63
"17-180_1-1O.04",15.14,9,64
"17-180_1-1O.06",15.7,9,65
"17-180_1-1O.09",14.49,9,66
"17-180_1-1O.01",15.3,9,67
"17-180_1-1O.05",15.5,9,68
"17-180_1-1O.08",15.73,9,69
"17-180_1-1O.11",14.83,9,70
"17-180_1-1O.14",15.69,9,71
"17-180_1-1O.10",14.95,9,72
"17-180_1-1O.18",14.83,9,73
"17-180_1-1O.12",15.52,9,74
"17-180_1-1O.23",14.77,9,75
"17-180_1-1O.17",14.94,9,76
"17-180_1-1O.19",15.52,9,77
"17-180_1-1O.25",14.29,9,78
"17-180_1-1O.16",15.1,9,79
"17-180_1-1O.13",15,9,80
"17-180_1-1O.24",15.29,9,81
"17-180_1-1O.15",14.99,9,82
"17-180_1-1O.20",14.96,9,83
"17-180_1-1O.22",15.9,9,84
"17-180_1-1O.21",15.1,9,85
"17-181_2-2O.06",13.33,9,86
"17-181_2-2O.05",14.86,9,87
"17-181_2-2O.17",15.34,9,88
"17-181_2-2O.04",14.34,9,89
"17-181_2-2O.14",14.24,9,90
"17-181_2-2O.09",14.34,9,91
"17-181_2-2O.07",14.68,9,92
"17-181_2-2O.15",13.39,9,93
"17-181_2-2O.02",15.37,9,94
"17-181_2-2O.03",14.81,9,95
"17-181_2-2O.10",14.51,9,96
"17-181_2-2O.11",14.38,9,97
"17-181_2-2O.01",14.06,9,98
"17-181_2-2O.08",15.78,9,99
"17-181_2-2O.12",13.89,9,100
"17-181_2-2O.13",15.73,9,101
"17-181_2-2O.16",15.42,9,102
"17-181_2-2O.18",14.87,9,103
"17-181_2-2O.25",13.39,9,104
"17-181_2-2O.20",14.31,9,105
"17-181_2-2O.24",14.63,9,106
"17-181_2-2O.19",15.14,9,107
"17-181_2-2O.23",12.63,9,108
"17-181_2-2O.22",13.02,9,109
"17-181_2-2O.21",13.72,9,110
"17-184_2O.10",14.39,9,111
"17-184_2O.08",14.9,9,112
"17-184_2O.07",14.27,9,113
"17-184_2O.04",15.24,9,114
"17-187_3-1O.01",15.22,9,115
"17-184_2O.06",15.53,9,116
"17-184_2O.05",13.89,9,117
"17-184_2O.02",15,9,118
"17-184_2O.03",14.55,9,119
"17-187_3-1O.04",14.21,9,120
"17-184_2O.09",15.72,9,121
"17-184_2O.01",14.88,9,122
"17-187_3-1O.08",15.73,9,123
"17-187_3-1O.09",14.45,9,124
"17-187_3-1O.16",15.63,9,125
"17-187_3-1O.10",15.64,9,126
"17-187_3-1O.14",12.47,9,127
"17-187_3-1O.15",14.36,9,128
"17-187_3-1O.02",14.69,9,129
"17-187_3-1O.11",14.07,9,130
"17-187_3-1O.06",14.33,9,131
"17-187_3-1O.05",14.9,9,132
"17-187_3-1O.03",15.01,9,133
"17-187_3-1O.07",14.79,9,134
"17-187_3-1O.23",15.34,9,135
"17-185_4O.02",15.57,9,136
"17-185_4O.03",14.69,9,137
"17-187_3-1O.24",14.87,9,138
"17-185_4O.01",15.22,9,139
"17-187_3-1O.21",15.18,9,140
"17-187_3-1O.22",15.86,9,141
"17-187_3-1O.17",14.23,9,142
"17-187_3-1O.25",15.94,9,143
"17-187_3-1O.20",14.72,9,144
"17-187_3-1O.18",14.09,9,145
"17-187_3-1O.12",14.55,9,146
"17-187_3-1O.19",14.3,9,147
"17-187_3-1O.13",15.02,9,148
"17-187_4-2O.01",15.34,9,149
"17-187_4-2O.05",15.13,9,150
"17-185_4O.08",14.94,9,151
"17-187_4-2O.03",14.4,9,152
"17-187_4-2O.02",15.06,9,153
"17-187_4-2O.04",15.53,9,154
"17-185_4O.05",14.12,9,155
"17-185_4O.07",15.28,9,156
"17-185_4O.06",14.9,9,157
"17-185_4O.09",14.99,9,158
"17-185_4O.10",15.27,9,159
"17-185_4O.04",15.19,9,160
"17-187_4-2O.06",15.4,9,161
"17-187_4-2O.10",15.76,9,162
"17-187_4-2O.13",15.91,9,163
"17-187_4-2O.07",14.1,9,164
"17-187_4-2O.11",15.08,9,165
"17-187_4-2O.12",15.07,9,166
"17-187_4-2O.08",15.1,9,167
"17-187_4-2O.15",14.53,9,168
"17-187_4-2O.16",14.13,9,169
"17-187_4-2O.09",15.04,9,170
"17-187_4-2O.14",14.04,9,171
"17-187_4-2O.20",15.34,9,172
"17-187_4-2O.19",14.46,9,173
"17-184_3O.05",14.3,9,174
"17-184_3O.10",14.52,9,175
"17-184_3O.06",15.27,9,176
"17-184_3O.09",15.28,9,177
"17-184_3O.07",14.69,9,178
"17-184_3O.08",14.84,9,179
"17-187_4-2O.25",14.79,9,180
"17-187_4-2O.24",14.64,9,181
"17-187_4-2O.22",14.1,9,182
"17-184_3O.03",15.49,9,183
"17-184_3O.01",14.7,9,184
"17-187_4-2O.23",14.05,9,185
"17-187_4-2O.21",14.84,9,186
"17-184_3O.04",14.58,9,187
"17-184_3O.02",14.46,9,188
"17-187_4-2O.18",14.2,9,189
"17-187_4-2O.17",14.51,9,190
"17-181_4-2O.12",15.89,9,191
"17-181_4-2O.08",15.17,9,192
"17-181_4-2O.10",14.13,9,193
"17-181_4-2O.06",14.25,9,194
"17-181_4-2O.11",14.33,9,195
"17-181_4-2O.04",15.69,9,196
"17-181_4-2O.07",15.85,9,197
"17-181_4-2O.02",14.46,9,198
"17-181_4-2O.03",14.87,9,199
"17-181_4-2O.01",14.2,9,200
"17-181_4-2O.05",14.52,9,201
"17-182_3-2O.01",14.1,9,202
"17-181_4-2O.23",14.9,9,203
"17-181_4-2O.20",15.08,9,204
"17-181_4-2O.22",14.11,9,205
"17-181_4-2O.19",15.35,9,206
"17-181_4-2O.21",14.19,9,207
"17-182_3-2O.02",14.65,9,208
"17-181_4-2O.18",15.45,9,209
"17-181_4-2O.17",14.95,9,210
"17-181_4-2O.15",14.42,9,211
"17-181_4-2O.14",15.88,9,212
"17-181_4-2O.09",14.95,9,213
"17-181_4-2O.13",15.08,9,214
"17-181_4-2O.16",15.25,9,215
"17-182_3-2O.15",14.34,9,216
"17-182_3-2O.14",14.39,9,217
"17-182_3-2O.13",14.2,9,218
"17-182_3-2O.16",14.99,9,219
"17-182_3-2O.18",14.96,9,220
"17-182_3-2O.17",14.43,9,221
"17-182_3-2O.06",15.12,9,222
"17-182_3-2O.10",14.96,9,223
"17-182_3-2O.09",14.47,9,224
"17-181_4-2O.24",14.56,9,225
"17-181_4-2O.25",14.75,9,226
"17-182_3-2O.05",14.59,9,227
"17-182_3-2O.07",15.39,9,228
"17-182_3-2O.04",15.78,9,229
"17-182_3-2O.12",15.18,9,230
"17-182_3-2O.03",15,9,231
"17-182_3-2O.11",15.58,9,232
"17-182_3-2O.08",15.31,9,233
"17-181_3-1O.10",14.27,9,234
"17-181_3-1O.09",15.07,9,235
"17-181_3-1O.08",15,9,236
"17-181_3-1O.06",14.95,9,237
"17-181_3-1O.07",15.03,9,238
"17-181_3-1O.05",15.36,9,239
"17-181_3-1O.04",14.81,9,240
"17-182_3-2O.21",14.02,9,241
"17-181_3-1O.02",14.3,9,242
"17-181_3-1O.03",14.85,9,243
"17-182_3-2O.20",15.09,9,244
"17-182_3-2O.19",14.08,9,245
"17-181_3-1O.01",14.78,9,246
"17-181_3-1O.14",14.52,9,247
"17-181_3-1O.23",15.52,9,248
"17-181_3-1O.21",15.44,9,249
"17-181_3-1O.20",14.91,9,250
"17-181_3-1O.16",15.24,9,251
"17-181_3-1O.15",14.76,9,252
"17-181_3-1O.17",14.98,9,253
"17-181_3-1O.11",15.91,9,254
"17-181_3-1O.19",15.65,9,255
"17-181_3-1O.12",14.77,9,256
"17-181_3-1O.22",14.12,9,257
"17-181_3-1O.24",15.15,9,258
"17-181_3-1O.13",16,9,259
"17-181_3-1O.18",15.21,9,260
"17-182_4-2O.04",14.31,9,261
"17-182_4-2O.03",14.92,9,262
"17-181_3-1O.25",14.09,9,263
"17-182_4-2O.05",15.42,9,264
"17-182_4-2O.02",15.13,9,265
"17-182_4-2O.10",15.04,9,266
"17-182_4-2O.01",14.57,9,267
"17-182_4-2O.09",13.47,9,268
"17-182_4-2O.06",14.92,9,269
"17-182_4-2O.08",14.55,9,270
"17-182_4-2O.07",15.52,9,271
"17-182_4-2O.15",14.83,9,272
"17-182_4-2O.18",14.9,9,273
"17-182_4-2O.12",14.04,9,274
"17-182_4-2O.14",15.09,9,275
"17-182_4-2O.13",14.68,9,276
"17-182_4-2O.19",14.36,9,277
"17-182_4-2O.11",14.99,9,278
"17-182_4-2O.23",14.93,9,279
"17-183_3O.01",14.13,9,280
"17-183_3O.05",15.87,9,281
"17-182_4-2O.20",14.39,9,282
"17-183_3O.06",14.34,9,283
"17-182_4-2O.25",15.68,9,284
"17-182_4-2O.21",15.05,9,285
"17-182_4-2O.22",14.64,9,286
"17-183_3O.08",15.51,9,287
"17-183_3O.02",14.35,9,288
"17-183_3O.04",14.67,9,289
"17-183_3O.07",14.97,9,290
"17-183_3O.03",15.82,9,291
"17-182_4-2O.17",15.51,9,292
"17-182_4-2O.16",15.26,9,293
"17-183_3O.10",15.14,9,294
"17-183_3O.09",14.93,9,295
"17-181_2-1O.09",15.54,10,1
"17-181_2-1O.04",14.56,10,2
"17-181_2-1O.02",14.03,10,3
"17-181_2-1O.01",14.65,10,4
"17-181_2-1O.05",15.01,10,5
"17-181_2-1O.08",14.22,10,6
"17-181_2-1O.10",14.27,10,7
"17-181_2-1O.03",14.81,10,8
"17-181_2-1O.07",14.42,10,9
"17-181_2-1O.15",13.14,10,10
"17-181_2-1O.06",14.42,10,11
"17-181_2-1O.14",14.74,10,12
"17-181_2-1O.20",14.64,10,13
"17-181_2-1O.13",14.6,10,14
"17-181_2-1O.24",14.27,10,15
"17-181_2-1O.23",15,10,16
"17-181_2-1O.21",15.39,10,17
"17-181_2-1O.22",14.34,10,18
"17-181_2-1O.19",14.76,10,19
"17-181_2-1O.11",12.86,10,20
"17-181_2-1O.17",14.33,10,21
"17-181_2-1O.25",13.82,10,22
"17-181_2-1O.18",15.34,10,23
"17-181_2-1O.12",15.23,10,24
"17-180_4-2O.02",15.09,10,25
"17-180_4-2O.07",14.77,10,26
"17-180_4-2O.06",15.58,10,27
"17-180_4-2O.03",15.44,10,28
"17-180_4-2O.04",14.06,10,29
"17-180_4-2O.08",15.58,10,30
"17-180_4-2O.11",15.36,10,31
"17-180_4-2O.10",15.87,10,32
"17-181_2-1O.16",15.32,10,33
"17-180_4-2O.01",14.95,10,34
"17-180_4-2O.05",14.03,10,35
"17-180_4-2O.09",14.98,10,36
"17-180_2-2O.02",14.93,10,37
"17-180_2-2O.03",15.68,10,38
"17-180_2-2O.01",14.41,10,39
"17-180_4-2O.19",15.37,10,40
"17-180_4-2O.21",14.65,10,41
"17-180_4-2O.20",14.82,10,42
"17-180_4-2O.18",14.29,10,43
"17-180_4-2O.14",15.91,10,44
"17-180_4-2O.13",14.93,10,45
"17-180_4-2O.12",15.26,10,46
"17-180_4-2O.17",14.59,10,47
"17-180_4-2O.15",15.23,10,48
"17-180_4-2O.16",15.77,10,49
"17-180_2-2O.14",14.2,10,50
"17-180_2-2O.15",15.53,10,51
"17-180_2-2O.12",14.72,10,52
"17-180_2-2O.11",15.66,10,53
"17-180_2-2O.06",14.2,10,54
"17-180_2-2O.07",14.11,10,55
"17-180_2-2O.13",15.38,10,56
"17-180_2-2O.08",14.82,10,57
"17-180_2-2O.16",15.93,10,58
"17-180_2-2O.17",15.4,10,59
"17-180_2-2O.04",15.7,10,60
"17-180_2-2O.05",14.39,10,61
"17-180_2-2O.09",14.46,10,62
"17-180_2-2O.10",14.86,10,63
"17-181_1-2O.02",15.06,10,64
"17-181_1-2O.01",14.12,10,65
"17-180_2-2O.25",14.88,10,66
"17-180_2-2O.23",15.45,10,67
"17-180_2-2O.21",14.76,10,68
"17-180_2-2O.24",14.3,10,69
"17-180_2-2O.19",15.61,10,70
"17-180_2-2O.22",14.41,10,71
"17-181_1-2O.03",15.45,10,72
"17-181_1-2O.04",14.03,10,73
"17-180_2-2O.20",15.62,10,74
"17-180_2-2O.18",14.65,10,75
"17-181_1-2O.08",15.73,10,76
"17-181_1-2O.07",15.19,10,77
"17-181_1-2O.12",15.8,10,78
"17-181_1-2O.13",14.51,10,79
"17-181_1-2O.11",14.75,10,80
"17-181_1-2O.14",14.74,10,81
"17-181_1-2O.05",15.59,10,82
"17-181_1-2O.10",14.87,10,83
"17-181_1-2O.15",15.02,10,84
"17-181_1-2O.06",14.06,10,85
"17-181_1-2O.09",15.69,10,86
"17-181_1-2O.17",14.44,10,87
"17-181_1-2O.23",15.85,10,88
"17-181_1-2O.19",15.18,10,89
"17-181_1-2O.18",15.15,10,90
"17-181_1-2O.24",15.49,10,91
"17-181_1-2O.21",13.58,10,92
"17-181_1-2O.16",15.53,10,93
"17-181_1-2O.20",13.31,10,94
"17-181_1-2O.25",14.75,10,95
"17-181_1-2O.22",13.94,10,96
"17-187_1-2O.19",14.13,10,97
"17-187_1-2O.15",15.55,10,98
"17-187_1-2O.14",15.12,10,99
"17-187_1-2O.13",14.09,10,100
"17-187_1-2O.17",15.3,10,101
"17-187_1-2O.18",15.7,10,102
"17-187_1-2O.12",14.87,10,103
"17-187_1-2O.11",15.93,10,104
"17-187_1-2O.08",14.57,10,105
"17-187_1-2O.10",15.21,10,106
"17-187_1-2O.09",14.82,10,107
"17-187_1-2O.16",15.08,10,108
"17-187_1-2O.06",15.24,10,109
"17-187_1-2O.07",15.18,10,110
"17-187_1-2O.05",15.13,10,111
"17-187_1-2O.04",15.43,10,112
"17-187_1-2O.01",15.93,10,113
"17-187_1-2O.02",14.64,10,114
"17-187_1-2O.03",15.24,10,115
"17-180_3-2O.07",15.05,10,116
"17-180_3-2O.06",15.81,10,117
"17-187_1-2O.22",13.99,10,118
"17-187_1-2O.25",15.04,10,119
"17-187_1-2O.21",15.61,10,120
"17-187_1-2O.20",14.33,10,121
"17-180_3-2O.04",15.08,10,122
"17-187_1-2O.24",14.7,10,123
"17-180_3-2O.02",14.79,10,124
"17-187_1-2O.23",14.38,10,125
"17-180_3-2O.01",15.11,10,126
"17-180_3-2O.03",15.28,10,127
"17-180_3-2O.05",15.47,10,128
"17-180_3-2O.08",15.36,10,129
"17-185_2O.02",15.67,10,130
"17-180_3-2O.21",15.6,10,131
"17-180_3-2O.22",14.58,10,132
"17-180_3-2O.25",15.46,10,133
"17-180_3-2O.11",14.47,10,134
"17-180_3-2O.18",15.43,10,135
"17-185_2O.01",14.98,10,136
"17-180_3-2O.19",14.07,10,137
"17-180_3-2O.20",14.23,10,138
"17-180_3-2O.24",14.6,10,139
"17-180_3-2O.16",14.96,10,140
"17-180_3-2O.15",15.39,10,141
"17-180_3-2O.23",15.01,10,142
"17-180_3-2O.17",14.67,10,143
"17-180_3-2O.12",14.66,10,144
"17-180_3-2O.14",14.72,10,145
"17-180_3-2O.10",14.27,10,146
"17-180_3-2O.09",15.12,10,147
"17-180_3-2O.13",14.79,10,148
"17-185_2O.09",15.44,10,149
"17-185_2O.07",14.86,10,150
"17-185_2O.05",15.5,10,151
"17-185_2O.08",15.98,10,152
"17-185_2O.10",15.13,10,153
"17-185_2O.03",15.45,10,154
"17-185_2O.06",14.35,10,155
"17-183_4O.02",15.52,10,156
"17-185_2O.04",15.7,10,157
"17-183_4O.03",14.92,10,158
"17-183_4O.04",15.37,10,159
"17-183_4O.07",15.84,10,160
"17-183_4O.05",14.47,10,161
"17-183_4O.06",15.28,10,162
"17-183_4O.01",15.35,10,163
"17-183_4O.08",14.66,10,164
"17-182_1-2O.13",15.85,10,165
"17-182_1-2O.08",16.14,10,166
"17-182_1-2O.09",15.42,10,167
"17-182_1-2O.05",14.08,10,168
"17-182_1-2O.12",14.2,10,169
"17-182_1-2O.14",16.01,10,170
"17-182_1-2O.11",14.85,10,171
"17-182_1-2O.02",15.19,10,172
"17-182_1-2O.06",15.92,10,173
"17-182_1-2O.10",15.02,10,174
"17-182_1-2O.07",14.05,10,175
"17-182_1-2O.03",15.22,10,176
"17-182_1-2O.04",14.95,10,177
"17-182_1-2O.01",14.23,10,178
"17-183_4O.10",15.69,10,179
"17-183_4O.09",15.17,10,180
"17-180_3-1O.02",14.19,10,181
"17-182_1-2O.17",15.99,10,182
"17-182_1-2O.18",14.81,10,183
"17-180_3-1O.01",14.16,10,184
"17-182_1-2O.16",15.92,10,185
"17-182_1-2O.15",14.92,10,186
"17-180_3-1O.03",15.65,10,187
"17-182_1-2O.20",14.94,10,188
"17-182_1-2O.19",15.04,10,189
"17-182_1-2O.21",15.09,10,190
"17-182_1-2O.22",14.43,10,191
"17-182_1-2O.24",14.29,10,192
"17-182_1-2O.23",15.85,10,193
"17-182_1-2O.25",14.4,10,194
"17-180_3-1O.04",15.92,10,195
"17-180_3-1O.20",14.64,10,196
"17-180_3-1O.12",16,10,197
"17-180_3-1O.18",14.95,10,198
"17-180_3-1O.15",12.83,10,199
"17-180_3-1O.19",15.71,10,200
"17-180_3-1O.17",14.02,10,201
"17-180_3-1O.16",15,10,202
"17-180_3-1O.10",14.84,10,203
"17-180_3-1O.07",14.52,10,204
"17-180_3-1O.08",13.75,10,205
"17-180_3-1O.06",14.68,10,206
"17-180_3-1O.05",15.23,10,207
"17-180_3-1O.09",15.24,10,208
"17-180_3-1O.14",14.6,10,209
"17-180_3-1O.13",14.16,10,210
"17-180_3-1O.21",15.14,10,211
"17-180_3-1O.11",14.82,10,212
"17-182_2-2O.07",14.91,10,213
"17-182_2-2O.02",15.63,10,214
"17-182_2-2O.09",15.08,10,215
"17-182_2-2O.01",14.87,10,216
"17-182_2-2O.04",14.04,10,217
"17-182_2-2O.03",14.22,10,218
"17-180_3-1O.25",13.9,10,219
"17-182_2-2O.05",14.89,10,220
"17-182_2-2O.10",15.55,10,221
"17-180_3-1O.24",15.71,10,222
"17-180_3-1O.23",15.24,10,223
"17-182_2-2O.08",15.62,10,224
"17-182_2-2O.06",14.7,10,225
"17-180_3-1O.22",15.93,10,226
"17-185_1O.04",14.41,10,227
"17-185_1O.03",14.79,10,228
"17-185_1O.05",15.52,10,229
"17-182_2-2O.16",14.79,10,230
"17-182_2-2O.11",15.48,10,231
"17-182_2-2O.12",14.12,10,232
"17-185_1O.06",14.97,10,233
"17-182_2-2O.20",15.22,10,234
"17-182_2-2O.13",14.35,10,235
"17-182_2-2O.14",14.5,10,236
"17-185_1O.07",15.9,10,237
"17-182_2-2O.15",15.29,10,238
"17-182_2-2O.19",15.21,10,239
"17-182_2-2O.18",15.63,10,240
"17-182_2-2O.17",14.69,10,241
"17-182_2-2O.22",15.94,10,242
"17-182_2-2O.21",15.39,10,243
"17-182_2-2O.25",14.14,10,244
"17-185_1O.10",15.41,10,245
"17-185_1O.01",14.67,10,246
"17-184_1O.06",15.74,10,247
"17-185_1O.09",14.89,10,248
"17-185_1O.02",14.79,10,249
"17-182_2-2O.24",15.86,10,250
"17-184_1O.09",14.7,10,251
"17-184_1O.07",15.02,10,252
"17-184_1O.01",15.15,10,253
"17-182_2-2O.23",14.39,10,254
"17-184_1O.08",13.92,10,255
"17-185_1O.08",14.73,10,256
"17-184_1O.10",15.57,10,257
"17-184_1O.05",15.18,10,258
"17-184_1O.02",15.91,10,259
"17-187_2-2O.15",15.15,10,260
"17-187_2-2O.08",14.24,10,261
"17-187_2-2O.12",15.79,10,262
"17-187_2-2O.13",15.43,10,263
"17-187_2-2O.07",15.07,10,264
"17-184_1O.03",15.14,10,265
"17-184_1O.04",14.07,10,266
"17-187_2-2O.06",15.27,10,267
"17-187_2-2O.11",14.93,10,268
"17-187_2-2O.10",15.48,10,269
"17-187_2-2O.05",14.15,10,270
"17-187_2-2O.14",14.35,10,271
"17-187_2-2O.09",15.05,10,272
"17-187_2-2O.24",15.38,10,273
"17-187_2-2O.23",15.36,10,274
"17-187_2-2O.25",14.84,10,275
"17-187_2-2O.21",14.5,10,276
"17-187_2-2O.22",15.58,10,277
"17-187_2-2O.18",15.17,10,278
"17-187_2-2O.19",14.95,10,279
"17-187_2-2O.20",14.47,10,280
"17-187_2-2O.17",15.75,10,281
"17-187_2-2O.03",14.33,10,282
"17-187_2-2O.16",14.34,10,283
"17-187_2-2O.04",14.27,10,284
"17-187_2-2O.02",14.58,10,285
"17-187_2-2O.01",NA,10,286
"17-181_3-2O.22",14.08,11,1
"17-181_3-2O.24",15.19,11,2
"17-181_3-2O.03",15.06,11,3
"17-181_3-2O.02",15.13,11,4
"17-181_3-2O.23",14.2,11,5
"17-181_3-2O.25",14.41,11,6
"17-181_3-2O.01",14.55,11,7
"17-181_3-2O.20",14.46,11,8
"17-181_3-2O.21",14.47,11,9
"17-181_3-2O.18",14.01,11,10
"17-181_3-2O.16",15.84,11,11
"17-181_3-2O.17",15.81,11,12
"17-181_3-2O.14",14.9,11,13
"17-181_3-2O.15",14.04,11,14
"17-181_3-2O.04",13.71,11,15
"17-181_3-2O.05",14.77,11,16
"17-181_3-2O.19",15.83,11,17
"17-181_3-2O.06",14.01,11,18
"17-181_3-2O.10",15.42,11,19
"17-181_3-2O.09",13.9,11,20
"17-181_3-2O.08",15.86,11,21
"17-181_3-2O.13",14.81,11,22
"17-181_3-2O.12",14.15,11,23
"17-181_3-2O.07",13.39,11,24
"17-181_1-1O.03",14.5,11,25
"17-181_1-1O.04",14.94,11,26
"17-181_1-1O.05",14.48,11,27
"17-181_1-1O.02",14.87,11,28
"17-181_3-2O.11",15.77,11,29
"17-181_1-1O.01",14.9,11,30
"17-181_1-1O.21",15.87,11,31
"17-181_1-1O.11",14.41,11,32
"17-181_1-1O.15",15.39,11,33
"17-181_1-1O.12",14.76,11,34
"17-181_1-1O.16",14.69,11,35
"17-181_1-1O.17",15.73,11,36
"17-181_1-1O.07",14.98,11,37
"17-181_1-1O.13",14.3,11,38
"17-181_1-1O.08",15.25,11,39
"17-181_1-1O.10",15.22,11,40
"17-181_1-1O.18",14.42,11,41
"17-181_1-1O.19",15.41,11,42
"17-181_1-1O.09",15.56,11,43
"17-181_1-1O.14",15.77,11,44
"17-181_1-1O.06",14.39,11,45
"17-181_1-1O.20",15.2,11,46
"17-181_1-1O.22",15.3,11,47
"17-181_1-1O.23",15.96,11,48
"17-182_3-2E2.01",14.64,11,49
"17-181_1-1O.24",15.97,11,50
"17-182_3-2E2.02",15.57,11,51
"17-182_3-2E1.01",15.37,11,52
"17-182_3-2E1.02",14.62,11,53
"17-181_1-1O.25",15.11,11,54
"17-182_3-2E2.03",15.69,11,55
"17-182_3-2E1.03",14.02,11,56
"17-182_3-2E3.01",15.97,11,57
"17-182_3-2E6.01",14.27,11,58
"17-182_3-2E6.02",14.01,11,59
"17-182_3-2E3.02",14.3,11,60
"17-182_3-2E7.01",14.7,11,61
"17-182_3-2E7.02",15.35,11,62
"17-182_2-2E7.02",14.25,12,1
"17-182_2-2E6.01",14.2,12,2
"17-182_2-2E6.02",14.71,12,3
"17-182_3-2E4.01",14.72,12,4
"17-182_2-2E7.01",14.08,12,5
"17-182_3-2E5.01",15.37,12,6
"17-182_2-2E5.01",14.23,12,7
"17-182_3-2E4.02",14.44,12,8
"17-182_3-2E5.02",14.99,12,9
"17-182_2-2E5.02",16.2,12,10
"17-182_2-2E7.03",15.01,12,11
"17-182_2-2E4.01",15.71,12,12
"17-182_2-2E4.03",13.88,12,13
"17-182_2-2E3.01",14.73,12,14
"17-182_2-2E5.03",14.54,12,15
"17-182_2-2E3.02",14.95,12,16
"17-182_2-2E4.02",14.15,12,17
"17-182_2-2E1.01",12.49,12,18
"17-182_4-1E2.01",10.76,12,19
"17-182_2-2E1.02",13.77,12,20
"17-182_2-2E2.01",11.83,12,21
"17-182_2-2E2.02",12.95,12,22
"17-182_2-2E1.03",13.99,12,23
"17-182_4-1E7.01",12.55,12,24
"17-182_4-1E4.03",13.57,12,25
"17-182_4-1E4.02",14.07,12,26
"17-182_4-1E4.01",12.9,12,27
"17-182_4-1E7.02",14.3,12,28
"17-182_4-1E5.02",14.4,12,29
"17-182_4-1E5.01",15.85,12,30
"17-180_3-1E7.03",14.65,12,31
"17-182_4-1E3.02",14.56,12,32
"17-180_3-1E5.01",14.18,12,33
"17-180_3-1E7.02",14.42,12,34
"17-182_4-1E1.02",15.36,12,35
"17-182_4-1E1.01",15.82,12,36
"17-182_4-1E3.01",12.43,12,37
"17-182_4-1E2.03",14.18,12,38
"17-182_4-1E2.02",15.93,12,39
"17-180_3-1E5.02",15.38,12,40
"17-180_3-1E5.03",15.46,12,41
"17-180_3-1E7.01",15.47,12,42
"17-180_3-1E8.01",15.44,12,43
"17-180_3-1E8.02",14.47,12,44
"17-180_3-1E8.03",14.71,12,45
"17-182_4-1E6.02",15.63,12,46
"17-180_2-1E6.01",14,12,47
"17-180_2-1E6.02",15.5,12,48
"17-180_2-1E7.02",14.5,12,49
"17-180_3-1E4.03",14.43,12,50
"17-180_3-1E4.02",14.59,12,51
"17-180_3-1E6.01",16.01,12,52
"17-180_3-1E3.01",14.05,12,53
"17-180_3-1E2.02",15.61,12,54
"17-180_3-1E4.01",14.05,12,55
"17-180_3-1E2.01",15.08,12,56
"17-180_3-1E2.03",14.38,12,57
"17-180_3-1E6.03",15.09,12,58
"17-180_3-1E6.02",15.15,12,59
"17-180_3-1E1.01",15.12,12,60
"17-180_3-1E3.03",14.79,12,61
"17-180_3-1E3.02",15.48,12,62
"17-180_3-1E1.02",15.91,12,63
"17-180_2-1E7.01",15.24,12,64
"17-180_2-1E1.02",14.15,12,65
"17-180_2-1E2.03",15.15,12,66
"17-180_2-1E3.01",14.72,12,67
"17-180_2-1E7.03",15.26,12,68
"17-180_2-1E6.03",15.08,12,69
"17-180_2-1E5.01",15.13,12,70
"17-180_2-1E5.02",14.15,12,71
"17-180_2-1E4.03",15.21,12,72
"17-180_2-1E4.02",14.87,12,73
"17-180_2-1E2.02",15.77,12,74
"17-182_2-1E7.02",15.6,12,75
"17-182_2-1E7.01",15.27,12,76
"17-180_2-1E3.03",14.35,12,77
"17-180_2-1E1.01",14.96,12,78
"17-180_2-1E4.01",15.17,12,79
"17-180_2-1E2.01",14.12,12,80
"17-180_2-1E1.03",14.24,12,81
"17-182_2-1E3.01",15.02,12,82
"17-182_2-1E4.02",14.68,12,83
"17-182_2-1E4.01",14.51,12,84
"17-182_2-1E5.01",15.41,12,85
"17-182_2-1E6.01",15.76,12,86
"17-182_2-1E3.02",14.01,12,87
"17-182_2-1E3.03",15.11,12,88
"17-182_2-1E2.01",14.53,12,89
"17-182_2-1E2.02",14.93,12,90
"17-182_2-1E1.02",14,12,91
"17-182_2-1E1.03",14.03,12,92
"17-182_2-1E1.01",14.22,12,93
"17-182_2-1E2.03",15.78,12,94
"17-183_3E2.01",14.25,12,95
"17-183_3E2.02",15.89,12,96
"17-183_3E3.01",14.04,12,97
"17-183_3E4.02",15.39,12,98
"17-183_3E1.02",14.07,12,99
"17-183_3E4.01",15.37,12,100
"17-183_3E5.02",15.45,12,101
"17-183_3E1.01",14.13,12,102
"17-183_3E5.01",14.63,12,103
"17-183_3E3.02",15.51,12,104
"17-181_4-2E3.03",14.22,16,1
"17-181_4-2E5.01",14.99,16,2
"17-181_4-2E4.02",14.72,16,3
"17-181_4-2E4.03",15.08,16,4
"17-181_4-2E3.01",14.99,16,5
"17-181_4-2E5.02",15.24,16,6
"17-181_4-2E7.01",14.83,16,7
"17-181_4-2E3.02",14.27,16,8
"17-181_4-2E7.02",14.66,16,9
"17-181_4-2E4.01",15.01,16,10
"17-181_1-1E8.03",15.11,16,11
"17-181_4-2E2.02",14.04,16,12
"17-181_4-2E1.03",15.18,16,13
"17-181_4-2E6.02",15.13,16,14
"17-181_1-1E6.01",15.33,16,15
"17-181_1-1E8.02",15.37,16,16
"17-181_4-2E6.01",14.42,16,17
"17-181_4-2E1.02",15.84,16,18
"17-181_4-2E2.01",15,16,19
"17-181_1-1E4.02",14.01,16,20
"17-181_4-2E5.03",15.86,16,21
"17-181_4-2E1.01",15.02,16,22
"17-181_1-1E4.01",15.22,16,23
"17-181_1-1E8.01",15.23,16,24
"17-181_1-1E7.01",15.57,16,25
"17-180_1-2E8.01",14.7,16,26
"17-180_1-2E7.02",14.85,16,27
"17-180_1-2E8.02",14.15,16,28
"17-180_1-2E7.01",15.42,16,29
"17-180_1-2E8.03",15.22,16,30
"17-181_1-1E5.03",15.15,16,31
"17-181_1-1E5.02",14.83,16,32
"17-181_1-1E1.02",14.8,16,33
"17-181_1-1E1.01",14.79,16,34
"17-181_1-1E2.01",15.26,16,35
"17-181_1-1E1.03",14.29,16,36
"17-181_1-1E2.02",15.78,16,37
"17-181_1-1E3.01",14.59,16,38
"17-180_1-2E7.03",15.13,16,39
"17-181_1-1E5.01",14.15,16,40
"17-181_1-1E3.02",14.67,16,41
"17-181_1-1E3.03",15.23,16,42
"17-180_1-2E1.01",15.59,16,43
"17-180_1-2E2.03",15.22,16,44
"17-180_1-2E1.02",14.95,16,45
"17-180_1-2E3.01",15.53,16,46
"17-180_1-2E4.01",15.01,16,47
"17-180_1-2E6.03",15.56,16,48
"17-180_1-2E6.02",15.53,16,49
"17-180_1-2E6.01",14.62,16,50
"17-180_1-2E2.01",15.54,16,51
"17-180_1-2E5.01",14.92,16,52
"17-180_1-2E3.03",14.88,16,53
"17-180_1-2E3.02",14.58,16,54
"17-180_1-2E2.02",14.36,16,55
"17-180_1-2E1.03",15.87,16,56
"17-184_2-1E1.01",14.1,16,57
"17-184_2-1E4.02",15.88,16,58
"17-184_2-1E2.02",14.88,16,59
"17-184_1E5.01",15.05,16,60
"17-184_2-1E2.01",15.02,16,61
"17-184_2-1E4.01",15.95,16,62
"17-184_1E3.01",14.6,16,63
"17-184_1E2.02",15.19,16,64
"17-184_1E5.02",15.18,16,65
"17-184_1E3.02",14.38,16,66
"17-184_1E4.01",15.79,16,67
"17-184_1E1.01",15.73,16,68
"17-184_2-1E3.01",14.17,16,69
"17-184_1E2.01",15.15,16,70
"17-184_2-1E1.02",15.72,16,71
"17-184_1E1.02",15.23,16,72
"17-184_2-1E3.02",15,16,73
"17-181_4-1E7.01",14.98,16,74
"17-181_4-1E2.01",15.62,16,75
"17-181_4-1E4.01",14.35,16,76
"17-181_4-1E1.01",15.32,16,77
"17-181_4-1E6.03",15.31,16,78
"17-181_4-1E1.02",15.04,16,79
"17-181_4-1E2.02",15.09,16,80
"17-181_4-1E5.03",14.75,16,81
"17-181_4-1E3.03",13.84,16,82
"17-181_4-1E3.01",14.59,16,83
"17-181_4-1E5.02",14.17,16,84
"17-181_4-1E5.01",15.13,16,85
"17-181_4-1E3.02",12.92,16,86
"17-181_4-1E6.02",15.17,16,87
"17-181_4-1E8.03",14.3,16,88
"17-181_4-1E6.01",15.76,16,89
"17-181_4-1E7.02",15.21,16,90
"17-181_4-1E8.02",15.37,16,91
"17-181_4-1E8.01",15.41,16,92
"17-181_2-2E8.03",15.01,16,93
"17-181_2-2E8.01",14.61,16,94
"17-181_2-2E8.02",14.05,16,95
"17-181_2-2E7.01",14.93,16,96
"17-181_2-2E7.02",14.79,16,97
"17-181_2-2E7.03",14.7,16,98
"17-181_2-2E6.01",14.74,16,99
"17-181_2-2E6.02",15.33,16,100
"17-181_2-2E5.01",14.35,16,101
"17-181_2-2E6.03",15.43,16,102
"17-181_2-2E5.03",15.3,16,103
"17-181_2-2E4.03",14.02,16,104
"17-181_2-2E4.01",14.93,16,105
"17-181_2-2E4.02",15.48,16,106
"17-181_2-2E5.02",14.6,16,107
"17-181_2-2E1.02",14.33,16,108
"17-181_2-2E3.02",15.24,16,109
"17-181_2-2E1.01",15.81,16,110
"17-181_2-2E3.03",15.66,16,111
"17-181_2-2E2.02",14.46,16,112
"17-181_2-2E3.01",14.52,16,113
"17-181_2-2E2.03",14.93,16,114
"17-181_2-2E2.01",15.09,16,115
"17-181_2-2E1.03",14.62,16,116
"17-180_4-1E1.03",14.94,16,117
"17-180_4-1E1.02",14.37,16,118
"17-180_4-1E1.01",14.19,16,119
"17-180_4-1E2.02",14.41,16,120
"17-180_4-1E2.03",14.01,16,121
"17-180_4-1E5.01",14.28,16,122
"17-180_4-1E5.02",15.27,16,123
"17-180_4-1E4.03",15.13,16,124
"17-180_4-1E3.03",14.47,16,125
"17-180_4-1E6.01",14.19,16,126
"17-180_4-1E2.01",14.73,16,127
"17-180_4-1E3.01",15.8,16,128
"17-180_4-1E3.02",14.19,16,129
"17-180_4-1E4.01",14.18,16,130
"17-180_4-1E4.02",15.76,16,131
"17-182_1-1E3.01",14.85,16,132
"17-182_1-1E2.03",15.76,16,133
"17-182_1-1E2.02",15.42,16,134
"17-182_1-1E1.01",14.58,16,135
"17-180_4-1E8.01",14.84,16,136
"17-180_4-1E6.03",15.43,16,137
"17-180_4-1E8.03",14.83,16,138
"17-182_1-1E3.03",14.87,16,139
"17-180_4-1E6.02",14.15,16,140
"17-180_4-1E7.01",14.21,16,141
"17-182_1-1E3.02",15.5,16,142
"17-180_4-1E8.02",15.47,16,143
"17-180_4-1E7.02",14.34,16,144
"17-182_1-1E2.01",14.76,16,145
"17-180_4-1E7.03",14.52,16,146
"17-180_4-2E2.01",15.57,16,147
"17-182_1-1E5.03",14.15,16,148
"17-180_4-2E3.01",15.2,16,149
"17-180_4-2E3.02",15.69,16,150
"17-182_1-1E5.01",15.58,16,151
"17-182_1-1E6.01",14.29,16,152
"17-182_1-1E5.02",14.99,16,153
"17-182_1-1E6.02",14.77,16,154
"17-182_1-1E4.02",15.73,16,155
"17-182_1-1E4.01",14.85,16,156
"17-180_4-2E4.01",15.02,16,157
"17-180_4-2E5.01",14.37,16,158
"17-182_1-1E4.03",14.41,16,159
"17-180_4-2E4.02",14.67,16,160
"17-180_4-2E1.01",14.89,16,161
"17-183_4-1E2.02",14.99,16,162
"17-183_4-1E1.01",14.2,16,163
"17-183_4-1E3.01",12.77,16,164
"17-180_4-2E2.02",14.52,16,165
"17-183_4-1E2.01",14.33,16,166
"17-183_4-1E3.02",13.66,16,167
"17-181_1-2E8.01",15.72,16,168
"17-183_4E5.02",15.08,16,169
"17-183_4E5.01",15.33,16,170
"17-183_4-1E1.02",14.85,16,171
"17-183_4-1E4.01",15.1,16,172
"17-183_4-1E1.03",14.91,16,173
"17-183_4-1E4.02",14.73,16,174
"17-181_1-2E7.01",14.93,16,175
"17-181_1-2E8.03",14.28,16,176
"17-181_1-2E8.02",15.36,16,177
"17-181_1-2E6.01",15.44,16,178
"17-181_1-2E6.02",15.05,16,179
"17-181_1-2E7.03",14.31,16,180
"17-181_1-2E7.02",14.79,16,181
"17-181_1-2E4.03",14.23,16,182
"17-181_1-2E5.02",15.63,16,183
"17-181_1-2E4.02",16.01,16,184
"17-181_1-2E3.03",14.52,16,185
"17-181_1-2E5.01",15.64,16,186
"17-181_1-2E4.01",15.95,16,187
"17-181_1-2E5.03",15.85,16,188
"17-181_1-2E3.02",15.81,16,189
"17-181_1-2E3.01",15.92,16,190
"17-181_1-2E2.03",15.91,16,191
"17-181_1-2E2.01",14.54,16,192
"17-181_1-2E2.02",15.69,16,193
"17-181_1-2E1.02",15.78,16,194
"17-183_2E4.01",14.45,16,195
"17-183_2E3.01",15.23,16,196
"17-181_1-2E1.03",14.93,16,197
"17-183_2E2.02",13,16,198
"17-183_2E2.01",15.11,16,199
"17-183_2E1.03",14.99,16,200
"17-183_2E1.02",15.88,16,201
"17-183_2E1.01",14.26,16,202
"17-183_2E2.03",14.83,16,203
"17-181_1-2E1.01",14.2,16,204
"17-183_2E3.02",12.3,16,205
"17-181_2-1E6.02",15.42,16,206
"17-181_2-1E1.01",15.92,16,207
"17-181_2-1E2.01",14.74,16,208
"17-181_2-1E3.02",14.06,16,209
"17-181_2-1E4.01",15.59,16,210
"17-181_2-1E1.02",15.41,16,211
"17-181_2-1E3.01",14.74,16,212
"17-181_2-1E6.03",15.48,16,213
"17-181_2-1E6.01",14.65,16,214
"17-181_2-1E5.01",15.6,16,215
"17-181_3-2E2.01",15.08,16,216
"17-181_3-2E2.02",14.11,16,217
"17-181_3-2E2.03",15.52,16,218
"17-181_3-2E1.03",14.5,16,219
"17-181_3-2E3.02",14.17,16,220
"17-181_3-2E1.01",15.97,16,221
"17-181_3-2E3.01",15.18,16,222
"17-181_3-2E1.02",14.63,16,223
"17-181_3-2E3.03",14.21,16,224
"17-181_3-2E8.02",15.25,16,225
"17-181_3-2E5.01",15.02,16,226
"17-181_3-2E4.03",14.76,16,227
"17-181_3-2E7.01",15.5,16,228
"17-181_3-2E8.03",15.98,16,229
"17-181_3-2E5.03",14.51,16,230
"17-181_3-2E7.02",15.91,16,231
"17-181_3-2E6.01",15.76,16,232
"17-181_3-2E8.01",15.15,16,233
"17-181_3-2E4.02",14.65,16,234
"17-181_3-2E7.03",15.34,16,235
"17-181_3-2E4.01",14.07,16,236
"17-181_3-2E5.02",14.02,16,237
"17-181_3-2E6.02",14.34,16,238
"17-185_3E1.02",14.46,16,239
"17-185_3E5.01",14.57,16,240
"17-185_3E1.01",16.02,16,241
"17-185_3E4.02",15.84,16,242
"17-185_3E2.01",15.32,16,243
"17-185_3E4.01",15.16,16,244
"17-183_1E1.01",14.65,16,245
"17-185_3E5.02",15.16,16,246
"17-185_3E2.02",15.45,16,247
"17-185_3E3.01",14.72,16,248
"17-185_3E3.02",15.25,16,249
"17-183_1E2.02",14.25,16,250
"17-183_1E3.01",15.55,16,251
"17-183_1E1.02",15.24,16,252
"17-183_1E3.02",15.92,16,253
"17-183_1E2.01",14.3,16,254
"17-182_3-1E6.02",15.78,16,255
"17-182_3-1E6.01",14.27,16,256
"17-182_3-1E7.03",14.1,16,257
"17-182_3-1E7.01",15.01,16,258
"17-182_3-1E7.02",14.68,16,259
"17-182_3-1E5.03",15.01,16,260
"17-182_3-1E5.01",15.28,16,261
"17-182_3-1E5.02",14.36,16,262
"17-182_3-1E3.03",14.24,16,263
"17-182_3-1E3.01",15.08,16,264
"17-182_3-1E3.02",15.9,16,265
"17-185_2E1.02",14.71,17,1
"17-185_2E2.01",14.66,17,2
"17-185_2E2.02",15.07,17,3
"17-185_2E3.02",14.67,17,4
"17-185_2E4.02",15,17,5
"17-185_2E4.01",15.04,17,6
"17-185_2E3.01",14.31,17,7
"17-185_2E5.02",14.49,17,8
"17-185_2E1.01",15.22,17,9
"17-185_2E5.01",14.63,17,10
"17-182_4-2E7.03",14.38,17,11
"17-182_4-2E1.01",14.95,17,12
"17-182_4-2E7.02",15.12,17,13
"17-182_4-2E7.01",14.38,17,14
"17-182_4-2E1.02",14.8,17,15
"17-182_4-2E6.01",4.28,17,16
"17-182_4-2E2.02",14.69,17,17
"17-182_4-2E2.01",13.37,17,18
"17-182_4-2E4.01",14.75,17,19
"17-182_4-2E4.02",14.67,17,20
"17-182_4-2E4.03",15.34,17,21
"17-182_4-2E3.01",11.39,17,22
"17-182_4-2E5.01",15.26,17,23
"17-182_4-2E5.02",14.04,17,24
"17-182_4-2E3.02",14,17,25
"17-182_4-2E5.03",14.11,17,26
"17-182_3-1E2.03",15.13,17,27
"17-182_3-1E2.02",15.68,17,28
"17-182_3-1E2.01",15.28,17,29
"17-184_4E5.02",14.88,17,30
"17-184_4E3.01",15.61,17,31
"17-184_4E1.01",15.22,17,32
"17-184_4E1.02",14.55,17,33
"17-184_4E5.01",15.39,17,34
"17-184_4E4.02",14.61,17,35
"17-184_4E4.01",14.23,17,36
"17-184_4E2.02",15.39,17,37
"17-184_4E2.01",14.45,17,38
"17-180_1-1E5.02",14.31,17,39
"17-180_1-1E7.03",15.03,17,40
"17-180_1-1E7.01",14.57,17,41
"17-180_1-1E7.02",15.81,17,42
"17-180_1-1E8.02",15.75,17,43
"17-180_1-1E8.01",15.31,17,44
"17-182_3-1E1.03",15.43,17,45
"17-182_3-1E1.02",14.94,17,46
"17-182_3-1E1.01",15.05,17,47
"17-182_3-1E4.03",15.56,17,48
"17-182_3-1E4.02",15.43,17,49
"17-182_3-1E4.01",14.84,17,50
"17-180_1-1E3.03",14.54,17,51
"17-180_1-1E1.01",14.88,17,52
"17-180_1-1E3.01",14.93,17,53
"17-180_1-1E1.03",14.05,17,54
"17-180_1-1E2.01",15.54,17,55
"17-180_1-1E6.02",14.44,17,56
"17-180_1-1E4.02",14.86,17,57
"17-180_1-1E2.02",14.47,17,58
"17-180_1-1E1.02",14.99,17,59
"17-180_1-1E5.03",14.53,17,60
"17-180_1-1E3.02",14.01,17,61
"17-180_1-1E6.03",14.53,17,62
"17-180_1-1E4.03",14.57,17,63
"17-180_1-1E2.03",15.33,17,64
"17-180_1-1E4.01",14.89,17,65
"17-180_1-1E6.01",14.99,17,66
"17-180_1-1E5.01",12.76,17,67
"17-181_3-1E8.01",15.61,17,68
"17-181_3-1E3.03",15.72,17,69
"17-181_3-1E3.01",15.99,17,70
"17-185_1E1.01",15.27,17,71
"17-181_3-1E3.02",15.91,17,72
"17-185_1E2.02",15.44,17,73
"17-181_3-1E8.03",14.49,17,74
"17-185_1E4.02",15.06,17,75
"17-185_1E3.01",14.23,17,76
"17-185_1E3.02",14.14,17,77
"17-185_1E4.01",15.92,17,78
"17-185_1E1.02",15.44,17,79
"17-181_3-1E8.02",15.62,17,80
"17-185_1E5.02",14.32,17,81
"17-185_1E5.01",14.59,17,82
"17-185_1E2.01",15.21,17,83
"17-181_3-1E1.01",13.61,17,84
"17-181_3-1E1.02",15.77,17,85
"17-181_3-1E4.03",14.32,17,86
"17-181_3-1E6.03",14.95,17,87
"17-181_3-1E2.01",15.15,17,88
"17-181_3-1E7.02",14.47,17,89
"17-181_3-1E2.02",15.22,17,90
"17-181_3-1E4.01",14.73,17,91
"17-181_3-1E6.01",14.85,17,92
"17-181_3-1E5.01",15.87,17,93
"17-181_3-1E7.01",15.2,17,94
"17-181_3-1E4.02",14.26,17,95
"17-181_3-1E6.02",15.62,17,96
"17-181_3-1E5.02",14.81,17,97
"17-185_4E5.02",14.26,17,98
"17-185_4E5.01",15.8,17,99
"17-185_4E2.01",14.46,17,100
"17-185_4E2.02",15.53,17,101
"17-185_4E4.02",14.32,17,102
"17-185_4E3.02",15.78,17,103
"17-185_4E3.01",15.69,17,104
"17-181_3-1E2.03",15.73,17,105
"17-185_4E4.01",15.23,17,106
"17-185_4E1.02",14.24,17,107
"17-185_4E1.01",13.2,17,108
"17-184_3E1.02",14.12,17,109
"17-184_3E3.01",14.14,17,110
"17-184_3E2.02",13.98,17,111
"17-184_3E1.01",15.73,17,112
"17-184_3E4.02",15.4,17,113
"17-184_3E3.02",16.03,17,114
"17-184_3E2.01",15,17,115
"17-184_3E5.01",14.57,17,116
"17-184_3E4.01",15.77,17,117
"17-184_3E5.02",15.31,17,118
"17-180_3-2E5.02",14.44,17,119
"17-180_3-2E4.02",14.26,17,120
"17-180_3-2E6.01",14.36,17,121
"17-180_3-2E4.01",15.98,17,122
"17-180_3-2E6.02",15.41,17,123
"17-180_3-2E4.03",15.52,17,124
"17-180_3-2E5.01",15.64,17,125
"17-180_3-2E5.03",15.68,17,126
"17-180_2-2E4.01",15.26,17,128
"17-180_3-2E2.02",14.38,17,129
"17-180_3-2E1.02",15.46,17,130
"17-180_3-2E7.01",16,17,131
"17-180_3-2E2.01",14.43,17,132
"17-180_3-2E1.01",15.16,17,133
"17-180_3-2E2.03",14.97,17,134
"17-180_2-2E7.02",14.31,17,135
"17-180_2-2E7.01",15.69,17,136
"17-180_3-2E1.03",14.12,17,137
"17-180_3-2E7.03",14.81,17,138
"17-180_3-2E7.02",14.15,17,139
"17-180_2-2E1.03",14.24,17,140
"17-182_1-2E7.02",15.9,17,141
"17-180_2-2E1.02",14.99,17,142
"17-182_1-2E7.01",15.31,17,143
"17-180_2-2E2.02",16.11,17,144
"17-180_2-2E3.01",15.17,17,145
"17-180_2-2E6.03",15.59,17,146
"17-180_2-2E2.01",15.15,17,147
"17-180_2-2E5.01",15.01,17,148
"17-180_2-2E2.03",14.79,17,149
"17-180_2-2E5.03",15.98,17,150
"17-180_2-2E5.02",14.51,17,151
"17-180_2-2E6.01",14.32,17,152
"17-180_2-2E3.02",15.04,17,153
"17-180_2-2E6.02",15.64,17,154
"17-180_2-2E1.01",15.01,17,155
"17-182_1-2E2.02",15.64,17,156
"17-182_1-2E2.03",15.16,17,157
"17-182_1-2E1.01",14.06,17,158
"17-182_1-2E5.01",15.39,17,159
"17-182_1-2E2.01",15.07,17,160
"17-182_1-2E5.03",14.38,17,161
"17-182_1-2E5.02",15.1,17,162
"17-182_1-2E4.01",14.2,17,163
"17-182_1-2E3.02",15.6,17,164
"17-182_1-2E3.03",15.89,17,165
"17-182_1-2E4.02",15.2,17,166
"17-182_1-2E6.01",14.11,17,167
"17-182_1-2E7.03",14.33,17,168
"17-182_1-2E3.01",14.83,17,169
